genome_id	st	family	carbapenemase	country	study
3WCUueHWWitxF29LDcNBg1	ST3123	negative		Senegal	PRJEB29143
1RXztsojJqnvkTR9a9NXZ6	ST29	negative		Senegal	PRJEB29143
w6MPevbE8wpJfQejowGtQZ	ST39	negative		Ghana	PRJNA473419
rpT6nbbz9R8UF6yARvuEyz	ST34	negative		Nigeria	PRJNA351846
wgAdqqd6Up7MEoM7Vt6GXb	ST25	negative		Ghana	PRJEB37523
wB3Fj8XZh7JhhN3cus12eN	ST17	negative		Nigeria	PRJEB56918
fm2r9e8621BM8zH6Ly1sTk	ST39	negative		Nigeria	PRJEB29739
9RhMYsQKag5K66mFK1tD7W	ST307	negative		Nigeria	PRJEB29739
dSpqW4TtLMp5jxf16ShoPH	ST392	NDM	NDM-1	Nigeria	PRJEB29739
qGZQwxzyQbG9xv2FqV4dvb	ST307	negative		NG - Nigeria	PRJEB33565
jBvDDt7BspaLmDx9ktp1U1	ST25	negative		Ghana	PRJEB37523
hqgrhRJ5wzXsFmNFw9knve	ST73	negative		Ghana	PRJEB56918
fzMzq2HmX4xgAcvRsyQ6VR	ST1661	negative		Senegal	PRJEB29143
tPC3fHPm4cUAQydyX8S6Nx	ST5241	negative		Nigeria	PRJEB29739
xiaFujBbb97VoVyVGb2yFU	ST307	negative		Nigeria	PRJEB29739
oB3TSFz5G1nGLNfPPZjaad	ST442	negative		NG	PRJNA800729
vPFn7kLRcVDnEWpF1jWVsJ	ST281	negative		Senegal	PRJEB29143
oymroXCpnMLhvoznap35cu	ST101	negative		NG - Nigeria	PRJEB29739
dqMxqA3iXxzipcgh6L1Jez	ST15	negative		Nigeria	PRJNA351846
jD2UahaQxsHd6jRmo249J5	ST2715	negative		Senegal	PRJEB29143
vpw2ESM6jajoMQ2XEVU1uU	ST3113	negative		Nigeria	PRJEB56918
chJPYxhsbCDg8adwrZLafv	ST4263	negative		Nigeria	PRJEB56918
3ndyvGuykXzTNVihqbCEFm	ST340	negative		NG - Nigeria	PRJEB33565
vSayktwZYDYJyC8Bz6RM7t	ST15	NDM	NDM-1	Nigeria	PRJEB29739
2zgoyJTUXSoaq7L6h7QWn6	ST17	negative		NG - Nigeria	PRJEB29739
ef91Cfz9yTsJS9F1xvdgfC	ST307	negative		Nigeria	PRJEB29739
nxRWuuvbXsuD3fkU81Pka5	ST147	NDM	NDM-1	Nigeria	PRJEB27707
h8AfVHpdtjsNg5MSHMGEP2	ST1189	negative		Senegal	PRJEB29143
9sCrDmU7GUKoZJiBUQX7Ju	ST13	negative		NG - Nigeria	PRJEB33565
fP65g7jgZat9zmySmmcDEH	ST17	OXA	OXA-181	Ghana	PRJEB37523
1wxKRsWY6A8PVJRe5M9yHj	ST491	negative		Senegal	PRJEB29143
1QC6gsyR4pdPR6Arv3PofN	ST442	NDM	NDM-1	NG - Nigeria	PRJEB33565
kV8NN26gn4zMzUrVmiuv4F	ST967	negative		SN	PRJEB78995
wN3gr2Xzq26k75wUJNBtC1	ST502	negative		Nigeria	PRJEB29739
vTLBnVx7RFdfifC3vCaVvn	ST5241	negative		Nigeria	PRJEB29739
ru7Tt1Xx7t3XWW6LAU7GY6	ST420	negative		Nigeria	PRJNA351846
sw6a6rkZJH6Mb4A3jHLFfK	ST4	negative		Nigeria	PRJEB29739
4Hnraj3XgcJrSeDnYDpxAb	ST292	negative		Senegal	PRJEB29143
bL6NJqitzvkQG79RwxfPZo	ST25	OXA	OXA-181	Ghana	PRJEB56918
uH9qCLXB9HGRpSMcA5KAZK	ST6	negative		SN	PRJEB78995
gz4qmnkBjJwDq7sn2xK47Y	ST395	NDM	NDM-1	Nigeria	PRJEB27707
os9PxKsnWVQ1yaa4MF8a6c	ST25	negative		Ghana	PRJEB56918
6A7Wk1psHh9ewryZXAJyXf	ST39-1LV	negative		SN	PRJEB78995
iCV5KZtRkyPyEau49JCQkr	ST464	negative		Ghana	PRJNA473419
2H7LhawUkgSTwFeNQbsHfx	ST742-1LV	negative		Nigeria	PRJNA800729
aHqRui8jXfGrasdZ9o7RMw	ST464	NDM	NDM-7	NG - Nigeria	PRJEB33565
ajk5KRQbpVw1sMvcdSbbn1	ST17	negative		Nigeria	PRJNA351846
cLrDJaBZwCxksJns9enuHQ	ST1401	negative		Senegal	PRJEB29143
9EK6nFkQxjy3n4a8BZUhs5	ST25	negative		Ghana	PRJNA473419
opgxhkceTYBhoHePQ7i3J2	ST147	NDM	NDM-1	Nigeria	PRJEB56918
3CZfqkzSWZLhnUJapfWebH	ST964	negative		GH	PRJNA1126843
k4M3rSMsx1QNStuBYozfXJ	ST48	negative		Nigeria	PRJNA351846
17cjBXCud4W8WzY9Adcadf	ST17	OXA	OXA-181	Ghana	PRJEB37523
bgSrxKwxA6HeN1jdLNgHsG	ST281	negative		Senegal	PRJEB29143
uQyJaAJRdkvckdJnxkNQWD	ST3124	negative		Senegal	PRJEB29143
8JbGkEtkonwzJzAFhjvvPP	ST442	NDM	NDM-1	NG - Nigeria	PRJEB33565
dQaeWNGmkR27kysq26if8M	ST337	negative		Senegal	PRJEB29143
r9av7Pjq7KmtguHZVx827e	ST17	negative		SN	PRJEB78995
vJZE3Nvvtpj7S7mzx9aBLJ	ST5241	negative		Nigeria	PRJEB29739
1ZKLGKjWkBqdJjheeB9mFL	ST1263	negative		Nigeria	PRJNA351846
8YnVyxHA7nqtqzDfQdJ3mB	ST464	NDM	NDM-7	Nigeria	PRJEB39293
5Vzojp1ehDS15wUpA1k7aJ	ST1552	negative		Nigeria	PRJEB56918
hNFZHi4TzoXS9HPc1dSDA8	ST3286	negative		Senegal	PRJEB29143
pnFzwi6DT6U9P7HitW1FMj	ST15	NDM	NDM-1	Nigeria	PRJEB27707
nL2Rwd36aKVaXBMmuKchbV	ST20	negative		SN	PRJEB78995
dZfePqBBSqwaWSZP1wwyxd	ST218	negative		Ghana	PRJEB56918
aV1sM8V81ttSdPBmseMK66	ST147	negative		Nigeria	PRJNA351846
geUM1oQYdtik6Xehr3Zscf	ST3282	negative		Senegal	PRJEB29143
iatBhmBrmLiAAiLsaRp5YH	ST15	negative		Nigeria	PRJEB29739
hN9QXqRKzHjwKe8aeifrGQ	ST395	NDM	NDM-1	Nigeria	PRJEB27707
aWGoHCv91FJnnizvSsmbKE	ST45	negative		Nigeria	PRJNA351846
jpRJy2sHoCEddK5MzjPAm8	ST1119	negative		Ghana	PRJEB56918
jTcoqu2MdhH2h4g6svP51p	ST36	negative		GH	PRJNA1126843
kUP4v3dKJP9skf3bHvwXUu	ST3613	negative		Nigeria	PRJNA351846
kqYjA4z1VWxyg1LQ1akVnQ	ST101	negative		Nigeria	PRJEB29739
uc7XTeozGMpUiurZSWSuWM	ST307	negative		Nigeria	PRJNA351846
xhNWCcrWXPqL9Ru7rU3mrt	ST15	negative		Nigeria	PRJNA351846
mbBUQEkWPfbuxaRBM3VeNf	ST25	negative		Nigeria	PRJEB29739
pvabPX7NiEvSwjZkUUaUuv	ST39	negative		Ghana	PRJNA473419
dyToryGFYPUg65sMmJ5YhD	ST1263	negative		Nigeria	PRJNA351846
wTdMVFMhJBMNS9NczV2jFY	ST39	negative		NG - Nigeria	PRJEB33565
8Zy84MWZMiScmkJwsiFnyQ	ST3157	negative		Nigeria	PRJEB56918
rvGui5euCpQhNxbsBaxRQK	ST5241	negative		Nigeria	PRJEB29739
koB4JkyTa9iuBJaS6ynr2d	ST464	negative		NG	PRJNA800729
k8xYz3zN61c7cXRqG1V9mj	ST3030	negative		Senegal	PRJEB29143
gUxVpQuVi3i99x2a1hsEc7	ST1189	negative		Senegal	PRJEB29143
j62D2jwXVD9t2v2ZiXNj24	ST5241	negative		Nigeria	PRJEB29739
r22EXMLiW4Z32nTtPaYYRY	ST340	negative		NG - Nigeria	PRJEB29739
wnY8BLJvKiKJj8EKgNEMqp	ST392	NDM	NDM-1	Nigeria	PRJEB56918
hv4tdSDtdCJiL7h8Erv8Qw	ST442	NDM	NDM-1	NG - Nigeria	PRJEB33565
bJZWZD2FSBUWqM6DtiggqM	ST464	NDM	NDM-7	NG - Nigeria	PRJEB33565
xyGww7Z1sR6wErTvaU1AXk	ST4	negative		Nigeria	PRJNA351846
4mRJucNety59xcCC1tY51j	ST73	negative		Nigeria	PRJEB29739
emScuqyhFJCc1HeEFEmvuE	ST17	negative		NG - Nigeria	PRJEB29739
iBWRLXhehPKCwucq4oFFBv	ST2655	negative		Senegal	PRJEB29143
pW1Kpbr4jEfJfJpkB7udD1	ST307	negative		Nigeria	PRJEB29739
r8hvFxtWhiAbUyg1kwXsir	ST530	negative		NG - Nigeria	PRJEB33565
kdUfqfNFMSrgBoucX5xvfP	ST45	negative		NG - Nigeria	PRJEB33565
8UQhM26DjirjJRY7tk4fiJ	ST133	negative		NG - Nigeria	PRJEB33565
j9ZShn3RZeenuS7oiH6gYa	ST17	negative		Nigeria	PRJEB29739
sB3AMskB74w4RxSkWLsher	ST397	negative		Senegal	PRJEB29143
viX7qNyijfnBPd9ruFm8we	ST76	negative		NG - Nigeria	PRJEB33565
mhumFeLBiEKJ31MhCzA8vb	ST4332	negative		Ghana	PRJNA473419
5f2Wsts6UszDxa6ggD49MU	ST397	negative		Senegal	PRJEB29143
nxs8abV3G6H4G7mikPrnuF	ST219	negative		Nigeria	PRJEB29739
bS81DVrppm6u5fWTkYFQ7B	ST147	negative		Nigeria	PRJEB29739
5CNpBnF5H4n9eHHomRLzQT	ST101	negative		Nigeria	PRJEB29739
7osKw9nwAbzmFk8SAZCCVq	ST661	negative		Senegal	PRJEB29143
utzjj6oLjCnX7gZM8dEmkc	ST15	negative		Nigeria	PRJEB56918
aFmgnCiB28KNQAe6qxxKur	ST76	negative		NG - Nigeria	PRJEB33565
cocDC5PVaDCsHxNGfWc5k3	ST5248	negative		Nigeria	PRJEB29739
8kVbukWkaFEqdXzhiXoBpf	ST342	negative		NG - Nigeria	PRJEB29739
kaiogLxCJLSa245NCTkt9g	ST716	negative		Nigeria	PRJNA351846
oGSv5BjAnBd2ofvw7ZBZEz	ST17	OXA	OXA-181	Ghana	PRJEB37523
cdbaGrHDemPtw1BgydfcvJ	ST14	negative		Ghana	PRJNA473419
6Yx8hEXhsdHNMdjcnHpdXj	ST111	negative		Nigeria	PRJEB29739
hAbwaa2M11aDucG5dNcx6N	ST22	negative		Nigeria	PRJEB29739
ov8R6Jr2mE8UgaeeqheaFP	ST502-1LV	negative		SN	PRJEB78995
dgL11DroRQLtr1f55o8bTr	ST147	negative		Nigeria	PRJNA351846
kVaSn9PWDtVoXozYzBTQFk	ST147	NDM	NDM-1	Ghana	PRJEB56918
rSffqw8uKXHjTgvArFBgq7	ST392	negative		Nigeria	PRJEB29739
miwMhf78aTEavL2snrWv8o	ST17	negative		NG - Nigeria	PRJEB29739
jVsruuu8Mj75YfkzqpdtsP	ST3271	negative		Senegal	PRJEB29143
fh4M2ynawwkpe9bESyogqC	ST3293	negative		Senegal	PRJEB29143
bV4RhJMeAGN5HN3w7U73N2	ST244	NDM	NDM-1	Nigeria	PRJEB39293
vtgvqBT53v8fF46ctdA8wB	ST5241	negative		Nigeria	PRJEB29739
umyMDwpZFUJdhx8vnF28oZ	ST5243	negative		Nigeria	PRJEB29739
pchsxW6orFh8S3vDcUZoVx	ST397	negative		Senegal	PRJEB29143
aipP1e8eQesusYkxTMLP3u	ST219	OXA	OXA-48	Nigeria	PRJEB29739
jE5MBuuESAgX1U37dXCbVV	ST1658	negative		Senegal	PRJEB29143
cLnu3gj3nHHhWDddjKVqpA	ST392	negative		Nigeria	PRJEB29739
92wiTibEdTeNBpqY17uE8E	ST5239	negative		Nigeria	PRJEB29739
dAkZRDf8BnMSmHg38GM8rm	ST1788	OXA	OXA-48	Nigeria	PRJNA351846
eH94miV6WHVNfQjumX6o7R	ST5241	negative		Nigeria	PRJEB29739
mZQaeb3FczXTW5Z5S3MwVo	ST592	negative		NG - Nigeria	PRJEB33565
7hnX9PJywogzyRrzeEeVfk	ST873	negative		Nigeria	PRJNA351846
ppPWXTxt911sQikKZ64yQ2	ST5469	negative		Nigeria	PRJEB56918
4rJRoHYr5NR82wGsPzD5vn	ST502	negative		Nigeria	PRJEB29739
4Rve9vkKjgmV9RdsLuAftK	ST65	negative		GH	PRJNA906096
k6jL9xWt1Di2np5pYwysKb	ST25	negative		Nigeria	PRJEB29739
azNWjydAsZsWq5oBkJZpsG	ST348	negative		NG - Nigeria	PRJEB33565
bdwVoBzdHnEN9SvqNbikxT	ST716	negative		Nigeria	PRJNA351846
8iTG3rswnZSXfdyUnnin2P	ST25	negative		NG - Nigeria	PRJEB29739
kvBvKLVWrLzSZ2bJfyvXeG	ST1263	negative		Senegal	PRJEB29143
fs5SV1mCiSjT1fyFMjF6VZ	ST25	negative		Ghana	PRJEB37523
wzDKTANo7rKwooQZ846smZ	ST1962	negative		Senegal	PRJEB29143
cGYL9WzsyTTm9hRXfqGYGn	ST4408	negative		NG - Nigeria	PRJEB33565
iU6qbLVcAJ8i2C414QCBri	ST40	negative		NG - Nigeria	PRJEB33565
pbnK26AZXgQgjnJLjZv9wx	ST5241	negative		Nigeria	PRJEB29739
jBBWXA8udJH12wFK6SRUnY	ST234	OXA	OXA-181	SN	PRJEB78995
mU9yEWqCpyz52t5ggREiez	ST17	negative		Nigeria	PRJNA351846
deos3gCFmYQxmsgmjQDH7U	ST867	negative		SN	PRJEB78995
qSJ6YXKzWVB7Hh8TNTP9tA	ST870	negative		SN	PRJEB78995
87PJxck965L12Gh9N8vXp6	ST3260	negative		Senegal	PRJEB29143
3dikTEvbuQAXQaWLF6wGmM	ST2108	negative		Senegal	PRJEB29143
85vFfmMxAWjqo18pNuvhoz	ST395	NDM	NDM-1	Nigeria	PRJEB27707
ptHiVHjPXfRZKwpSphHw3n	ST6	negative		SN	PRJEB78995
8LLpFVCdS1PrSrLbyHVaST	ST86	negative		GH	PRJNA1126843
43FEb4GXdhp3cEAaSbWjBv	ST592	negative		NG - Nigeria	PRJEB33565
uUpNEneKmgYQtETf9ghiUv	ST39	negative		NG - Nigeria	PRJEB33565
c9h9kcdQiPzKhFFe3UtP9v	ST5243	negative		Nigeria	PRJEB29739
u1e4xLvcNu2xvy625KyC2N	ST3275	negative		Senegal	PRJEB29143
aKHZjRjNNmn3HymxZeqUxb	ST152	negative		Senegal	PRJEB29143
cLPoF1A7AnHCaibQsPz2zV	ST277	negative		Senegal	PRJEB29143
jKvEssiC3yAVNGhJtayyUD	ST17	OXA	OXA-181	Ghana	PRJEB37523
v14mp2i8gwWnMRM21sjxpA	ST17	negative		Nigeria	PRJEB29739
m2GtyCCQgQRVk91EqqtwyE	ST340	NDM	NDM-1	Nigeria	PRJEB27707
hoocsxPfXfnsg2XLutMNAK	ST4410	NDM	NDM-1	NG - Nigeria	PRJEB33565
9z1oeZUBBJAF8C3UyBvx4E	ST152	NDM+OXA	NDM-1;OXA-48	Ghana	PRJEB46496
mjYYGyn7pj1GTEgBMVbm57	ST15	negative		Nigeria	PRJEB29739
eb7Qrn3aAFtT9DavapU5Hy	ST502	negative		Senegal	PRJEB29143
2mJG6aY8YTfLy2ghLcMvcU	ST45	negative		NG - Nigeria	PRJEB33565
udYSjTG1qwdx9E8AefFSHg	ST3282	negative		Senegal	PRJEB29143
gnwExAtn8aB3Sh7bHjWrkW	ST1119	negative		NG - Nigeria	PRJEB29739
pkNR3coqAs41UDm1TjHtVx	ST342	negative		Nigeria	PRJEB29739
wGwgZmQ8x9oZcrAjjxfoDy	ST17	OXA	OXA-181	Ghana	PRJEB37523
pcrXU5kynsB1PCESpWGNH4	ST25	negative		GH	PRJNA906096
bjsEga6MiZDiitdb3bdRiH	ST429	negative		Nigeria	PRJNA351846
phs67xfBWNQemLZ4RhzKqc	ST25	negative		Nigeria	PRJEB29739
wLmNuoXQx7aJEsUNtVkqeQ	ST70	negative		Nigeria	PRJEB29739
3DKNa7b6peEvLjs1NJ8Yg9	ST45	negative		Nigeria	PRJNA351846
9FMy9xUJMnFcAwdgXVsANU	ST3688	negative		Nigeria	PRJNA351846
ckAG3EVebxB4xi7aNYvhEA	ST3071	negative		Nigeria	PRJEB29739
83GFGNxEQ55fVsFYZGs5gK	ST185	negative		NG - Nigeria	PRJEB29739
tfFNVKNbmL8cWoRQhNWp59	ST5240	negative		Nigeria	PRJEB29739
vJYckjzrYprKU3MEzNj7Fp	ST48	negative		Benin	PRJEB56918
oahhcaMCteeYDPc2GHaFxi	ST1015	negative		Senegal	PRJEB29143
gHwCs7jfA2m26zJTwoQDE1	ST3612	negative		Nigeria	PRJNA351846
6GDQioRLuUjGgXBvzJ15SN	ST307	negative		Nigeria	PRJEB29739
wSEshuFUNDgMEGBiHnLH9y	ST36	negative		Senegal	PRJEB29143
5eG887v1RUpSkjdGw8sGgS	ST152	negative		Ghana	PRJNA473419
97yZNNPPKmYM3JYMqwuMJk	ST307	OXA	OXA-48	SN	PRJEB78995
6MHXM1WJLUdmMekDndtf9o	ST234	OXA	OXA-181	SN	PRJEB78995
fvPMyr5PwYZ9hLw15vxCDJ	ST35	negative		Ghana	PRJEB56918
jKtntykrHw7dbtizkJY58n	ST5241	negative		Nigeria	PRJEB29739
2zPTZkh76qfbRoz5iw4sY1	ST252	negative		Nigeria	PRJEB56918
mxGK98nBQ8MpsZjV37SZ9z	ST1243	negative		SN	PRJEB78995
94Pknj5Nyf3QQBDqPjr6it	ST3295	negative		Senegal	PRJEB29143
qXXvn6JkA1n3XnLWZL5pXq	ST25	negative		Ghana	PRJEB37523
8Xgc52vtKZVkfHJUruR9Y2	ST25	negative		Ghana	PRJEB56918
8ZSgD6stSFnVwrq7ktKyXW	ST967	negative		Nigeria	PRJEB29739
r4AoMQg5rneJcvC4fvfkPH	ST39	negative		NG	PRJNA800729
kgF7ju1JDHCHz9o4VMNQ91	ST25	negative		Nigeria	PRJNA351846
2zmwVkNyF5VkwamG5Jafkv	ST3113	negative		Senegal	PRJEB29143
7p9Cky8RYKxpUFo3fVUd3B	ST395	NDM	NDM-1	Nigeria	PRJEB27707
p6tXQwFHWQ5v1iYXYbG3Nk	ST1035	negative		NG - Nigeria	PRJEB33565
94KiySvHMunwJLkimJxpF9	ST4	negative		NG - Nigeria	PRJEB29739
sxBhCqe6JfCuhqcVxJ64TP	ST429	negative		Nigeria	PRJNA351846
tnaMM8Jew5zJav2r6TgpGL	ST280	negative		Ghana	PRJNA473419
jmUDKLwZX2hKEkNjdsmyB4	ST242	negative		Nigeria	PRJEB29739
eHV5akLFSxPCw6DHExHqfW	ST464	NDM	NDM-7	NG - Nigeria	PRJEB33565
7LgrgfhCCcAtm1zUX8QJRr	ST147	NDM	NDM-1	Nigeria	PRJEB29739
8jXG7iH86drY6gQMgCinc4	ST15	negative		Nigeria	PRJEB29739
9LVQVQ8TSA1bP3abTZgCxt	ST5244	negative		Nigeria	PRJEB29739
4ohEiVid7BMPdopx1TBd9q	ST3337	negative		Senegal	PRJEB29143
35HdoqhevFZ7ogKPvWK6MG	ST17	OXA	OXA-181	Ghana	PRJEB37523
nfWUVQ7io1bTNgXQArzTgB	ST101	negative		Nigeria	PRJEB29739
r8kPKmfLUtjTQHXvob6CDa	ST20	NDM	NDM-1	Nigeria	PRJEB39293
x18NQidq7sicRzihob2BFF	ST25	negative		Nigeria	PRJNA351846
ahpcz4JJbo98b5GoYf9pUj	ST5246	negative		Nigeria	PRJEB29739
ey8XCQmUMpjkqHe1wfrKMu	ST147	negative		Ghana	PRJNA473419
pGFpThALdSx9WadLPUCP27	ST1419	negative		Senegal	PRJEB29143
gHRiH5GELXDMrX85tVKZ28	ST14	negative		Ghana	PRJEB56918
pBqSWqxGYCeRocDsfgh6iq	ST3339	negative		Senegal	PRJEB29143
qCbmDssgHLcBae438R5Dyc	ST395	NDM	NDM-1	Nigeria	PRJEB27707
iFAMgQEQ9r63a5vi8Ebd8V	ST48	negative		Nigeria	PRJNA351846
jTiRmR53by543rfq4UbbmC	ST25	negative		Ghana	PRJEB37523
mXmvUBJsJ3NCEFC9wtxG9K	ST45	negative		Nigeria	PRJEB56918
btUoFbd8aqxcD1n6YhpvHc	ST3286	negative		Senegal	PRJEB29143
okt9qZNhhLcsFeCFnXKnuK	ST48	negative		Nigeria	PRJNA351846
hbHdbHfoXrwNJcLBhzHvVm	ST73	negative		Nigeria	PRJNA351846
kBALZdVn7VujpzkzPa26An	ST39	negative		NG - Nigeria	PRJEB33565
tTyCjY4Csbq3fyU8svwuo4	ST17	negative		Ghana	PRJEB56918
hxXhLzorgrHxR6NnkSrdqN	ST340	negative		Nigeria	PRJEB29739
eATSxGb5iiL8KhfjiQiVPf	ST2800	negative		Senegal	PRJEB29143
axVxmWyZzm8aS1bKjVkAnL	ST716	NDM	NDM-1	Nigeria	PRJEB29739
abi1Cozq38MftZu9GoWRo8	ST17	negative		SN	PRJEB78995
34caPkcrqQNC2rujeV82s2	ST39	negative		NG - Nigeria	PRJEB33565
eRdZQySuxPmv3FVXxLg8yD	ST170	negative		NG - Nigeria	PRJEB33565
csEo9XuSMWgYBzktbKmSSj	ST307	negative		Nigeria	PRJEB29739
aeouxh2g1Te9sjQB2ycPTG	ST395	NDM	NDM-1	Nigeria	PRJEB27707
eFTqiVDFVeLz3FoRKmGuTg	ST13	negative		Nigeria	PRJNA351846
uqbGSJGG4JqDCK8bRXzBVM	ST15	negative		Nigeria	PRJEB29739
deESyp4UGZFrjXdyBnMYd4	ST147	negative		Ghana	PRJEB58695
aaFzZcsBR9xtdcU9RYjc7z	ST342	negative		Nigeria	PRJEB29739
2zMSRqAocfCJKkD9QNFy4h	ST5469	negative		Nigeria	PRJEB56918
8Btp9dTmkRESv5TD8E1XB6	ST3290	negative		Senegal	PRJEB29143
wRpqmEWMcumMfMrGJ1wxZQ	ST3281	negative		Senegal	PRJEB29143
hd8rgdPvTyBYYYUDZXhUKY	ST3277	negative		Senegal	PRJEB29143
sBY9yaGJ9Z3UehhpmLwApW	ST15	negative		Nigeria	PRJNA351846
9Cg5tSRuj3WekAkohxtNF8	ST147	negative		Nigeria	PRJEB29739
byKxLedN8hkeYPzGY9RN3e	ST25	negative		Nigeria	PRJEB29739
emc2Y8aewkeLdrXP1ErTVq	ST307	negative		Nigeria	PRJEB29739
5YcHZfCXXEbTw9xNzuwa1J	ST37	negative		Nigeria	PRJEB56918
5fgTM9Ykzy6oP5gU2VX5NY	ST395	negative		Nigeria	PRJEB27707
qnFhGhEkJsEpymtjuEuRg4	ST1658	negative		Nigeria	PRJNA351846
7ktPb5meWXzfQRweFnU2FQ	ST307	negative		Ghana	PRJNA473419
mh8QsLVSKkkUpSJ2Gqsxz6	ST15	negative		NG - Nigeria	PRJEB33565
aCn3H8dceHdJsdtEZ3b3t4	ST1922-3LV	negative		Nigeria	PRJEB56918
uEJwJQyMJ2QWaL2CKEdcYW	ST442	NDM	NDM-1	NG - Nigeria	PRJEB33565
tJvLJNL45xQFCnezmWwrq9	ST17	OXA	OXA-181	Ghana	PRJEB37523
6NgTy4avhPgFMyd7ew6qw3	ST587	negative		Nigeria	PRJNA351846
k1Abhny5Aj34cCaarEoCXn	ST1373	negative		Nigeria	PRJNA351846
fFbaU85qpMEsGYwmCyq8Ut	ST307	negative		NG - Nigeria	PRJEB29739
eHwENZHnSn65mbjtkJquHt	ST86	negative		Nigeria	PRJEB29739
1eAFffAm8xJ8pXbru3vQpd	ST17	OXA	OXA-181	Ghana	PRJEB37523
bZXch8WCLn5U1VZ58x88Hr	ST307	negative		Nigeria	PRJEB56918
knFHbBqNXxxzUbaNPwArxH	ST25	negative		Nigeria	PRJEB56918
8zoC2M3h7ckamKAjpBihyV	ST17	negative		Nigeria	PRJNA351846
8gFkefqhqjn2zNeN7LKmRW	ST39	negative		Ghana	PRJEB37523
hz5rMPrdhtpW96VDvP4ne8	ST3262	negative		Senegal	PRJEB29143
rZERGMB5Yp52Kp9vx2uP5D	ST442	negative		NG	PRJNA800729
dZyyTnDodd4XHPZiAk8kQE	ST411	negative		Senegal	PRJEB29143
wjtzE9JUA51SH7xKqraRjv	ST17	negative		Nigeria	PRJEB29739
p8SgQFDtWxd81Tv3ftnaxK	ST4566	negative		Nigeria	PRJEB29739
3M69ozjtNhRxze64xdpMpL	ST231	negative		Nigeria	PRJEB29739
edEEzeCWmw8eUUzUVioFCf	ST397	negative		Ghana	PRJNA473419
s5urbXg1iSbtHC25WfJZks	ST36	negative		Senegal	PRJEB29143
nyYYpR79VZtQcasBLdMfiW	ST1788	negative		NG - Nigeria	PRJEB29739
b18mSByJ73Zc2ni9mtXKWN	ST17	negative		Senegal	PRJEB29143
je24hCpvFs5pMLicnwhQV9	ST65	negative		Ghana	PRJEB56918
pqK3qeL4G7ZPVdSy5CjHSj	ST5241	negative		Nigeria	PRJEB29739
etKUropWVWCEFKiwWV2BBG	ST629	negative		Senegal	PRJEB29143
cGZBRpV9knuSfH1frNBE59	ST17	OXA	OXA-181	Ghana	PRJEB37523
nNQUHVVTb9zCiUFMKY1hwx	ST3118	negative		Senegal	PRJEB29143
jatWGqpAH5JvPSwEyou3qQ	ST4074	negative		NG - Nigeria	PRJEB33565
6td5bCdGNsHhzxmY5DuJpm	ST147	negative		Nigeria	PRJNA351846
7eksoQvSQJyk2soDV1M8cw	ST16	negative		Ghana	PRJNA473419
kfwfeXJbtjiTtaFgYBYKfM	ST20	negative		Nigeria	PRJNA351846
7W9Wh4jVNr3gqSKjaTTVrX	ST3280	negative		Senegal	PRJEB29143
fu2unBzGpQ9HD7HQwWeFbr	ST17	negative		Senegal	PRJEB29143
hngZ5fvGRzhg2ho5dAJvLB	ST17	OXA	OXA-181	Ghana	PRJEB37523
hnZ1ZdE6LAQiPB2GCPXSqn	ST39	negative		SN	PRJEB78995
mDqJJTmFgkFCPtdJsmaa9f	ST392	NDM	NDM-1	Nigeria	PRJEB29739
fitubmJhtjdRfHPy7SK1BH	ST5244	negative		Nigeria	PRJEB29739
3MA526pMqPnbBirPCAfuqy	ST45	negative		Nigeria	PRJNA351846
9cPaMjZBTZ8UuXxqxw8RB6	ST5245	NDM	NDM-1	Nigeria	PRJEB29739
9UbPm98MQKPEXCjhgM6XyT	ST86	negative		GH	PRJNA1126843
bAvZYPTTZB28fNDnWSoNzb	ST17	OXA	OXA-181	Ghana	PRJEB37523
44GGVE1Y8qV6RnvZ2QmjzV	ST464-1LV	NDM	NDM-7	NG - Nigeria	PRJEB33565
3FuWbd6iGPmGnVZZcGZyfs	ST147	NDM	NDM-1	Ghana	PRJEB56918
vHGvxrKSaFxeGXjF6BdbxC	ST25	negative		Nigeria	PRJNA351846
7uKY2qaZYWVBwzpDeBiFfs	ST4	NDM	NDM-1	Nigeria	PRJEB27707
8VpgMT25T3vC3CQ4msverS	ST25	negative		Nigeria	PRJEB29739
rXmjdxBcV3RiCYQcFLAVpe	ST3109	negative		Senegal	PRJEB29143
u5kvsKQqPhBxL934Cq9gcd	ST15	negative		NG - Nigeria	PRJEB29739
iZPKFzecZEFRQ8HmNDhgjo	ST86	negative		Nigeria	PRJEB29739
mkvUGFdMkBi4RkyhgK68qy	ST281	negative		Nigeria	PRJEB29739
9CCiQRuF1iiXJcym6A21J5	ST1419	negative		Senegal	PRJEB29143
7wDUQTqU6GG7ibv7DvsZXW	ST147-1LV	negative		Nigeria	PRJEB29739
8akqHeZBUgH2nDjdmxK8yD	ST1788	negative		NG	PRJNA800729
3tmGB8ktxVeLWCRwUz9d8c	ST25	negative		Nigeria	PRJNA351846
8PBMxwG1U2WaAyyVedcK11	ST540	NDM	NDM-1	Ghana	PRJEB38442
hfQYsRNWpdeZBK7B1g76BR	ST815	negative		NG - Nigeria	PRJEB33565
jj5m1fz4JbfRLGmD548WR6	ST25	negative		Ghana	PRJEB37523
kYMbynLb8HU4zrcBkbYkH9	ST3248	negative		Ghana	PRJNA473419
sAw5HbYFaHi6GVG2gyUbGW	ST307	negative		Nigeria	PRJEB29739
w5Ju2HjwAnSNu2zaZLcPe5	ST968	negative		Senegal	PRJEB29143
o7ZNphmQDDp6U23oNmT1F6	ST464	NDM	NDM-7	Nigeria	PRJEB39293
dP2G69R9JYhdUHH1QF2v2w	ST14	negative		Nigeria	PRJNA351846
iwi5npfx9osTxgTVKTk87T	ST16	negative		Nigeria	PRJNA351846
oocPAdbbXbiWBWdWg7aYuk	ST1401	negative		Senegal	PRJEB29143
ce21hb7zojMnor7zg5sWZa	ST101	negative		Nigeria	PRJEB29739
sjbJuWVDRiDDqNnEJyPAkY	ST17	OXA	OXA-181	Ghana	PRJEB37523
xdNsKsPiEWkzU1GEMC1i6m	ST1035	negative		Nigeria	PRJNA351846
jas4phQXkagxhCyPHioY9i	ST252	negative		Ghana	PRJNA473419
mRcHS7TgKD2g46yZERJDdp	ST3248	negative		NG - Nigeria	PRJEB33565
27Ru2zdMwBbPvcvNupdnRx	ST17	negative		NG - Nigeria	PRJEB33565
eR5kicJVi4tWZdTzoSQtoD	ST15	negative		Nigeria	PRJEB29739
1FuNVd4tgXsAV9NYkp4824	ST307	negative		Nigeria	PRJEB29739
c4GTL4K9vYXFBPKGyxKQ4X	ST20	NDM	NDM-1	NG - Nigeria	PRJEB33565
u7J4WButML2okadV4zrfkY	ST3268	negative		Senegal	PRJEB29143
qFjC5wtsMs7Mx9esCZwse4	ST15	negative		Ghana	PRJNA473419
kJNnXoD8vixEUPVE2DqeAz	ST1801	negative		Nigeria	PRJEB29739
7v9Nq4PcZg5wXgoxJUe8Yn	ST1658	negative		Nigeria	PRJNA351846
5D1JBtLHpQK42J1vJ8DXSP	ST8	negative		Nigeria	PRJNA351846
kzMniy1Ghag8qUvFLaDQKa	ST3108	negative		Senegal	PRJEB29143
tz3KKQTzSeRctTL127zPKF	ST17	OXA	OXA-181	Ghana	PRJEB37523
82eR6GZey3tNBaqHGtxGzw	ST17	OXA	OXA-181	Ghana	PRJEB37523
8bSGN5wekQSzMu67jP73ZP	ST307	negative		Nigeria	PRJEB56918
tG6acDHGobY51suiQSFBKX	ST17	OXA	OXA-181	Ghana	PRJEB37523
mZ82Nevx73s1WDbcNDRULC	ST147	NDM	NDM-1	Nigeria	PRJEB27707
k9JCAPMxurzSKXmtzZYL5T	ST17	OXA	OXA-181	Ghana	PRJEB37523
vGtJVDvJbXimrzWLDFZdXQ	ST70	negative		Ghana	PRJNA473419
tRwz3rgZ949fz2WZhyGu7T	ST2457-1LV	negative		Nigeria	PRJEB56918
tCDM3F6zSTTBUgKunyb8sH	ST17	negative		Nigeria	PRJEB29739
2Zgx7whbCctjN9tBdvUggB	ST2729	negative		Nigeria	PRJEB56918
d9CdBxjfAoMmmG61oZuuKN	ST12	negative		Nigeria	PRJNA351846
xpuYKKN33xUwEFEHcYNxrv	ST4410	NDM	NDM-1	NG - Nigeria	PRJEB33565
gWctNQwWhVx3SHvoycbz5o	ST17	OXA	OXA-181	Ghana	PRJEB37523
mrbKzGk1dyjdEhyvwp9UH5	ST6337	negative		Nigeria	PRJEB56918
vPnNvNW6p1ALprg57MTF4k	ST17	OXA	OXA-181	Ghana	PRJEB37523
3A34G7y3D2ARzcjgdhtEqr	ST1962	negative		Senegal	PRJEB29143
ep4NAxRxYEM4xd8FEHYC6d	ST17	OXA	OXA-181	Ghana	PRJEB37523
2HLjQ9mr1jyR9L4XFAeF9E	ST152	negative		Senegal	PRJEB29143
fstHdZDYbS5mHrCxcBxm1p	ST12	negative		Nigeria	PRJNA351846
cn2BAN2ymgY9j4cHSULQco	ST307	negative		Nigeria	PRJEB29739
65GXWu7971WMZfcK6f2yRL	ST17	OXA	OXA-181	Ghana	PRJEB37523
1X3RHR1R9T3bHHmdytUUzm	ST15	NDM	NDM-1	Nigeria	PRJEB27707
o27LtUbbnM7sAbWc5HMNwp	ST1662	negative		Senegal	PRJEB29143
3ETZnCVSXG1XhYMeJg44uh	ST15	negative		Nigeria	PRJEB29739
96cksz4WjidZG4XXudpBGN	ST716	negative		Nigeria	PRJNA351846
saQY2KcQvxx3dmBCmfJKbA	ST340	OXA	OXA-181	Nigeria	PRJEB29739
4CEinHPjbqftRKokEeVUgV	ST15-1LV	negative		SN	PRJEB78995
6mvRGZipdvWcmDtzSe6mMc	ST147	NDM	NDM-1	Nigeria	PRJEB27707
9LPpTDMF2gYTgpLoGeYXV2	ST502	negative		Nigeria	PRJEB29739
vkdwdm7JH34D88Q6BcT7eq	ST464	NDM	NDM-7	Nigeria	PRJEB39293
1c7a62n9V8BQPaEkvjMDc4	ST12	negative		Nigeria	PRJNA351846
vcDCfmYBJncwYdGQG2mpfR	ST25	negative		NG - Nigeria	PRJEB29739
iwr1hdHsuVcU4yvsihvFMj	ST340	negative		Nigeria	PRJEB29739
jhNV3ZPRuaxd87WdMV1a1B	ST307	negative		Nigeria	PRJEB29739
mhDuTKMYCV1V842nethQWY	ST11	negative		Nigeria	PRJEB29739
5wTxRTqNZjtEuvGGj4Mx5Y	ST307	negative		Ghana	PRJNA473419
p3uE7VsE14c6D5LHnqXS1M	ST442	NDM	NDM-1	NG - Nigeria	PRJEB33565
fFWpeg8oUzsKkkvSLF3V9L	ST70	negative		Ghana	PRJEB56918
uL3CKBQ4ihoSFt3qZssevL	ST147	negative		Nigeria	PRJEB56918
4vecoti19U8QYh9yiWeTgo	ST25	negative		Ghana	PRJEB37523
fqWJ9K2QRMJH8qE2eUujtf	ST464	NDM	NDM-7	NG - Nigeria	PRJEB33565
oSeqP5cRrnXMcfoxkK8tBH	ST342	negative		NG - Nigeria	PRJEB29739
85P8Lz6iBLgADQsNbQj49m	ST215	negative		Nigeria	PRJEB56918
sGGgYrWZsF3yCUZpU2GhEW	ST45	negative		Nigeria	PRJNA351846
wCwAFpJj3FF7zouFf7cV13	ST48	negative		Nigeria	PRJNA351846
ci5L8cj5N8sZma9eJaXag5	ST3294	negative		Senegal	PRJEB29143
gfuP6GHjDZQ8BgLZEcDuXt	ST17	OXA	OXA-181	Ghana	PRJEB37523
pbk2WX17WrWWJNqoAEyhm9	ST147	NDM	NDM-1	Nigeria	PRJEB27707
2NgpXYhueejuSuTAZyHPeh	ST25	negative		NG - Nigeria	PRJEB29739
dj8cNasQccRhPLsXQLMzjz	ST20	NDM	NDM-1	NG - Nigeria	PRJEB33565
obEJj5XuFzXAkKQ79jF21X	ST48	negative		Ghana	PRJNA473419
57nUkCKDPaeekz89J7aebq	ST3283	negative		Senegal	PRJEB29143
kQbFftPeNydrTFLKm1gTh7	ST464	NDM	NDM-7	NG - Nigeria	PRJEB33565
fhgmyF2yUq7AWaDrvx7pma	ST11	negative		Nigeria	PRJEB29739
7TqRpehZ2qcivjv7zqcvTp	ST76	negative		NG - Nigeria	PRJEB33565
vPwBSvhKtWDxodfhjCnXmP	ST307	negative		Nigeria	PRJEB56918
jPBM7SVA1a7tG9wqKzPojF	ST48	negative		Nigeria	PRJNA351846
ryJoVzNXJBEpGiXoCUBbzD	ST1303	negative		Senegal	PRJEB29143
1a2iUfdSziZ4bAcFoFiyba	ST111	negative		Nigeria	PRJEB56918
56rtBCLAfwhp1Mc8VrFiSU	ST5241	negative		Nigeria	PRJEB29739
9aiHzthWfG36nY5FfEZgt5	ST25	negative		Ghana	PRJEB37523
tTtLMUXkFaaF2sdixGjgda	ST101	negative		Nigeria	PRJNA351846
bxRyRAsmc1ZnVJrXNYtSzs	ST108	negative		Nigeria	PRJNA351846
dzY5QotexRbxt2v6A8kejo	ST504	negative		Senegal	PRJEB29143
iby3wEYc9KeyTJd87zTnVv	ST2159	negative		GH	PRJNA906096
wUVBBmrNkX5ZbJQDo53r4F	ST15	negative		NG - Nigeria	PRJEB29739
xnrt1fvSQyjy6gwiDTPA2u	ST234	OXA	OXA-181	SN	PRJEB78995
wBsYnQ5pxWiCw9S5y5GFKb	ST964	negative		Nigeria	PRJEB56918
iry46BEny3LZM3U4XPWx8a	ST3287	negative		Senegal	PRJEB29143
7j2nkQAgfkTrfc46osTtuW	ST1087	negative		Senegal	PRJEB29143
9ZPqEpyvM7PSSoLwHHc7rT	ST336	negative		Ghana	PRJNA473419
eCM2uKJm1Rvj2HdoVyeWSW	ST3258	negative		Senegal	PRJEB29143
oPJnj2ekm9kUCNXgLdtzbP	ST4	negative		Nigeria	PRJEB29739
tsvXV4uJf6PCRLXXJqesZr	ST1666	negative		Senegal	PRJEB29143
21ZLrXeeHyHuywWtJokdwu	ST5241	negative		Nigeria	PRJEB29739
wEaCTewaPHHud6H82H5S4P	ST14	negative		Ghana	PRJNA473419
rq2cfjS6BAaV3WXFujUqVi	ST147	NDM	NDM-1	Nigeria	PRJEB27707
fvPvDLDTbv9MXXid3Zwz1i	ST464	NDM	NDM-7	NG - Nigeria	PRJEB33565
aamPQGKaDvqCKgnosBKWZM	ST3687	negative		Nigeria	PRJNA351846
oKpzouhqV9EMw2cBQFoTea	ST307	negative		Nigeria	PRJEB29739
6UmGxRCHX4KJH5mnLTkHCQ	ST307	negative		NG - Nigeria	PRJEB33565
4h4NT5tASN8UP1dyqRDtMQ	ST3261	negative		Senegal	PRJEB29143
pbakVCetQtCKuteTnFQt5f	ST3116	negative		Senegal	PRJEB29143
iMG8H4Co69RHQYk1sNSRfJ	ST133	negative		NG - Nigeria	PRJEB33565
kwFfuopSUkAHHfF5viRbLn	ST13	negative		Senegal	PRJEB29143
nKztEJxaQRFH8q7CjZuMPR	ST147	negative		Ghana	PRJEB58695
mqJ6wVvYaSXMY6adcBANCp	ST18	negative		Ghana	PRJEB58695
pxzvtyf3M2fbPCQVXbFgtW	ST225	negative		Senegal	PRJEB29143
bbHjmhHU6Pj3HNf8irc8vE	ST22	negative		Cameroon	PRJEB58695
odMkneuyvBekXi3t5gd65n	ST17	OXA	OXA-181	Ghana	PRJEB37523
g8rdjWUAm2LL6rJJG5ZTf3	ST429	negative		Nigeria	PRJNA351846
in1AN9CPk4tMGdvygfSXWw	ST45	negative		Senegal	PRJEB29143
9pTFk2Q553efjZBE6rP2iq	ST248	negative		GH	PRJNA1126843
1giVL9n6jnoY6zzeySmeSr	ST18	negative		Ghana	PRJEB58695
3Y7gynbx2o4aKcDkKys25x	ST43	negative		Nigeria	PRJEB56918
rvmkKyu1SvuhNSPf1h2J5m	ST831	negative		Nigeria	PRJNA351846
7WnDm43QrjNec8vtWHPf7M	ST4	negative		Nigeria	PRJNA351846
4mp1yaqsPNm9uZkL9czRdK	ST377	NDM	NDM-1	NG - Nigeria	PRJEB33565
oB4cB8RSV8ofjFjJBLLXVj	ST5242	negative		Nigeria	PRJEB29739
hdJoa1YA1B7mvkzuzMLcYi	ST43	NDM	NDM-1	Nigeria	PRJEB29739
henhQq47DRAjYrmkCVsKCV	ST530	negative		Nigeria	PRJNA351846
uhxVFMVtnDEK915m5ssmj8	ST3341	negative		Senegal	PRJEB29143
iMLULs49BoiE2u7Tx6voK5	ST3338	negative		Senegal	PRJEB29143
mVQsapn1bgGpHbYNDGgQ2F	ST48	negative		Nigeria	PRJNA351846
rQAC9uaqCQymXUxiu4nCbw	ST3157	negative		Senegal	PRJEB29143
7K7X7kT9JLVHLYBf49wCrZ	ST964	negative		GH	PRJNA1126843
gLNzBYyV8st6sWjPyPhU9a	ST147	negative		Ghana	PRJEB58695
n88HMJpDkkCZSdT8jyMHPv	ST307	negative		NG - Nigeria	PRJEB29739
sqcCF27u2Jk2Ts9AhftTbT	ST101	negative		NG - Nigeria	PRJEB29739
aHCoEKTpfBd4z7hFqkjynA	ST514	negative		Senegal	PRJEB29143
a3jRseYa9Hb5Bmt2GmFMww	ST3297	negative		Senegal	PRJEB29143
rD3YSY9RHtK82EVsqADyd3	ST147	negative		Nigeria	PRJEB56918
vwqte6pbD3kh7mfEzLFxWh	ST716	negative		Nigeria	PRJNA351846
vD7DP7MSiKLCFChzFi9k4d	ST392	OXA	OXA-48	SN	PRJEB78995
rws57o7sLQkpt9evDWMvdv	ST443	negative		Senegal	PRJEB29143
6osF4xvGWgnyHoxMuxoDon	ST17	OXA	OXA-181	Ghana	PRJEB37523
kmLw1MA31sJ5vV4LmNnd97	ST86	negative		Ghana	PRJEB56918
kYpJkJhU9K19EBkXL3AknW	ST4410	NDM	NDM-1	NG - Nigeria	PRJEB33565
nanSgc31C6YiaJwjhG7znD	ST502	negative		NG - Nigeria	PRJEB29739
dWYEoHDKeqzX8wfTZUcQgU	ST17	negative		Senegal	PRJEB29143
oDFqoJXXZ81zPqaoNhVE5T	ST17	OXA	OXA-181	Ghana	PRJEB37523
38EhiTUsV53CgpEmxhMfb3	ST3267	negative		Senegal	PRJEB29143
g81Vzmtwb5xGbWJGsihxa8	ST39	negative		Senegal	PRJEB29143
wKyxRrzd6s8XXDwpq4f6Ue	ST249	negative		Senegal	PRJEB29143
5HDYNgA78QsL5YqK9KNQfa	ST17	OXA	OXA-181	Ghana	PRJEB37523
wozRdyq36eTDcd11qo7qFd	ST111	negative		Senegal	PRJEB29143
jTfSN5GgDbYyf6cCjXrfc9	ST530	NDM	NDM-5	Nigeria	PRJEB29739
vc96La2inKC8EGjWVdn1JA	ST25	negative		Nigeria	PRJNA351846
gYuyXa9wDFdJ7wYo5JU7W7	ST464	negative		NG	PRJNA800729
rH4HKQKMAjf9Xmi4wyu5E7	ST36	negative		Senegal	PRJEB29143
hS3E85jgMkxLjxWH5aZooS	ST4	negative		Nigeria	PRJEB29739
xjLQK2fYg9Ukdtozg4Sp7F	ST1886	negative		Senegal	PRJEB29143
3AYPL1eoPCAFhjikjJtcNG	ST37	negative		Senegal	PRJEB29143
8ybhuB6zFo6L8KJnHV6bzJ	ST48	negative		NG - Nigeria	PRJEB33565
5DPLDNgVqAUYMxUBNnpX8d	ST395	NDM	NDM-1	NG - Nigeria	PRJEB33565
dsDG3ZSWiJrxk62Cu9pfMV	ST37	negative		SN	PRJEB78995
9WgXfV9ohbX114RJ1XEZYn	ST5244	negative		NG - Nigeria	PRJEB29739
mK9drvor3FCJz3m45cgZ9F	ST65	negative		Ghana	PRJEB56918
1dD6dr1Xx318F5sMym8mPK	ST392	negative		Nigeria	PRJEB29739
c7BPuXQTy5V3bPRc263poc	ST307	negative		Nigeria	PRJEB29739
eMHFZzFv6jFJNsLQGdPAph	ST307	negative		Nigeria	PRJEB29739
vMANRNokQGFTwxTbb1sDjg	ST392	negative		Nigeria	PRJEB29739
tKWU41iH2r9hDFNqMo9xbA	ST39	negative		NG - Nigeria	PRJEB33565
2y22DkeAoh6baAXP63VZ73	ST25	negative		Ghana	PRJEB37523
a6jMNgedDsnr896tvEX8rG	ST307	negative		Nigeria	PRJEB29739
js2XkEcLLtJFqcTM647gMS	ST405	negative		Nigeria	PRJNA351846
dY98fxa1J8N6hj2A3dZSW1	ST15	negative		Nigeria	PRJEB29739
i9Zyqzf9zeWVTVeChLW2gK	ST15	negative		Nigeria	PRJEB29739
r3dEtv2UKyaUSEhVKQAE3a	ST48	negative		Nigeria	PRJNA351846
avsR3aoHWpKrxHtbuQJNE3	ST86	negative		GH	PRJNA906096
fkfw6v8V5L9fpaVQcDcdgq	ST1788	negative		Nigeria	PRJNA351846
nBu5iKHZw6KcKiVff7Mo42	ST147	negative		Nigeria	PRJEB56918
pUYpyHTa6mLcXXTvmu17cj	ST277	negative		Ghana	PRJEB56918
3u2M4bP8E8FEtts9NL8zwh	ST48	negative		Nigeria	PRJNA351846
1iGatNMGEwozrc3CjTqTTQ	ST15	negative		Nigeria	PRJEB29739
8FYWd8LThvZ9Y6Zyieybuu	ST15	negative		Ghana	PRJEB56918
bBHa1P5WFEGbN4QvntczMf	ST39	negative		NG	PRJNA800729
8vAtrMRq8rShG8498C3APo	ST307	negative		Nigeria	PRJEB29739
rw2FnQ9Nw47SuVPECecaxS	ST395	NDM	NDM-1	NG - Nigeria	PRJEB33565
bDNoj7CmbDi3YdUm9rnnHv	ST17	OXA	OXA-181	Ghana	PRJEB37523
gQ4RZhU2Fq2NHHHt1X3xxs	ST442	NDM	NDM-1	NG - Nigeria	PRJEB33565
tSegnv1aExMCpKgLcipTWc	ST5247	negative		Nigeria	PRJEB29739
cZL9YucYxMRgRYSKqHAkf9	ST231	negative		Nigeria	PRJNA351846
oHcLQJA47C4uM2MstCcNZs	ST307	negative		Ghana	PRJNA473419
p1V1vBbEzcSCkdctSoxGvv	ST86	negative		GH	PRJNA906096
7a1ykxskJv1qapxJNywMed	ST1418	negative		Nigeria	PRJNA351846
mEG2yitB17xAx7RyB2TzFe	ST788	negative		Senegal	PRJEB29143
n2CUoGTd9tVyrfiBT4ETed	ST147	negative		Ghana	PRJEB58695
6aL7vq4KJdTV79PSuj1GVz	ST3273	negative		Senegal	PRJEB29143
rxVfJKht4cLS5bLKSJDCKR	ST17	OXA	OXA-181	Ghana	PRJEB37523
jvQjgseJhm24Wn9LABXPvi	ST14	negative		Nigeria	PRJNA351846
ddfGdB7UXRCGALkKxmFaLN	ST403	negative		NG - Nigeria	PRJEB29739
hcU92hFmNNiurjLw162jVV	ST151	negative		Senegal	PRJEB29143
9JRe5HbixsAja9CCPWngkQ	ST307	negative		Nigeria	PRJNA351846
tezudZ1n1Gw9XUJ9TSWAi3	ST45	negative		Ghana	PRJNA473419
fBGYQSGSRgUXkxAfUzEgjM	ST25	negative		Nigeria	PRJNA351846
nM1MnsiU3sBdJUL3nWp3ka	ST584	negative		SN	PRJEB78995
2BhSj3cMz4594YSASwtxkL	ST16	negative		Nigeria	PRJNA351846
faypdcoEdQ83fxa2afSAzK	ST37	negative		Senegal	PRJEB29143
ejSuDDKNELtXastMKdP4Gn	ST742-1LV	negative		Nigeria	PRJNA800729
e5mdCN625ogAAYe5GmcRV7	ST307	negative		NG - Nigeria	PRJEB29739
pgkxyugKU2zuw5sikZPgng	ST1119	negative		Senegal	PRJEB29143
xgpU71frMpZk9hN4NX7dRs	ST340	negative		Nigeria	PRJEB29739
jHHRPhXLii1thENvb2beLw	ST101	negative		NG - Nigeria	PRJEB29739
eg8oUWgBXJvf811JNgE1hX	ST528	negative		Senegal	PRJEB29143
sEcKy31N8HPrfyASy8cmMa	ST48	OXA	OXA-181	Ghana	PRJEB37523
9Uhc2FSEo32fmMFRJYhcUU	ST73	negative		NG - Nigeria	PRJEB33565
tnDHfYfwy9D5yExRP7cXYM	ST530	NDM	NDM-5	Nigeria	PRJEB29739
hW2fuA7K2os5f23Tb3Me4V	ST1801	negative		Nigeria	PRJEB29739
8NV8QKADQ1BfixSmgJy7Uc	ST12	negative		Nigeria	PRJNA351846
jBWJnZFCPoUasGYswoHSLE	ST307	negative		NG - Nigeria	PRJEB29739
46UxQkGvaUxFbWw1rB64GG	ST39	NDM	NDM-7	Nigeria	PRJEB39293
uvEkq8mRRQPLumxuH3dDwK	ST985	negative		NG - Nigeria	PRJEB33565
58aMnX4kKX9ABNVDDPNY9Z	ST1049	negative		Senegal	PRJEB29143
wWnFWWZgQSRdZXLHG7jxP7	ST39	negative		Nigeria	PRJNA351846
bquu8zBfyYvHZZL78qD6tj	ST17	negative		Nigeria	PRJNA351846
8VXzR8XaRRP1JhFB24qeEc	ST101	negative		Nigeria	PRJEB56918
kqeLJxAzwr882v6QkeP2k1	ST17	negative		Nigeria	PRJNA351846
w5D7sGqDTbHY3uzAgdVS9g	ST147	negative		NG - Nigeria	PRJEB29739
dsMn34yULN54GxBEgXT361	ST5243	negative		Nigeria	PRJEB29739
aHQ3Jixe7VnXW3ieupEnPf	ST11	NDM	NDM-5	NG - Nigeria	PRJEB33565
x3LoLQefs6Bsf7wC8SHqPC	ST307	NDM	NDM-1	Nigeria	PRJEB29739
uE5yuLRjxRh8HEaZzJ8qyu	ST13	negative		SN	PRJEB78995
spa5BonHmewtQxFfRGzo3Z	ST20	NDM	NDM-1	NG - Nigeria	PRJEB33565
9sE5qy5xqsGY2xaodzMopi	ST147	negative		NG - Nigeria	PRJEB29739
3AJK3c5jFBmgxDy2gChsW6	ST5240	negative		Nigeria	PRJEB56918
bzCc3Xerf8PwGcW2vKZFtx	ST5241	negative		Nigeria	PRJEB29739
pDiV8Gt7SwFFgreytfi7Hs	ST101	negative		Nigeria	PRJNA351846
azq911uyDWwcXBStdjpCVW	ST5241	negative		Nigeria	PRJEB29739
xguuWbXG7xoxRmrunrFe1U	ST3613	negative		Nigeria	PRJNA351846
xaMyne9sa6U6DnZNNRE8F6	ST17	OXA	OXA-181	Ghana	PRJEB37523
d7R2MQLB35hj2Ej9upd6M1	ST39	negative		Cameroon	PRJEB58695
i3xxvB6hAz3pnsd5StVfSj	ST3278	negative		Senegal	PRJEB29143
dJStMMFAC2bmA8Scq4nvtK	ST867	negative		Senegal	PRJEB29143
wT6WCsfjiMQNCCZwBv3VpS	ST2141	negative		Senegal	PRJEB29143
7aR3p2hMP7yySU3AEsfjTf	ST1801	negative		Nigeria	PRJEB29739
6oNoQHjmb7nLnwfFmS5698	ST3340	negative		Senegal	PRJEB29143
j65sj7HHAym69X7cTXkdAB	ST3111	negative		Senegal	PRJEB29143
e2FN2dMA7TPmZQ8fRP7V1j	ST45	negative		Nigeria	PRJNA351846
iNE6FvQH4fXR8XwrPTUzfh	ST464	NDM	NDM-7	NG - Nigeria	PRJEB33565
