comparison	gene	n_positive_with	n_positive	n_reference_with	n_reference	pct_positive	pct_reference	crude_or	crude_p	cmh_or	cmh_p	n_strata	crude_q	cmh_q
any	CTX-M-15	93	99	245	458	93.9	53.5	13.48	3.083520544970721e-16	8.17	0.0005013021058096036	9	1.3019308967654154e-15	0.0017317709109786307
any	LAP-2	2	99	28	458	2.0	6.1	0.32	0.13880081834187688	0.1	1.834879309719653e-05	9	0.21363699004568956	7.747268196594089e-05
any	Mrx	22	99	38	458	22.2	8.3	3.16	0.00022487569955887259	2.39	0.1171701380607727	9	0.0005340797864523223	0.2226232623154681
any	OXA-1	48	99	148	458	48.5	32.3	1.97	0.0035421876400023233	1.23	0.5133868988276795	9	0.00791783119529931	0.687718019350183
any	SCO-1	1	99	21	458	1.0	4.6	0.21	0.15025100903371988	0.43	0.5882569761664875	9	0.21363699004568956	0.7451255031442175
any	SHV-12	1	99	9	458	1.0	2.0	0.51	1.0	0.33	0.4328531773059988	9	1.0	0.6326315668318444
any	aac(3)-IIa	38	99	215	458	38.4	46.9	0.7	0.14767027521878462	0.63	0.11198394765986856	9	0.21363699004568956	0.2226232623154681
any	aac(3)-IId	30	99	16	458	30.3	3.5	12.01	5.6022345858217567e-14	6.89	0.00017899716436560654	9	2.1288491426122674e-13	0.0006801892245893048
any	aac(6')-Ib-cr	50	99	158	458	50.5	34.5	1.94	0.004014333332549539	1.08	0.8873970916671405	9	0.008474703702049027	0.9366969300930928
any	aadA	10	99	50	458	10.1	10.9	0.92	1.0	0.67	0.6860818176269199	9	1.0	0.8147221584319674
any	aadA1	0	99	15	458	0.0	3.3	0.0	0.08546452323191711	0.0	0.2687740394677928	9	0.14120225577447174	0.4255588958240053
any	aadA16	2	99	9	458	2.0	2.0	1.03	1.0	0.83	0.7201187928171523	9	1.0	0.8292277008197512
any	aadA2	58	99	33	458	58.6	7.2	18.22	1.243951588099018e-28	17.59	1.6459221553032014e-15	9	2.3635080173881345e-27	2.0848347300507217e-14
any	aph(3')-VI	28	99	0	458	28.3	0.0	inf	2.8582238317135926e-23	inf	5.100588636960476e-16	9	2.1722501121023303e-22	9.691118410224904e-15
any	aph3-Ia	28	99	46	458	28.3	10.0	3.53	1.0555780061891095e-05	0.9	0.975945089145682	9	2.865140302513297e-05	0.975945089145682
any	armA	26	99	3	458	26.3	0.7	54.02	3.6495830997070665e-18	79.22	2.9534556334907866e-12	9	1.7335519723608565e-17	1.8705219012108314e-11
any	arr-3	7	99	12	458	7.1	2.6	2.83	0.05862667527137139	1.88	0.31263713986941766	9	0.1054840927964587	0.47520845260151484
any	catA1	10	99	55	458	10.1	12.0	0.82	0.7301807119272805	0.5	0.05285342860179666	9	0.8408141531283836	0.12552689292926708
any	catII.2	23	99	78	458	23.2	17.0	1.47	0.15179470345351628	1.23	0.7677986134091905	9	0.21363699004568956	0.8581278620455659
any	dfrA1	10	99	23	458	10.1	5.0	2.13	0.06106973793479188	0.72	0.9416226501224502	9	0.1054840927964587	0.9670719109365704
any	dfrA12	59	99	19	458	59.6	4.1	34.08	3.728683140534319e-36	24.01	5.6852929533774535e-18	9	1.4168995934030412e-34	2.1604113222834322e-16
any	dfrA14	42	99	166	458	42.4	36.2	1.3	0.25400546326412976	1.64	0.1807914557486916	9	0.3217402534678977	0.31408715173648794
any	dfrA15	11	99	76	458	11.1	16.6	0.63	0.22137306732971035	0.3	0.002189132464822404	9	0.2900750537423791	0.006399002589480873
any	dfrA27	2	99	12	458	2.0	2.6	0.77	1.0	0.47	0.609571130905739	9	1.0	0.7472162249812285
any	mphA	23	99	39	458	23.2	8.5	3.25	0.0001300949226573084	2.47	0.09381610941100255	9	0.00032957380406518124	0.19805623097878314
any	mphE	30	99	3	458	30.3	0.7	65.94	1.8467166094737414e-21	103.39	2.9150923726682476e-15	9	1.0025033022857454e-20	2.215470203227868e-14
any	msrE	30	99	3	458	30.3	0.7	65.94	1.8467166094737414e-21	103.39	2.9150923726682476e-15	9	1.0025033022857454e-20	2.215470203227868e-14
any	qnrB1	17	99	86	458	17.2	18.8	0.9	0.7765825039899809	1.36	0.5248374358198764	9	0.8679451515182139	0.687718019350183
any	qnrB2	10	99	16	458	10.1	3.5	3.1	0.014169863491726324	5.21	0.06635315193143781	9	0.026922740634280018	0.14831881019968454
any	qnrS1	50	99	76	458	50.5	16.6	5.13	9.163341862651378e-12	1.42	0.47622584432873627	9	3.165518098006839e-11	0.6702437809071102
any	rmtB	28	99	0	458	28.3	0.0	inf	2.8582238317135926e-23	inf	7.739307472435144e-08	9	2.1722501121023303e-22	3.676171049406693e-07
any	strA	54	99	229	458	54.5	50.0	1.2	0.43892695740732957	0.61	0.237100088363617	9	0.5380394961767265	0.3917305807746716
any	strB	55	99	220	458	55.6	48.0	1.35	0.18481099705189435	0.88	0.8638881213627885	9	0.25081492457042803	0.9366969300930928
any	sul1	53	99	131	458	53.5	28.6	2.88	3.4361339548029476e-06	1.66	0.04486805968009732	9	1.004408386788554e-05	0.11366575118957988
any	sul2	52	99	255	458	52.5	55.7	0.88	0.5791485201247504	0.56	0.18183992995270354	9	0.6877388676481411	0.31408715173648794
any	tet(A)	58	99	120	458	58.6	26.2	3.98	2.175014139594532e-09	1.92	0.032324785430976256	9	6.887544775382685e-09	0.08773870331264984
any	tet(D)	12	99	115	458	12.1	25.1	0.41	0.005227911538933403	0.31	0.001120904173187873	9	0.010455823077866806	0.0035495298817615974
any	tet(G)	28	99	0	458	28.3	0.0	inf	2.8582238317135926e-23	inf	7.739307472435144e-08	9	2.1722501121023303e-22	3.676171049406693e-07
NDM	CTX-M-15	54	60	245	458	90.0	53.5	7.82	1.0096009370711703e-08	6.97	0.0018618877389815838	9	4.5432042168202664e-08	0.008378494825417127
NDM	LAP-2	1	60	28	458	1.7	6.1	0.26	0.23298819613963911	0.0	0.26139397953201804	9	0.34137222383886795	0.4952728033238237
NDM	Mrx	4	60	38	458	6.7	8.3	0.79	0.8052951914438687	0.34	0.5249217609835639	9	0.8785038452114932	0.7896489508427812
NDM	OXA-1	40	60	148	458	66.7	32.3	4.19	5.492140047571292e-07	3.18	0.006715813620087588	9	2.196856019028517e-06	0.026863254480350353
NDM	SCO-1	1	60	21	458	1.7	4.6	0.35	0.49575675813460285	0.48	0.6899221194929677	9	0.6374015461730609	0.8628451051028974
NDM	SHV-12	1	60	9	458	1.7	2.0	0.85	1.0	0.86	0.16832123833746399	9	1.0	0.40397097200991355
NDM	aac(3)-IIa	32	60	215	458	53.3	46.9	1.29	0.4099014629066754	1.23	0.7654209458031231	9	0.5465352838755672	0.879329535613591
NDM	aac(3)-IId	6	60	16	458	10.0	3.5	3.07	0.031715368386138774	2.1	0.5264326338951875	9	0.07135957886881224	0.7896489508427812
NDM	aac(6')-Ib-cr	41	60	158	458	68.3	34.5	4.1	8.152966869656403e-07	2.84	0.018396768173197332	9	2.935068073076305e-06	0.06622836542351039
NDM	aadA	10	60	50	458	16.7	10.9	1.63	0.19842626242006783	0.9	0.9047403466270162	9	0.31062673610966857	0.9211758011115924
NDM	aadA1	0	60	15	458	0.0	3.3	0.0	0.23706404433254719	0.0	0.10068338306096473	9	0.34137222383886795	0.25890012787105215
NDM	aadA16	2	60	9	458	3.3	2.0	1.72	0.3704571226559476	2.9	0.852656602066183	9	0.5129406313697736	0.9101352717635243
NDM	aadA2	31	60	33	458	51.7	7.2	13.77	3.9545568299083917e-16	22.32	2.53541951967125e-11	9	2.372734097945035e-15	1.52125171180275e-10
NDM	aph(3')-VI	27	60	0	458	45.0	0.0	inf	9.86318016810557e-29	inf	9.06028449951846e-17	9	1.4943089854964326e-27	3.2617024198266455e-15
NDM	aph3-Ia	2	60	46	458	3.3	10.0	0.31	0.10101317496231174	0.59	0.6950696679995562	9	0.191393384139117	0.8628451051028974
NDM	armA	25	60	3	458	41.7	0.7	108.33	5.325118669249409e-23	110.76	6.744253627177575e-13	9	4.792606802324467e-22	4.855862611567854e-12
NDM	arr-3	7	60	12	458	11.7	2.6	4.91	0.0032592601962636593	3.22	0.05572225283117217	9	0.008380954790392267	0.1671667584935165
NDM	catA1	6	60	55	458	10.0	12.0	0.81	0.8316134369754984	0.83	0.9211758011115924	9	0.8805318744446453	0.9211758011115924
NDM	catII.2	8	60	78	458	13.3	17.0	0.75	0.581131808219663	0.42	0.254941558637826	9	0.7214050033071678	0.4952728033238237
NDM	dfrA1	10	60	23	458	16.7	5.0	3.78	0.00225205300782855	0.78	0.8595722011099951	9	0.006236454483217523	0.9101352717635243
NDM	dfrA12	32	60	19	458	53.3	4.1	26.41	1.6006854455715397e-21	38.31	1.2357037723356876e-13	9	1.1524935208115086e-20	1.112133395102119e-12
NDM	dfrA14	16	60	166	458	26.7	36.2	0.64	0.15326482664996105	0.77	0.6833649039768661	9	0.2627397028285047	0.8628451051028974
NDM	dfrA15	10	60	76	458	16.7	16.6	1.01	1.0	0.7	0.7257394249789775	9	1.0	0.8708873099747729
NDM	dfrA27	2	60	12	458	3.3	2.6	1.28	0.6709700875530813	0.8	0.7816262538787475	9	0.7791910694164815	0.879329535613591
NDM	mphA	4	60	39	458	6.7	8.5	0.77	0.8051337268193475	0.34	0.5249217609835639	9	0.8785038452114932	0.7896489508427812
NDM	mphE	30	60	3	458	50.0	0.7	151.67	1.245257487913694e-28	150.19	5.024171682295706e-16	9	1.4943089854964326e-27	6.029006018754847e-15
NDM	msrE	30	60	3	458	50.0	0.7	151.67	1.245257487913694e-28	150.19	5.024171682295706e-16	9	1.4943089854964326e-27	6.029006018754847e-15
NDM	qnrB1	13	60	86	458	21.7	18.8	1.2	0.6013373606319631	1.7	0.31993314267308115	9	0.7216048327583557	0.5758796568115461
NDM	qnrB2	10	60	16	458	16.7	3.5	5.53	0.0002517850484194551	6.31	0.04658414619649344	9	0.0008240237948273076	0.15245720573397853
NDM	qnrS1	15	60	76	458	25.0	16.6	1.68	0.14681761299314772	0.65	0.5493304098361952	9	0.2627397028285047	0.7910357901641212
NDM	strA	21	60	229	458	35.0	50.0	0.54	0.03864084995591567	0.56	0.23125187106442946	9	0.07728169991183134	0.4952728033238237
NDM	strB	20	60	220	458	33.3	48.0	0.54	0.03848002989514411	0.64	0.3780282610503094	9	0.07728169991183134	0.6480484475148162
NDM	sul1	49	60	131	458	81.7	28.6	11.12	2.402095102486612e-15	10.29	3.248975442577623e-07	9	1.2353631955645434e-14	1.6709016561827775e-06
NDM	sul2	19	60	255	458	31.7	55.7	0.37	0.000527557847982903	0.45	0.09261870353921409	9	0.001582673543948709	0.2564825636470544
NDM	tet(A)	26	60	120	458	43.3	26.2	2.15	0.008886055734196546	1.29	0.679668544736676	9	0.02132653376207171	0.8628451051028974
NDM	tet(D)	10	60	115	458	16.7	25.1	0.6	0.19845597029228823	0.48	0.25614742415689506	9	0.31062673610966857	0.4952728033238237
OXA	CTX-M-15	38	38	245	458	100.0	53.5	inf	2.2584674631905708e-10	inf	0.24487347310626642	8	8.030106535788696e-10	0.36896605438263597
OXA	LAP-2	1	38	28	458	2.6	6.1	0.42	0.7155743386190287	0.13	1.5639746025680966e-05	8	0.7386573818002877	9.476967938547405e-05
OXA	Mrx	18	38	38	458	47.4	8.3	9.95	3.839206493274957e-09	8.68	0.002672143999321452	8	1.1168600707708967e-08	0.007125717331523872
OXA	OXA-1	7	38	148	458	18.4	32.3	0.47	0.09997804889515804	0.38	0.017708174603771998	8	0.14542261657477534	0.03185019627801423
OXA	SCO-1	0	38	21	458	0.0	4.6	0.0	0.3927546466817442	0.0	0.5064539815952978	8	0.4833903343775313	0.6310655931321909
OXA	aac(3)-IIa	6	38	215	458	15.8	46.9	0.21	0.0001412941852063858	0.26	0.0005452833661173606	8	0.00032295813761459613	0.001744906771575554
OXA	aac(3)-IId	24	38	16	458	63.2	3.5	47.36	8.445250690234854e-21	52.87	1.7769314884776384e-05	8	5.4049604417503066e-20	9.476967938547405e-05
OXA	aac(6')-Ib-cr	8	38	158	458	21.1	34.5	0.51	0.10798696889944051	0.32	0.006103390540211234	8	0.15024273933835203	0.013950606949054247
OXA	aadA	0	38	50	458	0.0	10.9	0.0	0.023579829670729864	0.0	0.552747155559182	8	0.03593116902206456	0.6317110349247794
OXA	aadA1	0	38	15	458	0.0	3.3	0.0	0.6185281751926865	0.0	0.04976525600535494	8	0.6660234373305756	0.0796244096085679
OXA	aadA2	26	38	33	458	68.4	7.2	27.9	2.978568970546718e-18	12.46	1.7679476391420752e-05	8	1.5885701176249164e-17	9.476967938547405e-05
OXA	aph3-Ia	26	38	46	458	68.4	10.0	19.41	1.4602080206098325e-15	1.47	0.8364837816718382	8	6.675236665644949e-15	0.9230165866723732
OXA	arr-3	0	38	12	458	0.0	2.6	0.0	0.6123948028033405	0.0	0.532461594205286	8	0.6660234373305756	0.6310655931321909
OXA	catA1	4	38	55	458	10.5	12.0	0.86	1.0	0.42	0.017915735406383002	8	1.0	0.03185019627801423
OXA	catII.2	15	38	78	458	39.5	17.0	3.18	0.0018146183695545146	6.71	0.027103175649759472	8	0.0034157522250437924	0.04564745372591069
OXA	dfrA1	0	38	23	458	0.0	5.0	0.0	0.24303485866148183	0.0	0.2536641623880622	8	0.31108461908669677	0.36896605438263597
OXA	dfrA12	26	38	19	458	68.4	4.1	50.06	2.648818805764278e-22	13.7	7.143636940161443e-06	8	2.8254067261485633e-21	7.619879402838873e-05
OXA	dfrA14	25	38	166	458	65.8	36.2	3.38	0.0004499030111661958	7.87	0.0035214331015012814	8	0.0009597930904878845	0.008668143019080077
OXA	dfrA15	1	38	76	458	2.6	16.6	0.14	0.01836283090078756	0.1	2.2147941170516468e-05	8	0.029380529441260093	0.00010124773106521814
OXA	dfrA27	0	38	12	458	0.0	2.6	0.0	0.6123948028033405	0.0	0.532461594205286	8	0.6660234373305756	0.6310655931321909
OXA	mphA	19	38	39	458	50.0	8.5	10.74	7.394754136800711e-10	8.89	0.0017328648131244022	8	2.3663213237762274e-09	0.005041061274543715
OXA	qnrB1	3	38	86	458	7.9	18.8	0.37	0.12196965650627273	0.72	0.9520690816704648	8	0.1626262086750303	0.9520690816704648
OXA	qnrB2	0	38	16	458	0.0	3.5	0.0	0.6243969724974145	0.0	0.34102903145806396	8	0.6660234373305756	0.46821463569887073
OXA	qnrS1	35	38	76	458	92.1	16.6	58.64	7.252805483917411e-22	8.21	0.008688878078454301	8	5.802244387133929e-21	0.017377756156908602
OXA	rmtB	28	38	0	458	73.7	0.0	inf	1.0532636194036928e-37	inf	7.739307472435144e-08	8	1.6852217910459085e-36	1.238289195589623e-06
OXA	strA	33	38	229	458	86.8	50.0	6.6	5.977386313864784e-06	0.85	0.9047064083129133	8	1.4713566311051775e-05	0.9520690816704648
OXA	strB	35	38	220	458	92.1	48.0	12.62	3.366996759929294e-08	3.4	0.35116097677415303	8	8.978658026478117e-08	0.46821463569887073
OXA	sul1	3	38	131	458	7.9	28.6	0.21	0.003980244981614654	0.23	0.00032204746970357817	8	0.0070759910784260515	0.0011450576700571668
OXA	sul2	32	38	255	458	84.2	55.7	4.25	0.0004994335928137571	1.25	0.9372311148415755	8	0.0009988671856275143	0.9520690816704648
OXA	tet(A)	31	38	120	458	81.6	26.2	12.47	1.5399902162501678e-11	3.22	0.006976438360554633	8	6.159960865000671e-11	0.01488306850251655
OXA	tet(D)	2	38	115	458	5.3	25.1	0.17	0.004460333086860678	0.18	0.00019664468204499882	8	0.0075121399357653525	0.0007865787281799953
OXA	tet(G)	28	38	0	458	73.7	0.0	inf	1.0532636194036928e-37	inf	7.739307472435144e-08	8	1.6852217910459085e-36	1.238289195589623e-06
