"Genome ID","Genome Name","Version","Organism Name","Organism ID","Species Name","Species ID","Genus Name","Genus ID","Reference Library","Reference ID","Matching Hashes","p-Value","Mash Distance"
"3WCUueHWWitxF29LDcNBg1","SAMEA5753723",,,,"Klebsiella pneumoniae","573","Klebsiella","570",,"Klebsiella_pneumoniae/0154.fna.gz","716/1000",0,0.00861543
"1RXztsojJqnvkTR9a9NXZ6","SAMEA5753775",,,,"Klebsiella pneumoniae","573","Klebsiella","570",,"Klebsiella_pneumoniae/0022.fna.gz","750/1000",0,0.00734051
"w6MPevbE8wpJfQejowGtQZ","SAMN36884877",,,,"Klebsiella pneumoniae","573","Klebsiella","570",,"Klebsiella_pneumoniae/0179.fna.gz","891/1000",0,0.00282712
"rpT6nbbz9R8UF6yARvuEyz","SAMN05960897",,,,"Klebsiella pneumoniae","573","Klebsiella","570",,"Klebsiella_pneumoniae/0188.fna.gz","998/1000",0,0.0000476906
"wgAdqqd6Up7MEoM7Vt6GXb","SAMEA6654218",,,,"Klebsiella pneumoniae","573","Klebsiella","570",,"Klebsiella_pneumoniae/0012.fna.gz","738/1000",0,0.00778092
"wB3Fj8XZh7JhhN3cus12eN","SAMEA111505134",,,,"Klebsiella pneumoniae","573","Klebsiella","570","Curated","Klebsiella_pneumoniae/0009.fna.gz","816/1000",0,0.00508714
"fm2r9e8621BM8zH6Ly1sTk","SAMEA6155746",,,,"Klebsiella pneumoniae","573","Klebsiella","570",,"Klebsiella_pneumoniae/0179.fna.gz","868/1000",0,0.00348975
"9RhMYsQKag5K66mFK1tD7W","SAMEA6155852",,,,"Klebsiella pneumoniae","573","Klebsiella","570",,"Klebsiella_pneumoniae/0042.fna.gz","926/1000",0,0.00186568
"dSpqW4TtLMp5jxf16ShoPH","SAMEA6155959",,,,"Klebsiella pneumoniae","573","Klebsiella","570",,"Klebsiella_pneumoniae/0082.fna.gz","829/1000",0,0.00467416
"qGZQwxzyQbG9xv2FqV4dvb","SAMEA7472389",,,,"Klebsiella pneumoniae","573","Klebsiella","570","Curated","Klebsiella_pneumoniae/0042.fna.gz","948/1000",0,0.00128842
"jBvDDt7BspaLmDx9ktp1U1","SAMEA6654212",,,,"Klebsiella pneumoniae","573","Klebsiella","570",,"Klebsiella_pneumoniae/0012.fna.gz","740/1000",0,0.00770681
"hqgrhRJ5wzXsFmNFw9knve","SAMEA111504603",,,,"Klebsiella pneumoniae","573","Klebsiella","570","Curated","Klebsiella_pneumoniae/0184.fna.gz","879/1000",0,0.00316966
"fzMzq2HmX4xgAcvRsyQ6VR","SAMEA5753759",,,,"Klebsiella pneumoniae","573","Klebsiella","570",,"Klebsiella_pneumoniae/0119.fna.gz","844/1000",0,0.00420918
"tPC3fHPm4cUAQydyX8S6Nx","SAMEA6155842",,,,"Klebsiella pneumoniae","573","Klebsiella","570",,"Klebsiella_pneumoniae/0009.fna.gz","780/1000",0,0.00628226
"xiaFujBbb97VoVyVGb2yFU","SAMEA6155926",,,,"Klebsiella pneumoniae","573","Klebsiella","570",,"Klebsiella_pneumoniae/0042.fna.gz","950/1000",0,0.00123693
"oB3TSFz5G1nGLNfPPZjaad","SAMN45807624",,,,"Klebsiella pneumoniae","573","Klebsiella","570",,"Klebsiella_pneumoniae/0069.fna.gz","850/1000",0,0.00402654
"vPFn7kLRcVDnEWpF1jWVsJ","SAMEA5753704",,,,"Klebsiella pneumoniae","573","Klebsiella","570",,"Klebsiella_pneumoniae/0161.fna.gz","903/1000",0,0.00249129
"oymroXCpnMLhvoznap35cu","SAMEA6155844",,,,"Klebsiella pneumoniae","573","Klebsiella","570",,"Klebsiella_pneumoniae/0080.fna.gz","877/1000",0,0.00322742
"dqMxqA3iXxzipcgh6L1Jez","SAMN05960908",,,,"Klebsiella pneumoniae","573","Klebsiella","570",,"Klebsiella_pneumoniae/0326.fna.gz","786/1000",0,0.00607761
"jD2UahaQxsHd6jRmo249J5","SAMEA5753439",,,,"Klebsiella pneumoniae","573","Klebsiella","570",,"Klebsiella_pneumoniae/0392.fna.gz","728/1000",0,0.0081558
"vpw2ESM6jajoMQ2XEVU1uU","SAMEA111505117",,,,"Klebsiella pneumoniae","573","Klebsiella","570","Curated","Klebsiella_pneumoniae/0294.fna.gz","828/1000",0,0.00470559
"chJPYxhsbCDg8adwrZLafv","SAMEA111505125",,,,"Klebsiella pneumoniae","573","Klebsiella","570","Curated","Klebsiella_pneumoniae/0014.fna.gz","701/1000",0,0.00920555
"3ndyvGuykXzTNVihqbCEFm","SAMEA7472352",,,,"Klebsiella pneumoniae","573","Klebsiella","570","Curated","Klebsiella_pneumoniae/0001.fna.gz","796/1000",0,0.00574147
"vSayktwZYDYJyC8Bz6RM7t","SAMEA6422737",,,,"Klebsiella pneumoniae","573","Klebsiella","570",,"Klebsiella_pneumoniae/0004.fna.gz","798/1000",0,0.00567497
"2zgoyJTUXSoaq7L6h7QWn6","SAMEA6155878",,,,"Klebsiella pneumoniae","573","Klebsiella","570",,"Klebsiella_pneumoniae/0009.fna.gz","810/1000",0,0.00528099
"ef91Cfz9yTsJS9F1xvdgfC","SAMEA6422734",,,,"Klebsiella pneumoniae","573","Klebsiella","570",,"Klebsiella_pneumoniae/0042.fna.gz","941/1000",0,0.00146992
"nxRWuuvbXsuD3fkU81Pka5","SAMEA4785019",,,,"Klebsiella pneumoniae","573","Klebsiella","570",,"Klebsiella_pneumoniae/0082.fna.gz","856/1000",0,0.00384578
"h8AfVHpdtjsNg5MSHMGEP2","SAMEA5753755",,,,"Klebsiella pneumoniae","573","Klebsiella","570",,"Klebsiella_pneumoniae/0065.fna.gz","957/1000",0,0.00105797
"9sCrDmU7GUKoZJiBUQX7Ju","SAMEA7472470",,,,"Klebsiella pneumoniae","573","Klebsiella","570","Curated","Klebsiella_pneumoniae/0129.fna.gz","934/1000",0,0.00165343
"fP65g7jgZat9zmySmmcDEH","SAMEA6654240",,,,"Klebsiella pneumoniae","573","Klebsiella","570",,"Klebsiella_pneumoniae/0009.fna.gz","829/1000",0,0.00467416
"1wxKRsWY6A8PVJRe5M9yHj","SAMEA5753762",,,,"Klebsiella pneumoniae","573","Klebsiella","570",,"Klebsiella_pneumoniae/0038.fna.gz","867/1000",0,0.00351914
"1QC6gsyR4pdPR6Arv3PofN","SAMEA7472508",,,,"Klebsiella pneumoniae","573","Klebsiella","570","Curated","Klebsiella_pneumoniae/0069.fna.gz","841/1000",0,0.00430121
"kV8NN26gn4zMzUrVmiuv4F","SAMEA115925726",,,,"Klebsiella pneumoniae","573","Klebsiella","570",,"Klebsiella_pneumoniae/0309.fna.gz","924/1000",0,0.00191916
"wN3gr2Xzq26k75wUJNBtC1","SAMEA6155785",,,,"Klebsiella pneumoniae","573","Klebsiella","570",,"Klebsiella_pneumoniae/0070.fna.gz","949/1000",0,0.00126265
"vTLBnVx7RFdfifC3vCaVvn","SAMEA6155816",,,,"Klebsiella pneumoniae","573","Klebsiella","570",,"Klebsiella_pneumoniae/0009.fna.gz","781/1000",0,0.006248
"ru7Tt1Xx7t3XWW6LAU7GY6","SAMN05960943",,,,"Klebsiella pneumoniae","573","Klebsiella","570",,"Klebsiella_pneumoniae/0048.fna.gz","844/1000",0,0.00420918
"sw6a6rkZJH6Mb4A3jHLFfK","SAMEA6155817",,,,"Klebsiella pneumoniae","573","Klebsiella","570",,"Klebsiella_pneumoniae/0187.fna.gz","896/1000",0,0.00268639
"4Hnraj3XgcJrSeDnYDpxAb","SAMEA5753353",,,,"Klebsiella pneumoniae","573","Klebsiella","570",,"Klebsiella_pneumoniae/0230.fna.gz","905/1000",0,0.00243596
"bL6NJqitzvkQG79RwxfPZo","SAMEA111504606",,,,"Klebsiella pneumoniae","573","Klebsiella","570","Curated","Klebsiella_pneumoniae/0012.fna.gz","726/1000",0,0.00823165
"uH9qCLXB9HGRpSMcA5KAZK","SAMEA115925722",,,,"Klebsiella pneumoniae","573","Klebsiella","570",,"Klebsiella_pneumoniae/0139.fna.gz","830/1000",0,0.00464278
"gz4qmnkBjJwDq7sn2xK47Y","SAMEA4785017",,,,"Klebsiella pneumoniae","573","Klebsiella","570",,"Klebsiella_pneumoniae/0008.fna.gz","896/1000",0,0.00268639
"os9PxKsnWVQ1yaa4MF8a6c","SAMEA111504611",,,,"Klebsiella pneumoniae","573","Klebsiella","570","Curated","Klebsiella_pneumoniae/0012.fna.gz","734/1000",0,0.00793
"6A7Wk1psHh9ewryZXAJyXf","SAMEA115925712",,,,"Klebsiella pneumoniae","573","Klebsiella","570",,"Klebsiella_pneumoniae/0179.fna.gz","904/1000",0,0.0024636
"iCV5KZtRkyPyEau49JCQkr","SAMN36884875",,,,"Klebsiella pneumoniae","573","Klebsiella","570",,"Klebsiella_pneumoniae/0119.fna.gz","691/1000",0,0.00960897
"2H7LhawUkgSTwFeNQbsHfx","SAMN36943779",,,,"Klebsiella pneumoniae","573","Klebsiella","570",,"Klebsiella_pneumoniae/0344.fna.gz","679/1000",0,0.0101041
"aHqRui8jXfGrasdZ9o7RMw","SAMEA7472505",,,,"Klebsiella pneumoniae","573","Klebsiella","570","Curated","Klebsiella_pneumoniae/0367.fna.gz","691/1000",0,0.00960897
"ajk5KRQbpVw1sMvcdSbbn1","SAMN05960949",,,,"Klebsiella pneumoniae","573","Klebsiella","570",,"Klebsiella_pneumoniae/0009.fna.gz","888/1000",0,0.00291212
"cLrDJaBZwCxksJns9enuHQ","SAMEA5753763",,,,"Klebsiella pneumoniae","573","Klebsiella","570",,"Klebsiella_pneumoniae/0425.fna.gz","896/1000",0,0.00268639
"9EK6nFkQxjy3n4a8BZUhs5","SAMN36884884",,,,"Klebsiella pneumoniae","573","Klebsiella","570",,"Klebsiella_pneumoniae/0475.fna.gz","735/1000",0,0.00789262
"opgxhkceTYBhoHePQ7i3J2","SAMEA111505116",,,,"Klebsiella pneumoniae","573","Klebsiella","570","Curated","Klebsiella_pneumoniae/0082.fna.gz","833/1000",0,0.00454897
"3CZfqkzSWZLhnUJapfWebH","SAMN41988748",,,,"Klebsiella pneumoniae","573","Klebsiella","570",,"Klebsiella_pneumoniae/0202.fna.gz","961/1000",0,0.000956583
"k4M3rSMsx1QNStuBYozfXJ","SAMN05960886",,,,"Klebsiella pneumoniae","573","Klebsiella","570",,"Klebsiella_pneumoniae/0003.fna.gz","906/1000",0,0.00240836
"17cjBXCud4W8WzY9Adcadf","SAMEA6654231",,,,"Klebsiella pneumoniae","573","Klebsiella","570",,"Klebsiella_pneumoniae/0009.fna.gz","832/1000",0,0.00458019
"bgSrxKwxA6HeN1jdLNgHsG","SAMEA5753739",,,,"Klebsiella pneumoniae","573","Klebsiella","570",,"Klebsiella_pneumoniae/0161.fna.gz","903/1000",0,0.00249129
"uQyJaAJRdkvckdJnxkNQWD","SAMEA5753725",,,,"Klebsiella pneumoniae","573","Klebsiella","570",,"Klebsiella_pneumoniae/0263.fna.gz","732/1000",0,0.00800497
"8JbGkEtkonwzJzAFhjvvPP","SAMEA7472509",,,,"Klebsiella pneumoniae","573","Klebsiella","570","Curated","Klebsiella_pneumoniae/0069.fna.gz","844/1000",0,0.00420918
"dQaeWNGmkR27kysq26if8M","SAMEA5753730",,,,"Klebsiella pneumoniae","573","Klebsiella","570",,"Klebsiella_pneumoniae/0225.fna.gz","820/1000",0,0.00495906
"r9av7Pjq7KmtguHZVx827e","SAMEA115925713",,,,"Klebsiella pneumoniae","573","Klebsiella","570",,"Klebsiella_pneumoniae/0009.fna.gz","782/1000",0,0.00621379
"vJZE3Nvvtpj7S7mzx9aBLJ","SAMEA6155781",,,,"Klebsiella pneumoniae","573","Klebsiella","570",,"Klebsiella_pneumoniae/0009.fna.gz","781/1000",0,0.006248
"1ZKLGKjWkBqdJjheeB9mFL","SAMN05960879",,,,"Klebsiella pneumoniae","573","Klebsiella","570",,"Klebsiella_pneumoniae/0086.fna.gz","840/1000",0,0.00433199
"8YnVyxHA7nqtqzDfQdJ3mB","SAMEA8515137",,,,"Klebsiella pneumoniae","573","Klebsiella","570","Curated","Klebsiella_pneumoniae/0367.fna.gz","690/1000",0,0.00964976
"5Vzojp1ehDS15wUpA1k7aJ","SAMEA111505122",,,,"Klebsiella pneumoniae","573","Klebsiella","570","Curated","Klebsiella_pneumoniae/0209.fna.gz","869/1000",0,0.0034604
"hNFZHi4TzoXS9HPc1dSDA8","SAMEA5753773",,,,"Klebsiella pneumoniae","573","Klebsiella","570",,"Klebsiella_pneumoniae/0450.fna.gz","751/1000",0,0.00730426
"pnFzwi6DT6U9P7HitW1FMj","SAMEA4785011",,,,"Klebsiella pneumoniae","573","Klebsiella","570",,"Klebsiella_pneumoniae/0004.fna.gz","797/1000",0,0.00570819
"nL2Rwd36aKVaXBMmuKchbV","SAMEA115925707",,,,"Klebsiella pneumoniae","573","Klebsiella","570",,"Klebsiella_pneumoniae/0009.fna.gz","778/1000",0,0.00635099
"dZfePqBBSqwaWSZP1wwyxd","SAMEA111504607",,,,"Klebsiella pneumoniae","573","Klebsiella","570","Curated","Klebsiella_pneumoniae/0158.fna.gz","839/1000",0,0.00436283
"aV1sM8V81ttSdPBmseMK66","SAMN05960907",,,,"Klebsiella pneumoniae","573","Klebsiella","570",,"Klebsiella_pneumoniae/0082.fna.gz","808/1000",0,0.00534606
"geUM1oQYdtik6Xehr3Zscf","SAMEA5753355",,,,"Klebsiella pneumoniae","573","Klebsiella","570",,"Klebsiella_pneumoniae/0267.fna.gz","805/1000",0,0.00544411
"iatBhmBrmLiAAiLsaRp5YH","SAMEA6422766",,,,"Klebsiella pneumoniae","573","Klebsiella","570",,"Klebsiella_pneumoniae/0004.fna.gz","778/1000",0,0.00635099
"hN9QXqRKzHjwKe8aeifrGQ","SAMEA4785012",,,,"Klebsiella pneumoniae","573","Klebsiella","570",,"Klebsiella_pneumoniae/0008.fna.gz","896/1000",0,0.00268639
"aWGoHCv91FJnnizvSsmbKE","SAMN05960958",,,,"Klebsiella pneumoniae","573","Klebsiella","570",,"Klebsiella_pneumoniae/0023.fna.gz","890/1000",0,0.0028554
"jpRJy2sHoCEddK5MzjPAm8","SAMEA111504612",,,,"Klebsiella pneumoniae","573","Klebsiella","570","Curated","Klebsiella_pneumoniae/0095.fna.gz","713/1000",0,0.00873204
"jTcoqu2MdhH2h4g6svP51p","SAMN41988737",,,,"Klebsiella pneumoniae","573","Klebsiella","570",,"Klebsiella_pneumoniae/0021.fna.gz","844/1000",0,0.00420918
"kUP4v3dKJP9skf3bHvwXUu","SAMN05960904",,,,"Klebsiella pneumoniae","573","Klebsiella","570",,"Klebsiella_pneumoniae/0178.fna.gz","999/1000",0,0.0000238274
"kqYjA4z1VWxyg1LQ1akVnQ","SAMEA6155866",,,,"Klebsiella pneumoniae","573","Klebsiella","570",,"Klebsiella_pneumoniae/0080.fna.gz","891/1000",0,0.00282712
"uc7XTeozGMpUiurZSWSuWM","SAMN05960925",,,,"Klebsiella pneumoniae","573","Klebsiella","570",,"Klebsiella_pneumoniae/0042.fna.gz","957/1000",0,0.00105797
"xhNWCcrWXPqL9Ru7rU3mrt","SAMN05960895",,,,"Klebsiella pneumoniae","573","Klebsiella","570",,"Klebsiella_pneumoniae/0004.fna.gz","789/1000",0,0.00597612
"mbBUQEkWPfbuxaRBM3VeNf","SAMEA6155829",,,,"Klebsiella pneumoniae","573","Klebsiella","570",,"Klebsiella_pneumoniae/0012.fna.gz","734/1000",0,0.00793
"pvabPX7NiEvSwjZkUUaUuv","SAMN36884878",,,,"Klebsiella pneumoniae","573","Klebsiella","570",,"Klebsiella_pneumoniae/0179.fna.gz","883/1000",0,0.00305472
"dyToryGFYPUg65sMmJ5YhD","SAMN05960881",,,,"Klebsiella pneumoniae","573","Klebsiella","570",,"Klebsiella_pneumoniae/0086.fna.gz","840/1000",0,0.00433199
"wTdMVFMhJBMNS9NczV2jFY","SAMEA7472442",,,,"Klebsiella pneumoniae","573","Klebsiella","570","Curated","Klebsiella_pneumoniae/0179.fna.gz","885/1000",0,0.00299754
"8Zy84MWZMiScmkJwsiFnyQ","SAMEA111505123",,,,"Klebsiella pneumoniae","573","Klebsiella","570","Curated","Klebsiella_pneumoniae/0104.fna.gz","754/1000",0,0.00719593
"rvGui5euCpQhNxbsBaxRQK","SAMEA6155778",,,,"Klebsiella pneumoniae","573","Klebsiella","570",,"Klebsiella_pneumoniae/0009.fna.gz","781/1000",0,0.006248
"koB4JkyTa9iuBJaS6ynr2d","SAMN46427849",,,,"Klebsiella pneumoniae","573","Klebsiella","570",,"Klebsiella_pneumoniae/0367.fna.gz","729/1000",0,0.00811798
"k8xYz3zN61c7cXRqG1V9mj","SAMEA5753754",,,,"Klebsiella pneumoniae","573","Klebsiella","570",,"Klebsiella_pneumoniae/0441.fna.gz","771/1000",0,0.00659353
"gUxVpQuVi3i99x2a1hsEc7","SAMEA5753757",,,,"Klebsiella pneumoniae","573","Klebsiella","570",,"Klebsiella_pneumoniae/0065.fna.gz","965/1000",0,0.000855821
"j62D2jwXVD9t2v2ZiXNj24","SAMEA6155834",,,,"Klebsiella pneumoniae","573","Klebsiella","570",,"Klebsiella_pneumoniae/0009.fna.gz","781/1000",0,0.006248
"r22EXMLiW4Z32nTtPaYYRY","SAMEA6158235",,,,"Klebsiella pneumoniae","573","Klebsiella","570",,"Klebsiella_pneumoniae/0001.fna.gz","775/1000",0,0.00645455
"wnY8BLJvKiKJj8EKgNEMqp","SAMEA111505139",,,,"Klebsiella pneumoniae","573","Klebsiella","570","Curated","Klebsiella_pneumoniae/0082.fna.gz","818/1000",0,0.00502299
"hv4tdSDtdCJiL7h8Erv8Qw","SAMEA7472507",,,,"Klebsiella pneumoniae","573","Klebsiella","570","Curated","Klebsiella_pneumoniae/0069.fna.gz","841/1000",0,0.00430121
"bJZWZD2FSBUWqM6DtiggqM","SAMEA7472468",,,,"Klebsiella pneumoniae","573","Klebsiella","570","Curated","Klebsiella_pneumoniae/0393.fna.gz","701/1000",0,0.00920555
"xyGww7Z1sR6wErTvaU1AXk","SAMN05960898",,,,"Klebsiella pneumoniae","573","Klebsiella","570",,"Klebsiella_pneumoniae/0187.fna.gz","860/1000",0,0.0037263
"4mRJucNety59xcCC1tY51j","SAMEA6422764",,,,"Klebsiella pneumoniae","573","Klebsiella","570",,"Klebsiella_pneumoniae/0184.fna.gz","878/1000",0,0.00319852
"emScuqyhFJCc1HeEFEmvuE","SAMEA6155893",,,,"Klebsiella pneumoniae","573","Klebsiella","570",,"Klebsiella_pneumoniae/0009.fna.gz","810/1000",0,0.00528099
"iBWRLXhehPKCwucq4oFFBv","SAMEA5753448",,,,"Klebsiella pneumoniae","573","Klebsiella","570",,"Klebsiella_pneumoniae/0014.fna.gz","730/1000",0,0.00808024
"pW1Kpbr4jEfJfJpkB7udD1","SAMEA6155826",,,,"Klebsiella pneumoniae","573","Klebsiella","570",,"Klebsiella_pneumoniae/0042.fna.gz","944/1000",0,0.00139189
"r8hvFxtWhiAbUyg1kwXsir","SAMEA7472515",,,,"Klebsiella pneumoniae","573","Klebsiella","570","Curated","Klebsiella_pneumoniae/0177.fna.gz","892/1000",0,0.00279888
"kdUfqfNFMSrgBoucX5xvfP","SAMEA7472372",,,,"Klebsiella pneumoniae","573","Klebsiella","570","Curated","Klebsiella_pneumoniae/0023.fna.gz","908/1000",0,0.0023533
"8UQhM26DjirjJRY7tk4fiJ","SAMEA7472405",,,,"Klebsiella pneumoniae","573","Klebsiella","570","Curated","Klebsiella_pneumoniae/0017.fna.gz","783/1000",0,0.00617965
"j9ZShn3RZeenuS7oiH6gYa","SAMEA6155855",,,,"Klebsiella pneumoniae","573","Klebsiella","570",,"Klebsiella_pneumoniae/0009.fna.gz","810/1000",0,0.00528099
"sB3AMskB74w4RxSkWLsher","SAMEA5753731",,,,"Klebsiella pneumoniae","573","Klebsiella","570",,"Klebsiella_pneumoniae/0207.fna.gz","840/1000",0,0.00433199
"viX7qNyijfnBPd9ruFm8we","SAMEA7472517",,,,"Klebsiella pneumoniae","573","Klebsiella","570","Curated","Klebsiella_pneumoniae/0086.fna.gz","797/1000",0,0.00570819
"mhumFeLBiEKJ31MhCzA8vb","SAMN36884891",,,,"Klebsiella pneumoniae","573","Klebsiella","570",,"Klebsiella_pneumoniae/0053.fna.gz","741/1000",0,0.00766986
"5f2Wsts6UszDxa6ggD49MU","SAMEA5753371",,,,"Klebsiella pneumoniae","573","Klebsiella","570",,"Klebsiella_pneumoniae/0207.fna.gz","828/1000",0,0.00470559
"nxs8abV3G6H4G7mikPrnuF","SAMEA6422761",,,,"Klebsiella pneumoniae","573","Klebsiella","570",,"Klebsiella_pneumoniae/0125.fna.gz","841/1000",0,0.00430121
"bS81DVrppm6u5fWTkYFQ7B","SAMEA6422785",,,,"Klebsiella pneumoniae","573","Klebsiella","570",,"Klebsiella_pneumoniae/0082.fna.gz","815/1000",0,0.00511931
"5CNpBnF5H4n9eHHomRLzQT","SAMEA6155865",,,,"Klebsiella pneumoniae","573","Klebsiella","570",,"Klebsiella_pneumoniae/0080.fna.gz","884/1000",0,0.00302611
"7osKw9nwAbzmFk8SAZCCVq","SAMEA5753797",,,,"Klebsiella pneumoniae","573","Klebsiella","570",,"Klebsiella_pneumoniae/0024.fna.gz","854/1000",0,0.00390583
"utzjj6oLjCnX7gZM8dEmkc","SAMEA111505126",,,,"Klebsiella pneumoniae","573","Klebsiella","570","Curated","Klebsiella_pneumoniae/0004.fna.gz","775/1000",0,0.00645455
"aFmgnCiB28KNQAe6qxxKur","SAMEA7472371",,,,"Klebsiella pneumoniae","573","Klebsiella","570","Curated","Klebsiella_pneumoniae/0178.fna.gz","810/1000",0,0.00528099
"cocDC5PVaDCsHxNGfWc5k3","SAMEA6422756",,,,"Klebsiella pneumoniae","573","Klebsiella","570",,"Klebsiella_pneumoniae/0083.fna.gz","769/1000",0,0.00666341
"8kVbukWkaFEqdXzhiXoBpf","SAMEA6155853",,,,"Klebsiella pneumoniae","573","Klebsiella","570",,"Klebsiella_pneumoniae/0053.fna.gz","729/1000",0,0.00811798
"kaiogLxCJLSa245NCTkt9g","SAMN05960956",,,,"Klebsiella pneumoniae","573","Klebsiella","570",,"Klebsiella_pneumoniae/0189.fna.gz","998/1000",0,0.0000476906
"oGSv5BjAnBd2ofvw7ZBZEz","SAMEA6654232",,,,"Klebsiella pneumoniae","573","Klebsiella","570",,"Klebsiella_pneumoniae/0009.fna.gz","833/1000",0,0.00454897
"cdbaGrHDemPtw1BgydfcvJ","SAMN36884876",,,,"Klebsiella pneumoniae","573","Klebsiella","570",,"Klebsiella_pneumoniae/0004.fna.gz","832/1000",0,0.00458019
"6Yx8hEXhsdHNMdjcnHpdXj","SAMEA6155833",,,,"Klebsiella pneumoniae","573","Klebsiella","570",,"Klebsiella_pneumoniae/0007.fna.gz","816/1000",0,0.00508714
"hAbwaa2M11aDucG5dNcx6N","SAMEA6155807",,,,"Klebsiella pneumoniae","573","Klebsiella","570",,"Klebsiella_pneumoniae/0176.fna.gz","842/1000",0,0.00427048
"ov8R6Jr2mE8UgaeeqheaFP","SAMEA115925716",,,,"Klebsiella pneumoniae","573","Klebsiella","570",,"Klebsiella_pneumoniae/0070.fna.gz","873/1000",0,0.00334352
"dgL11DroRQLtr1f55o8bTr","SAMN05960906",,,,"Klebsiella pneumoniae","573","Klebsiella","570",,"Klebsiella_pneumoniae/0082.fna.gz","808/1000",0,0.00534606
"kVaSn9PWDtVoXozYzBTQFk","SAMEA111504609",,,,"Klebsiella pneumoniae","573","Klebsiella","570","Curated","Klebsiella_pneumoniae/0082.fna.gz","831/1000",0,0.00461146
"rSffqw8uKXHjTgvArFBgq7","SAMEA6155858",,,,"Klebsiella pneumoniae","573","Klebsiella","570",,"Klebsiella_pneumoniae/0082.fna.gz","809/1000",0,0.00531349
"miwMhf78aTEavL2snrWv8o","SAMEA6155789",,,,"Klebsiella pneumoniae","573","Klebsiella","570",,"Klebsiella_pneumoniae/0009.fna.gz","809/1000",0,0.00531349
"jVsruuu8Mj75YfkzqpdtsP","SAMEA5753327",,,,"Klebsiella pneumoniae","573","Klebsiella","570",,"Klebsiella_pneumoniae/0014.fna.gz","692/1000",0,0.00956826
"fh4M2ynawwkpe9bESyogqC","SAMEA5753786",,,,"Klebsiella pneumoniae","573","Klebsiella","570",,"Klebsiella_pneumoniae/0127.fna.gz","831/1000",0,0.00461146
"bV4RhJMeAGN5HN3w7U73N2","SAMEA8515127",,,,"Klebsiella pneumoniae","573","Klebsiella","570","Curated","Klebsiella_pneumoniae/0156.fna.gz","809/1000",0,0.00531349
"vtgvqBT53v8fF46ctdA8wB","SAMEA6155877",,,,"Klebsiella pneumoniae","573","Klebsiella","570",,"Klebsiella_pneumoniae/0009.fna.gz","781/1000",0,0.006248
"umyMDwpZFUJdhx8vnF28oZ","SAMEA6155773",,,,"Klebsiella pneumoniae","573","Klebsiella","570",,"Klebsiella_pneumoniae/0167.fna.gz","835/1000",0,0.00448671
"pchsxW6orFh8S3vDcUZoVx","SAMEA5753803",,,,"Klebsiella pneumoniae","573","Klebsiella","570",,"Klebsiella_pneumoniae/0207.fna.gz","862/1000",0,0.00366686
"aipP1e8eQesusYkxTMLP3u","SAMEA6155929",,,,"Klebsiella pneumoniae","573","Klebsiella","570",,"Klebsiella_pneumoniae/0125.fna.gz","813/1000",0,0.00518381
"jE5MBuuESAgX1U37dXCbVV","SAMEA5753804",,,,"Klebsiella pneumoniae","573","Klebsiella","570",,"Klebsiella_pneumoniae/0027.fna.gz","813/1000",0,0.00518381
"cLnu3gj3nHHhWDddjKVqpA","SAMEA6155847",,,,"Klebsiella pneumoniae","573","Klebsiella","570",,"Klebsiella_pneumoniae/0082.fna.gz","809/1000",0,0.00531349
"92wiTibEdTeNBpqY17uE8E","SAMEA6422771",,,,"Klebsiella pneumoniae","573","Klebsiella","570",,"Klebsiella_pneumoniae/0009.fna.gz","802/1000",0,0.0055427
"dAkZRDf8BnMSmHg38GM8rm","SAMN05960921",,,,"Klebsiella pneumoniae","573","Klebsiella","570",,"Klebsiella_pneumoniae/0185.fna.gz","998/1000",0,0.0000476906
"eH94miV6WHVNfQjumX6o7R","SAMEA6155843",,,,"Klebsiella pneumoniae","573","Klebsiella","570",,"Klebsiella_pneumoniae/0009.fna.gz","780/1000",0,0.00628226
"mZQaeb3FczXTW5Z5S3MwVo","SAMEA7472409",,,,"Klebsiella pneumoniae","573","Klebsiella","570","Curated","Klebsiella_pneumoniae/0084.fna.gz","977/1000",0,0.000557238
"7hnX9PJywogzyRrzeEeVfk","SAMN05960873",,,,"Klebsiella pneumoniae","573","Klebsiella","570",,"Klebsiella_pneumoniae/0075.fna.gz","982/1000",0,0.000434439
"ppPWXTxt911sQikKZ64yQ2","SAMEA111505118",,,,"Klebsiella pneumoniae","573","Klebsiella","570","Curated","Klebsiella_pneumoniae/0137.fna.gz","834/1000",0,0.00451781
"4rJRoHYr5NR82wGsPzD5vn","SAMEA6155876",,,,"Klebsiella pneumoniae","573","Klebsiella","570",,"Klebsiella_pneumoniae/0070.fna.gz","899/1000",0,0.0026025
"4Rve9vkKjgmV9RdsLuAftK","SAMN31892430",,,,"Klebsiella pneumoniae","573","Klebsiella","570",,"Klebsiella_pneumoniae/0012.fna.gz","820/1000",0,0.00495906
"k6jL9xWt1Di2np5pYwysKb","SAMEA6635864",,,,"Klebsiella pneumoniae","573","Klebsiella","570",,"Klebsiella_pneumoniae/0012.fna.gz","736/1000",0,0.00785531
"azNWjydAsZsWq5oBkJZpsG","SAMEA7472511",,,,"Klebsiella pneumoniae","573","Klebsiella","570","Curated","Klebsiella_pneumoniae/0244.fna.gz","869/1000",0,0.0034604
"bdwVoBzdHnEN9SvqNbikxT","SAMN05960957",,,,"Klebsiella pneumoniae","573","Klebsiella","570",,"Klebsiella_pneumoniae/0189.fna.gz","1000/1000",0,0
"8iTG3rswnZSXfdyUnnin2P","SAMEA6155792",,,,"Klebsiella pneumoniae","573","Klebsiella","570",,"Klebsiella_pneumoniae/0475.fna.gz","738/1000",0,0.00778092
"kvBvKLVWrLzSZ2bJfyvXeG","SAMEA5753369",,,,"Klebsiella pneumoniae","573","Klebsiella","570",,"Klebsiella_pneumoniae/0086.fna.gz","878/1000",0,0.00319852
"fs5SV1mCiSjT1fyFMjF6VZ","SAMEA6654216",,,,"Klebsiella pneumoniae","573","Klebsiella","570",,"Klebsiella_pneumoniae/0012.fna.gz","739/1000",0,0.00774383
"wzDKTANo7rKwooQZ846smZ","SAMEA5753721",,,,"Klebsiella pneumoniae","573","Klebsiella","570",,"Klebsiella_pneumoniae/0450.fna.gz","794/1000",0,0.00580821
"cGYL9WzsyTTm9hRXfqGYGn","SAMEA7472380",,,,"Klebsiella pneumoniae","573","Klebsiella","570","Curated","Klebsiella_pneumoniae/0074.fna.gz","721/1000",0,0.00842259
"iU6qbLVcAJ8i2C414QCBri","SAMEA7472477",,,,"Klebsiella pneumoniae","573","Klebsiella","570","Curated","Klebsiella_pneumoniae/0140.fna.gz","827/1000",0,0.00473708
"pbnK26AZXgQgjnJLjZv9wx","SAMEA6155779",,,,"Klebsiella pneumoniae","573","Klebsiella","570",,"Klebsiella_pneumoniae/0009.fna.gz","781/1000",0,0.006248
"jBBWXA8udJH12wFK6SRUnY","SAMEA115925719",,,,"Klebsiella pneumoniae","573","Klebsiella","570",,"Klebsiella_pneumoniae/0060.fna.gz","816/1000",0,0.00508714
"mU9yEWqCpyz52t5ggREiez","SAMN05960966",,,,"Klebsiella pneumoniae","573","Klebsiella","570",,"Klebsiella_pneumoniae/0009.fna.gz","889/1000",0,0.00288374
"deos3gCFmYQxmsgmjQDH7U","SAMEA115925721",,,,"Klebsiella pneumoniae","573","Klebsiella","570",,"Klebsiella_pneumoniae/0469.fna.gz","844/1000",0,0.00420918
"qSJ6YXKzWVB7Hh8TNTP9tA","SAMEA115925703",,,,"Klebsiella pneumoniae","573","Klebsiella","570",,"Klebsiella_pneumoniae/0257.fna.gz","935/1000",0,0.00162709
"87PJxck965L12Gh9N8vXp6","SAMEA5753727",,,,"Klebsiella pneumoniae","573","Klebsiella","570",,"Klebsiella_pneumoniae/0263.fna.gz","726/1000",0,0.00823165
"3dikTEvbuQAXQaWLF6wGmM","SAMEA5753354",,,,"Klebsiella pneumoniae","573","Klebsiella","570",,"Klebsiella_pneumoniae/0301.fna.gz","711/1000",0,0.00881017
"85vFfmMxAWjqo18pNuvhoz","SAMEA4785013",,,,"Klebsiella pneumoniae","573","Klebsiella","570",,"Klebsiella_pneumoniae/0008.fna.gz","895/1000",0,0.00271444
"ptHiVHjPXfRZKwpSphHw3n","SAMEA115925723",,,,"Klebsiella pneumoniae","573","Klebsiella","570",,"Klebsiella_pneumoniae/0139.fna.gz","831/1000",0,0.00461146
"8LLpFVCdS1PrSrLbyHVaST","SAMN41988735",,,,"Klebsiella pneumoniae","573","Klebsiella","570",,"Klebsiella_pneumoniae/0036.fna.gz","907/1000",0,0.00238081
"43FEb4GXdhp3cEAaSbWjBv","SAMEA7472411",,,,"Klebsiella pneumoniae","573","Klebsiella","570","Curated","Klebsiella_pneumoniae/0084.fna.gz","977/1000",0,0.000557238
"uUpNEneKmgYQtETf9ghiUv","SAMEA7472462",,,,"Klebsiella pneumoniae","573","Klebsiella","570","Curated","Klebsiella_pneumoniae/0179.fna.gz","898/1000",0,0.00263042
"c9h9kcdQiPzKhFFe3UtP9v","SAMEA6155838",,,,"Klebsiella pneumoniae","573","Klebsiella","570",,"Klebsiella_pneumoniae/0167.fna.gz","834/1000",0,0.00451781
"u1e4xLvcNu2xvy625KyC2N","SAMEA5753753",,,,"Klebsiella pneumoniae","573","Klebsiella","570",,"Klebsiella_pneumoniae/0389.fna.gz","773/1000",0,0.00652391
"aKHZjRjNNmn3HymxZeqUxb","SAMEA5753792",,,,"Klebsiella pneumoniae","573","Klebsiella","570",,"Klebsiella_pneumoniae/0018.fna.gz","793/1000",0,0.00584167
"cLPoF1A7AnHCaibQsPz2zV","SAMEA5753738",,,,"Klebsiella pneumoniae","573","Klebsiella","570",,"Klebsiella_pneumoniae/0106.fna.gz","798/1000",0,0.00567497
"jKvEssiC3yAVNGhJtayyUD","SAMEA6654220",,,,"Klebsiella pneumoniae","573","Klebsiella","570",,"Klebsiella_pneumoniae/0009.fna.gz","838/1000",0,0.00439372
"v14mp2i8gwWnMRM21sjxpA","SAMEA6155854",,,,"Klebsiella pneumoniae","573","Klebsiella","570",,"Klebsiella_pneumoniae/0009.fna.gz","810/1000",0,0.00528099
"m2GtyCCQgQRVk91EqqtwyE","SAMEA4785007",,,,"Klebsiella pneumoniae","573","Klebsiella","570",,"Klebsiella_pneumoniae/0001.fna.gz","777/1000",0,0.00638544
"hoocsxPfXfnsg2XLutMNAK","SAMEA7472365",,,,"Klebsiella pneumoniae","573","Klebsiella","570","Curated","Klebsiella_pneumoniae/0033.fna.gz","769/1000",0,0.00666341
"9z1oeZUBBJAF8C3UyBvx4E","SAMEA12311723",,,,"Klebsiella pneumoniae","573","Klebsiella","570","Curated","Klebsiella_pneumoniae/0018.fna.gz","779/1000",0,0.00631659
"mjYYGyn7pj1GTEgBMVbm57","SAMEA6155872",,,,"Klebsiella pneumoniae","573","Klebsiella","570",,"Klebsiella_pneumoniae/0004.fna.gz","773/1000",0,0.00652391
"eb7Qrn3aAFtT9DavapU5Hy","SAMEA5753317",,,,"Klebsiella pneumoniae","573","Klebsiella","570",,"Klebsiella_pneumoniae/0070.fna.gz","941/1000",0,0.00146992
"2mJG6aY8YTfLy2ghLcMvcU","SAMEA7472355",,,,"Klebsiella pneumoniae","573","Klebsiella","570","Curated","Klebsiella_pneumoniae/0023.fna.gz","908/1000",0,0.0023533
"udYSjTG1qwdx9E8AefFSHg","SAMEA5753356",,,,"Klebsiella pneumoniae","573","Klebsiella","570",,"Klebsiella_pneumoniae/0267.fna.gz","804/1000",0,0.00547692
"gnwExAtn8aB3Sh7bHjWrkW","SAMEA6422780",,,,"Klebsiella pneumoniae","573","Klebsiella","570",,"Klebsiella_pneumoniae/0095.fna.gz","722/1000",0,0.00838426
"pkNR3coqAs41UDm1TjHtVx","SAMEA6155869",,,,"Klebsiella pneumoniae","573","Klebsiella","570",,"Klebsiella_pneumoniae/0191.fna.gz","730/1000",0,0.00808024
"wGwgZmQ8x9oZcrAjjxfoDy","SAMEA6654224",,,,"Klebsiella pneumoniae","573","Klebsiella","570",,"Klebsiella_pneumoniae/0009.fna.gz","833/1000",0,0.00454897
"pcrXU5kynsB1PCESpWGNH4","SAMN31892426",,,,"Klebsiella pneumoniae","573","Klebsiella","570",,"Klebsiella_pneumoniae/0012.fna.gz","788/1000",0,0.00600989
"bjsEga6MiZDiitdb3bdRiH","SAMN05960938",,,,"Klebsiella pneumoniae","573","Klebsiella","570",,"Klebsiella_pneumoniae/0013.fna.gz","822/1000",0,0.00489536
"phs67xfBWNQemLZ4RhzKqc","SAMEA6155814",,,,"Klebsiella pneumoniae","573","Klebsiella","570",,"Klebsiella_pneumoniae/0012.fna.gz","735/1000",0,0.00789262
"wLmNuoXQx7aJEsUNtVkqeQ","SAMEA6422736",,,,"Klebsiella pneumoniae","573","Klebsiella","570",,"Klebsiella_pneumoniae/0046.fna.gz","838/1000",0,0.00439372
"3DKNa7b6peEvLjs1NJ8Yg9","SAMN05960963",,,,"Klebsiella pneumoniae","573","Klebsiella","570",,"Klebsiella_pneumoniae/0023.fna.gz","852/1000",0,0.00396608
"9FMy9xUJMnFcAwdgXVsANU","SAMN05960962",,,,"Klebsiella pneumoniae","573","Klebsiella","570",,"Klebsiella_pneumoniae/0181.fna.gz","826/1000",0,0.00476862
"ckAG3EVebxB4xi7aNYvhEA","SAMEA6155859",,,,"Klebsiella pneumoniae","573","Klebsiella","570",,"Klebsiella_pneumoniae/0002.fna.gz","854/1000",0,0.00390583
"83GFGNxEQ55fVsFYZGs5gK","SAMEA6155862",,,,"Klebsiella pneumoniae","573","Klebsiella","570",,"Klebsiella_pneumoniae/0457.fna.gz","894/1000",0,0.00274254
"tfFNVKNbmL8cWoRQhNWp59","SAMEA6422735",,,,"Klebsiella pneumoniae","573","Klebsiella","570",,"Klebsiella_pneumoniae/0009.fna.gz","793/1000",0,0.00584167
"vJYckjzrYprKU3MEzNj7Fp","SAMEA111503612",,,,"Klebsiella pneumoniae","573","Klebsiella","570","Curated","Klebsiella_pneumoniae/0003.fna.gz","853/1000",0,0.00393593
"oahhcaMCteeYDPc2GHaFxi","SAMEA5753782",,,,"Klebsiella pneumoniae","573","Klebsiella","570",,"Klebsiella_pneumoniae/0181.fna.gz","858/1000",0,0.00378594
"gHwCs7jfA2m26zJTwoQDE1","SAMN05960902",,,,"Klebsiella pneumoniae","573","Klebsiella","570",,"Klebsiella_pneumoniae/0027.fna.gz","821/1000",0,0.00492718
"6GDQioRLuUjGgXBvzJ15SN","SAMEA6155875",,,,"Klebsiella pneumoniae","573","Klebsiella","570",,"Klebsiella_pneumoniae/0042.fna.gz","944/1000",0,0.00139189
"wSEshuFUNDgMEGBiHnLH9y","SAMEA5753801",,,,"Klebsiella pneumoniae","573","Klebsiella","570",,"Klebsiella_pneumoniae/0021.fna.gz","781/1000",0,0.006248
"5eG887v1RUpSkjdGw8sGgS","SAMN36884883",,,,"Klebsiella pneumoniae","573","Klebsiella","570",,"Klebsiella_pneumoniae/0018.fna.gz","820/1000",0,0.00495906
"97yZNNPPKmYM3JYMqwuMJk","SAMEA115925704",,,,"Klebsiella pneumoniae","573","Klebsiella","570",,"Klebsiella_pneumoniae/0042.fna.gz","904/1000",0,0.0024636
"6MHXM1WJLUdmMekDndtf9o","SAMEA115925715",,,,"Klebsiella pneumoniae","573","Klebsiella","570",,"Klebsiella_pneumoniae/0060.fna.gz","813/1000",0,0.00518381
"fvPMyr5PwYZ9hLw15vxCDJ","SAMEA111504604",,,,"Klebsiella pneumoniae","573","Klebsiella","570","Curated","Klebsiella_pneumoniae/0025.fna.gz","783/1000",0,0.00617965
"jKtntykrHw7dbtizkJY58n","SAMEA6155883",,,,"Klebsiella pneumoniae","573","Klebsiella","570",,"Klebsiella_pneumoniae/0009.fna.gz","781/1000",0,0.006248
"2zPTZkh76qfbRoz5iw4sY1","SAMEA111505128",,,,"Klebsiella pneumoniae","573","Klebsiella","570","Curated","Klebsiella_pneumoniae/0066.fna.gz","765/1000",0,0.00680395
"mxGK98nBQ8MpsZjV37SZ9z","SAMEA115925705",,,,"Klebsiella pneumoniae","573","Klebsiella","570",,"Klebsiella_pneumoniae/0103.fna.gz","912/1000",0,0.00224371
"94Pknj5Nyf3QQBDqPjr6it","SAMEA5753789",,,,"Klebsiella pneumoniae","573","Klebsiella","570",,"Klebsiella_pneumoniae/0178.fna.gz","774/1000",0,0.0064892
"qXXvn6JkA1n3XnLWZL5pXq","SAMEA6654219",,,,"Klebsiella pneumoniae","573","Klebsiella","570",,"Klebsiella_pneumoniae/0012.fna.gz","739/1000",0,0.00774383
"8Xgc52vtKZVkfHJUruR9Y2","SAMEA111504615",,,,"Klebsiella pneumoniae","573","Klebsiella","570","Curated","Klebsiella_pneumoniae/0012.fna.gz","817/1000",0,0.00505504
"8ZSgD6stSFnVwrq7ktKyXW","SAMEA6422777",,,,"Klebsiella pneumoniae","573","Klebsiella","570",,"Klebsiella_pneumoniae/0309.fna.gz","851/1000",0,0.00399629
"r4AoMQg5rneJcvC4fvfkPH","SAMN45807625",,,,"Klebsiella pneumoniae","573","Klebsiella","570",,"Klebsiella_pneumoniae/0179.fna.gz","888/1000",0,0.00291212
"kgF7ju1JDHCHz9o4VMNQ91","SAMN05960882",,,,"Klebsiella pneumoniae","573","Klebsiella","570",,"Klebsiella_pneumoniae/0475.fna.gz","736/1000",0,0.00785531
"2zmwVkNyF5VkwamG5Jafkv","SAMEA5753707",,,,"Klebsiella pneumoniae","573","Klebsiella","570",,"Klebsiella_pneumoniae/0294.fna.gz","833/1000",0,0.00454897
"7p9Cky8RYKxpUFo3fVUd3B","SAMEA4785009",,,,"Klebsiella pneumoniae","573","Klebsiella","570",,"Klebsiella_pneumoniae/0008.fna.gz","896/1000",0,0.00268639
"p6tXQwFHWQ5v1iYXYbG3Nk","SAMEA7472390",,,,"Klebsiella pneumoniae","573","Klebsiella","570","Curated","Klebsiella_pneumoniae/0180.fna.gz","921/1000",0,0.00199971
"94KiySvHMunwJLkimJxpF9","SAMEA6155798",,,,"Klebsiella pneumoniae","573","Klebsiella","570",,"Klebsiella_pneumoniae/0187.fna.gz","867/1000",0,0.00351914
"sxBhCqe6JfCuhqcVxJ64TP","SAMN05960937",,,,"Klebsiella pneumoniae","573","Klebsiella","570",,"Klebsiella_pneumoniae/0013.fna.gz","822/1000",0,0.00489536
"tnaMM8Jew5zJav2r6TgpGL","SAMN36884886",,,,"Klebsiella pneumoniae","573","Klebsiella","570",,"Klebsiella_pneumoniae/0352.fna.gz","988/1000",0,0.00028831
"jmUDKLwZX2hKEkNjdsmyB4","SAMEA6155909",,,,"Klebsiella pneumoniae","573","Klebsiella","570",,"Klebsiella_pneumoniae/0334.fna.gz","760/1000",0,0.00698112
"eHV5akLFSxPCw6DHExHqfW","SAMEA7472489",,,,"Klebsiella pneumoniae","573","Klebsiella","570","Curated","Klebsiella_pneumoniae/0367.fna.gz","693/1000",0,0.00952763
"7LgrgfhCCcAtm1zUX8QJRr","SAMEA6422746",,,,"Klebsiella pneumoniae","573","Klebsiella","570",,"Klebsiella_pneumoniae/0082.fna.gz","841/1000",0,0.00430121
"8jXG7iH86drY6gQMgCinc4","SAMEA6155928",,,,"Klebsiella pneumoniae","573","Klebsiella","570",,"Klebsiella_pneumoniae/0004.fna.gz","773/1000",0,0.00652391
"9LVQVQ8TSA1bP3abTZgCxt","SAMEA6155891",,,,"Klebsiella pneumoniae","573","Klebsiella","570",,"Klebsiella_pneumoniae/0004.fna.gz","781/1000",0,0.006248
"4ohEiVid7BMPdopx1TBd9q","SAMEA5753793",,,,"Klebsiella pneumoniae","573","Klebsiella","570",,"Klebsiella_pneumoniae/0119.fna.gz","851/1000",0,0.00399629
"35HdoqhevFZ7ogKPvWK6MG","SAMEA6654244",,,,"Klebsiella pneumoniae","573","Klebsiella","570",,"Klebsiella_pneumoniae/0009.fna.gz","837/1000",0,0.00442466
"nfWUVQ7io1bTNgXQArzTgB","SAMEA6422783",,,,"Klebsiella pneumoniae","573","Klebsiella","570",,"Klebsiella_pneumoniae/0080.fna.gz","868/1000",0,0.00348975
"r8kPKmfLUtjTQHXvob6CDa","SAMEA8515138",,,,"Klebsiella pneumoniae","573","Klebsiella","570","Curated","Klebsiella_pneumoniae/0009.fna.gz","761/1000",0,0.00694555
"x18NQidq7sicRzihob2BFF","SAMN05960899",,,,"Klebsiella pneumoniae","573","Klebsiella","570",,"Klebsiella_pneumoniae/0012.fna.gz","736/1000",0,0.00785531
"ahpcz4JJbo98b5GoYf9pUj","SAMEA6155793",,,,"Klebsiella pneumoniae","573","Klebsiella","570",,"Klebsiella_pneumoniae/0027.fna.gz","795/1000",0,0.00577481
"ey8XCQmUMpjkqHe1wfrKMu","SAMN36884887",,,,"Klebsiella pneumoniae","573","Klebsiella","570","Curated","Klebsiella_pneumoniae/0082.fna.gz","843/1000",0,0.0042398
"pGFpThALdSx9WadLPUCP27","SAMEA5753779",,,,"Klebsiella pneumoniae","573","Klebsiella","570",,"Klebsiella_pneumoniae/0270.fna.gz","903/1000",0,0.00249129
"gHRiH5GELXDMrX85tVKZ28","SAMEA111504602",,,,"Klebsiella pneumoniae","573","Klebsiella","570","Curated","Klebsiella_pneumoniae/0004.fna.gz","847/1000",0,0.00411762
"pBqSWqxGYCeRocDsfgh6iq","SAMEA5753796",,,,"Klebsiella pneumoniae","573","Klebsiella","570",,"Klebsiella_pneumoniae/0029.fna.gz","746/1000",0,0.00748619
"qCbmDssgHLcBae438R5Dyc","SAMEA4785016",,,,"Klebsiella pneumoniae","573","Klebsiella","570",,"Klebsiella_pneumoniae/0008.fna.gz","896/1000",0,0.00268639
"iFAMgQEQ9r63a5vi8Ebd8V","SAMN05960916",,,,"Klebsiella pneumoniae","573","Klebsiella","570",,"Klebsiella_pneumoniae/0003.fna.gz","922/1000",0,0.00197282
"jTiRmR53by543rfq4UbbmC","SAMEA6654210",,,,"Klebsiella pneumoniae","573","Klebsiella","570",,"Klebsiella_pneumoniae/0012.fna.gz","739/1000",0,0.00774383
"mXmvUBJsJ3NCEFC9wtxG9K","SAMEA111505137",,,,"Klebsiella pneumoniae","573","Klebsiella","570","Curated","Klebsiella_pneumoniae/0023.fna.gz","840/1000",0,0.00433199
"btUoFbd8aqxcD1n6YhpvHc","SAMEA5753781",,,,"Klebsiella pneumoniae","573","Klebsiella","570",,"Klebsiella_pneumoniae/0450.fna.gz","749/1000",0,0.00737682
"okt9qZNhhLcsFeCFnXKnuK","SAMN05960929",,,,"Klebsiella pneumoniae","573","Klebsiella","570",,"Klebsiella_pneumoniae/0003.fna.gz","937/1000",0,0.00157453
"hbHdbHfoXrwNJcLBhzHvVm","SAMN05960924",,,,"Klebsiella pneumoniae","573","Klebsiella","570",,"Klebsiella_pneumoniae/0184.fna.gz","877/1000",0,0.00322742
"kBALZdVn7VujpzkzPa26An","SAMEA7472437",,,,"Klebsiella pneumoniae","573","Klebsiella","570","Curated","Klebsiella_pneumoniae/0179.fna.gz","864/1000",0,0.00360762
"tTyCjY4Csbq3fyU8svwuo4","SAMEA111504600",,,,"Klebsiella pneumoniae","573","Klebsiella","570","Curated","Klebsiella_pneumoniae/0009.fna.gz","796/1000",0,0.00574147
"hxXhLzorgrHxR6NnkSrdqN","SAMEA6155892",,,,"Klebsiella pneumoniae","573","Klebsiella","570",,"Klebsiella_pneumoniae/0001.fna.gz","813/1000",0,0.00518381
"eATSxGb5iiL8KhfjiQiVPf","SAMEA5753489",,,,"Klebsiella pneumoniae","573","Klebsiella","570",,"Klebsiella_pneumoniae/0167.fna.gz","726/1000",0,0.00823165
"axVxmWyZzm8aS1bKjVkAnL","SAMEA6155808",,,,"Klebsiella pneumoniae","573","Klebsiella","570",,"Klebsiella_pneumoniae/0189.fna.gz","941/1000",0,0.00146992
"abi1Cozq38MftZu9GoWRo8","SAMEA115925714",,,,"Klebsiella pneumoniae","573","Klebsiella","570",,"Klebsiella_pneumoniae/0009.fna.gz","915/1000",0,0.00216198
"34caPkcrqQNC2rujeV82s2","SAMEA7472490",,,,"Klebsiella pneumoniae","573","Klebsiella","570","Curated","Klebsiella_pneumoniae/0179.fna.gz","908/1000",0,0.0023533
"eRdZQySuxPmv3FVXxLg8yD","SAMEA7472512",,,,"Klebsiella pneumoniae","573","Klebsiella","570","Curated","Klebsiella_pneumoniae/0022.fna.gz","824/1000",0,0.00483188
"csEo9XuSMWgYBzktbKmSSj","SAMEA6155787",,,,"Klebsiella pneumoniae","573","Klebsiella","570",,"Klebsiella_pneumoniae/0042.fna.gz","950/1000",0,0.00123693
"aeouxh2g1Te9sjQB2ycPTG","SAMEA4785014",,,,"Klebsiella pneumoniae","573","Klebsiella","570",,"Klebsiella_pneumoniae/0008.fna.gz","896/1000",0,0.00268639
"eFTqiVDFVeLz3FoRKmGuTg","SAMN05960903",,,,"Klebsiella pneumoniae","573","Klebsiella","570",,"Klebsiella_pneumoniae/0129.fna.gz","892/1000",0,0.00279888
"uqbGSJGG4JqDCK8bRXzBVM","SAMEA6155813",,,,"Klebsiella pneumoniae","573","Klebsiella","570",,"Klebsiella_pneumoniae/0004.fna.gz","784/1000",0,0.00614558
"deESyp4UGZFrjXdyBnMYd4","SAMEA112281697",,,,"Klebsiella pneumoniae","573","Klebsiella","570",,"Klebsiella_pneumoniae/0082.fna.gz","828/1000",0,0.00470559
"aaFzZcsBR9xtdcU9RYjc7z","SAMEA6156056",,,,"Klebsiella pneumoniae","573","Klebsiella","570",,"Klebsiella_pneumoniae/0053.fna.gz","729/1000",0,0.00811798
"2zMSRqAocfCJKkD9QNFy4h","SAMEA111505127",,,,"Klebsiella pneumoniae","573","Klebsiella","570","Curated","Klebsiella_pneumoniae/0137.fna.gz","835/1000",0,0.00448671
"8Btp9dTmkRESv5TD8E1XB6","SAMEA5753780",,,,"Klebsiella pneumoniae","573","Klebsiella","570",,"Klebsiella_pneumoniae/0182.fna.gz","723/1000",0,0.00834599
"wRpqmEWMcumMfMrGJ1wxZQ","SAMEA5753765",,,,"Klebsiella pneumoniae","573","Klebsiella","570",,"Klebsiella_pneumoniae/0213.fna.gz","729/1000",0,0.00811798
"hd8rgdPvTyBYYYUDZXhUKY","SAMEA5753758",,,,"Klebsiella pneumoniae","573","Klebsiella","570",,"Klebsiella_pneumoniae/0155.fna.gz","859/1000",0,0.00375609
"sBY9yaGJ9Z3UehhpmLwApW","SAMN05960912",,,,"Klebsiella pneumoniae","573","Klebsiella","570",,"Klebsiella_pneumoniae/0004.fna.gz","799/1000",0,0.00564181
"9Cg5tSRuj3WekAkohxtNF8","SAMEA6155831",,,,"Klebsiella pneumoniae","573","Klebsiella","570",,"Klebsiella_pneumoniae/0082.fna.gz","841/1000",0,0.00430121
"byKxLedN8hkeYPzGY9RN3e","SAMEA6156048",,,,"Klebsiella pneumoniae","573","Klebsiella","570",,"Klebsiella_pneumoniae/0012.fna.gz","735/1000",0,0.00789262
"emc2Y8aewkeLdrXP1ErTVq","SAMEA6422787",,,,"Klebsiella pneumoniae","573","Klebsiella","570",,"Klebsiella_pneumoniae/0042.fna.gz","953/1000",0,0.00115999
"5YcHZfCXXEbTw9xNzuwa1J","SAMEA111505136",,,,"Klebsiella pneumoniae","573","Klebsiella","570","Curated","Klebsiella_pneumoniae/0220.fna.gz","773/1000",0,0.00652391
"5fgTM9Ykzy6oP5gU2VX5NY","SAMEA4785015",,,,"Klebsiella pneumoniae","573","Klebsiella","570",,"Klebsiella_pneumoniae/0008.fna.gz","888/1000",0,0.00291212
"qnFhGhEkJsEpymtjuEuRg4","SAMN05960965",,,,"Klebsiella pneumoniae","573","Klebsiella","570",,"Klebsiella_pneumoniae/0027.fna.gz","810/1000",0,0.00528099
"7ktPb5meWXzfQRweFnU2FQ","SAMN36884892",,,,"Klebsiella pneumoniae","573","Klebsiella","570",,"Klebsiella_pneumoniae/0042.fna.gz","926/1000",0,0.00186568
"mh8QsLVSKkkUpSJ2Gqsxz6","SAMEA7472453",,,,"Klebsiella pneumoniae","573","Klebsiella","570","Curated","Klebsiella_pneumoniae/0004.fna.gz","794/1000",0,0.00580821
"aCn3H8dceHdJsdtEZ3b3t4","SAMEA111505121",,,,"Klebsiella pneumoniae","573","Klebsiella","570","Curated","Klebsiella_pneumoniae/0220.fna.gz","740/1000",0,0.00770681
"uEJwJQyMJ2QWaL2CKEdcYW","SAMEA7472492",,,,"Klebsiella pneumoniae","573","Klebsiella","570","Curated","Klebsiella_pneumoniae/0069.fna.gz","841/1000",0,0.00430121
"tJvLJNL45xQFCnezmWwrq9","SAMEA6654228",,,,"Klebsiella pneumoniae","573","Klebsiella","570",,"Klebsiella_pneumoniae/0009.fna.gz","835/1000",0,0.00448671
"6NgTy4avhPgFMyd7ew6qw3","SAMN05960920",,,,"Klebsiella pneumoniae","573","Klebsiella","570",,"Klebsiella_pneumoniae/0186.fna.gz","1000/1000",0,0
"k1Abhny5Aj34cCaarEoCXn","SAMN05960960",,,,"Klebsiella pneumoniae","573","Klebsiella","570",,"Klebsiella_pneumoniae/0182.fna.gz","1000/1000",0,0
"fFbaU85qpMEsGYwmCyq8Ut","SAMEA6155806",,,,"Klebsiella pneumoniae","573","Klebsiella","570",,"Klebsiella_pneumoniae/0042.fna.gz","965/1000",0,0.000855821
"eHwENZHnSn65mbjtkJquHt","SAMEA6155925",,,,"Klebsiella pneumoniae","573","Klebsiella","570",,"Klebsiella_pneumoniae/0036.fna.gz","899/1000",0,0.0026025
"1eAFffAm8xJ8pXbru3vQpd","SAMEA6654243",,,,"Klebsiella pneumoniae","573","Klebsiella","570",,"Klebsiella_pneumoniae/0009.fna.gz","831/1000",0,0.00461146
"bZXch8WCLn5U1VZ58x88Hr","SAMEA111505119",,,,"Klebsiella pneumoniae","573","Klebsiella","570","Curated","Klebsiella_pneumoniae/0042.fna.gz","937/1000",0,0.00157453
"knFHbBqNXxxzUbaNPwArxH","SAMEA111505115",,,,"Klebsiella pneumoniae","573","Klebsiella","570","Curated","Klebsiella_pneumoniae/0012.fna.gz","728/1000",0,0.0081558
"8zoC2M3h7ckamKAjpBihyV","SAMN05960928",,,,"Klebsiella pneumoniae","573","Klebsiella","570",,"Klebsiella_pneumoniae/0009.fna.gz","889/1000",0,0.00288374
"8gFkefqhqjn2zNeN7LKmRW","SAMEA6654211",,,,"Klebsiella pneumoniae","573","Klebsiella","570",,"Klebsiella_pneumoniae/0179.fna.gz","880/1000",0,0.00314086
"hz5rMPrdhtpW96VDvP4ne8","SAMEA5753729",,,,"Klebsiella pneumoniae","573","Klebsiella","570",,"Klebsiella_pneumoniae/0014.fna.gz","751/1000",0,0.00730426
"rZERGMB5Yp52Kp9vx2uP5D","SAMN45807623",,,,"Klebsiella pneumoniae","573","Klebsiella","570",,"Klebsiella_pneumoniae/0069.fna.gz","837/1000",0,0.00442466
"dZyyTnDodd4XHPZiAk8kQE","SAMEA5753768",,,,"Klebsiella pneumoniae","573","Klebsiella","570",,"Klebsiella_pneumoniae/0344.fna.gz","829/1000",0,0.00467416
"wjtzE9JUA51SH7xKqraRjv","SAMEA6155819",,,,"Klebsiella pneumoniae","573","Klebsiella","570",,"Klebsiella_pneumoniae/0009.fna.gz","810/1000",0,0.00528099
"p8SgQFDtWxd81Tv3ftnaxK","SAMEA6422760",,,,"Klebsiella pneumoniae","573","Klebsiella","570",,"Klebsiella_pneumoniae/0202.fna.gz","816/1000",0,0.00508714
"3M69ozjtNhRxze64xdpMpL","SAMEA6155857",,,,"Klebsiella pneumoniae","573","Klebsiella","570",,"Klebsiella_pneumoniae/0033.fna.gz","818/1000",0,0.00502299
"edEEzeCWmw8eUUzUVioFCf","SAMN36884890",,,,"Klebsiella pneumoniae","573","Klebsiella","570",,"Klebsiella_pneumoniae/0207.fna.gz","848/1000",0,0.00408721
"s5urbXg1iSbtHC25WfJZks","SAMEA5753712",,,,"Klebsiella pneumoniae","573","Klebsiella","570",,"Klebsiella_pneumoniae/0243.fna.gz","871/1000",0,0.00340187
"nyYYpR79VZtQcasBLdMfiW","SAMEA6422733",,,,"Klebsiella pneumoniae","573","Klebsiella","570",,"Klebsiella_pneumoniae/0185.fna.gz","948/1000",0,0.00128842
"b18mSByJ73Zc2ni9mtXKWN","SAMEA5753713",,,,"Klebsiella pneumoniae","573","Klebsiella","570",,"Klebsiella_pneumoniae/0009.fna.gz","806/1000",0,0.00541137
"je24hCpvFs5pMLicnwhQV9","SAMEA111504614",,,,"Klebsiella pneumoniae","573","Klebsiella","570","Curated","Klebsiella_pneumoniae/0012.fna.gz","839/1000",0,0.00436283
"pqK3qeL4G7ZPVdSy5CjHSj","SAMEA6155818",,,,"Klebsiella pneumoniae","573","Klebsiella","570",,"Klebsiella_pneumoniae/0009.fna.gz","781/1000",0,0.006248
"etKUropWVWCEFKiwWV2BBG","SAMEA5753733",,,,"Klebsiella pneumoniae","573","Klebsiella","570",,"Klebsiella_pneumoniae/0240.fna.gz","873/1000",0,0.00334352
"cGZBRpV9knuSfH1frNBE59","SAMEA6654235",,,,"Klebsiella pneumoniae","573","Klebsiella","570",,"Klebsiella_pneumoniae/0009.fna.gz","833/1000",0,0.00454897
"nNQUHVVTb9zCiUFMKY1hwx","SAMEA5753715",,,,"Klebsiella pneumoniae","573","Klebsiella","570",,"Klebsiella_pneumoniae/0200.fna.gz","849/1000",0,0.00405685
"jatWGqpAH5JvPSwEyou3qQ","SAMEA7472421",,,,"Klebsiella pneumoniae","573","Klebsiella","570","Curated","Klebsiella_pneumoniae/0108.fna.gz","816/1000",0,0.00508714
"6td5bCdGNsHhzxmY5DuJpm","SAMN05960948",,,,"Klebsiella pneumoniae","573","Klebsiella","570",,"Klebsiella_pneumoniae/0082.fna.gz","816/1000",0,0.00508714
"7eksoQvSQJyk2soDV1M8cw","SAMN36884871",,,,"Klebsiella pneumoniae","573","Klebsiella","570",,"Klebsiella_pneumoniae/0009.fna.gz","800/1000",0,0.00560872
"kfwfeXJbtjiTtaFgYBYKfM","SAMN05960875",,,,"Klebsiella pneumoniae","573","Klebsiella","570",,"Klebsiella_pneumoniae/0009.fna.gz","765/1000",0,0.00680395
"7W9Wh4jVNr3gqSKjaTTVrX","SAMEA5753764",,,,"Klebsiella pneumoniae","573","Klebsiella","570",,"Klebsiella_pneumoniae/0293.fna.gz","804/1000",0,0.00547692
"fu2unBzGpQ9HD7HQwWeFbr","SAMEA5753706",,,,"Klebsiella pneumoniae","573","Klebsiella","570",,"Klebsiella_pneumoniae/0009.fna.gz","774/1000",0,0.0064892
"hngZ5fvGRzhg2ho5dAJvLB","SAMEA6654229",,,,"Klebsiella pneumoniae","573","Klebsiella","570",,"Klebsiella_pneumoniae/0009.fna.gz","833/1000",0,0.00454897
"hnZ1ZdE6LAQiPB2GCPXSqn","SAMEA115925706",,,,"Klebsiella pneumoniae","573","Klebsiella","570",,"Klebsiella_pneumoniae/0179.fna.gz","895/1000",0,0.00271444
"mDqJJTmFgkFCPtdJsmaa9f","SAMEA6156101",,,,"Klebsiella pneumoniae","573","Klebsiella","570",,"Klebsiella_pneumoniae/0082.fna.gz","803/1000",0,0.00550978
"fitubmJhtjdRfHPy7SK1BH","SAMEA6155722",,,,"Klebsiella pneumoniae","573","Klebsiella","570",,"Klebsiella_pneumoniae/0004.fna.gz","781/1000",0,0.006248
"3MA526pMqPnbBirPCAfuqy","SAMN05960905",,,,"Klebsiella pneumoniae","573","Klebsiella","570",,"Klebsiella_pneumoniae/0023.fna.gz","853/1000",0,0.00393593
"9cPaMjZBTZ8UuXxqxw8RB6","SAMEA6422782",,,,"Klebsiella pneumoniae","573","Klebsiella","570",,"Klebsiella_pneumoniae/0082.fna.gz","826/1000",0,0.00476862
"9UbPm98MQKPEXCjhgM6XyT","SAMN41988736",,,,"Klebsiella pneumoniae","573","Klebsiella","570",,"Klebsiella_pneumoniae/0036.fna.gz","907/1000",0,0.00238081
"bAvZYPTTZB28fNDnWSoNzb","SAMEA6654233",,,,"Klebsiella pneumoniae","573","Klebsiella","570",,"Klebsiella_pneumoniae/0009.fna.gz","838/1000",0,0.00439372
"44GGVE1Y8qV6RnvZ2QmjzV","SAMEA7472474",,,,"Klebsiella pneumoniae","573","Klebsiella","570",,"Klebsiella_pneumoniae/0393.fna.gz","685/1000",0,0.00985499
"3FuWbd6iGPmGnVZZcGZyfs","SAMEA111504613",,,,"Klebsiella pneumoniae","573","Klebsiella","570","Curated","Klebsiella_pneumoniae/0082.fna.gz","831/1000",0,0.00461146
"vHGvxrKSaFxeGXjF6BdbxC","SAMN05960872",,,,"Klebsiella pneumoniae","573","Klebsiella","570",,"Klebsiella_pneumoniae/0475.fna.gz","740/1000",0,0.00770681
"7uKY2qaZYWVBwzpDeBiFfs","SAMEA4785004",,,,"Klebsiella pneumoniae","573","Klebsiella","570",,"Klebsiella_pneumoniae/0187.fna.gz","830/1000",0,0.00464278
"8VpgMT25T3vC3CQ4msverS","SAMEA6155812",,,,"Klebsiella pneumoniae","573","Klebsiella","570",,"Klebsiella_pneumoniae/0012.fna.gz","735/1000",0,0.00789262
"rXmjdxBcV3RiCYQcFLAVpe","SAMEA5753702",,,,"Klebsiella pneumoniae","573","Klebsiella","570",,"Klebsiella_pneumoniae/0224.fna.gz","827/1000",0,0.00473708
"u5kvsKQqPhBxL934Cq9gcd","SAMEA6155867",,,,"Klebsiella pneumoniae","573","Klebsiella","570",,"Klebsiella_pneumoniae/0004.fna.gz","786/1000",0,0.00607761
"iZPKFzecZEFRQ8HmNDhgjo","SAMEA6155871",,,,"Klebsiella pneumoniae","573","Klebsiella","570",,"Klebsiella_pneumoniae/0036.fna.gz","899/1000",0,0.0026025
"mkvUGFdMkBi4RkyhgK68qy","SAMEA6155800",,,,"Klebsiella pneumoniae","573","Klebsiella","570",,"Klebsiella_pneumoniae/0161.fna.gz","879/1000",0,0.00316966
"9CCiQRuF1iiXJcym6A21J5","SAMEA5753767",,,,"Klebsiella pneumoniae","573","Klebsiella","570",,"Klebsiella_pneumoniae/0270.fna.gz","908/1000",0,0.0023533
"7wDUQTqU6GG7ibv7DvsZXW","SAMEA6422769",,,,"Klebsiella pneumoniae","573","Klebsiella","570",,"Klebsiella_pneumoniae/0082.fna.gz","831/1000",0,0.00461146
"8akqHeZBUgH2nDjdmxK8yD","SAMN45807627",,,,"Klebsiella pneumoniae","573","Klebsiella","570",,"Klebsiella_pneumoniae/0185.fna.gz","948/1000",0,0.00128842
"3tmGB8ktxVeLWCRwUz9d8c","SAMN05960950",,,,"Klebsiella pneumoniae","573","Klebsiella","570",,"Klebsiella_pneumoniae/0475.fna.gz","730/1000",0,0.00808024
"8PBMxwG1U2WaAyyVedcK11","SAMEA6863335",,,,"Klebsiella pneumoniae","573","Klebsiella","570","Curated","Klebsiella_pneumoniae/0077.fna.gz","800/1000",0,0.00560872
"hfQYsRNWpdeZBK7B1g76BR","SAMEA7472393",,,,"Klebsiella pneumoniae","573","Klebsiella","570","Curated","Klebsiella_pneumoniae/0014.fna.gz","751/1000",0,0.00730426
"jj5m1fz4JbfRLGmD548WR6","SAMEA6654214",,,,"Klebsiella pneumoniae","573","Klebsiella","570",,"Klebsiella_pneumoniae/0012.fna.gz","740/1000",0,0.00770681
"kYMbynLb8HU4zrcBkbYkH9","SAMN36884879",,,,"Klebsiella pneumoniae","573","Klebsiella","570",,"Klebsiella_pneumoniae/0042.fna.gz","909/1000",0,0.00232584
"sAw5HbYFaHi6GVG2gyUbGW","SAMEA6422744",,,,"Klebsiella pneumoniae","573","Klebsiella","570",,"Klebsiella_pneumoniae/0042.fna.gz","943/1000",0,0.00141786
"w5Ju2HjwAnSNu2zaZLcPe5","SAMEA5753488",,,,"Klebsiella pneumoniae","573","Klebsiella","570",,"Klebsiella_pneumoniae/0427.fna.gz","845/1000",0,0.00417861
"o7ZNphmQDDp6U23oNmT1F6","SAMEA8515143",,,,"Klebsiella pneumoniae","573","Klebsiella","570","Curated","Klebsiella_pneumoniae/0367.fna.gz","691/1000",0,0.00960897
"dP2G69R9JYhdUHH1QF2v2w","SAMN05960915",,,,"Klebsiella pneumoniae","573","Klebsiella","570",,"Klebsiella_pneumoniae/0004.fna.gz","825/1000",0,0.00480022
"iwi5npfx9osTxgTVKTk87T","SAMN05960887",,,,"Klebsiella pneumoniae","573","Klebsiella","570",,"Klebsiella_pneumoniae/0009.fna.gz","805/1000",0,0.00544411
"oocPAdbbXbiWBWdWg7aYuk","SAMEA5753766",,,,"Klebsiella pneumoniae","573","Klebsiella","570",,"Klebsiella_pneumoniae/0425.fna.gz","952/1000",0,0.0011856
"ce21hb7zojMnor7zg5sWZa","SAMEA6155863",,,,"Klebsiella pneumoniae","573","Klebsiella","570",,"Klebsiella_pneumoniae/0080.fna.gz","876/1000",0,0.00325637
"sjbJuWVDRiDDqNnEJyPAkY","SAMEA6654247",,,,"Klebsiella pneumoniae","573","Klebsiella","570",,"Klebsiella_pneumoniae/0009.fna.gz","832/1000",0,0.00458019
"xdNsKsPiEWkzU1GEMC1i6m","SAMN05960884",,,,"Klebsiella pneumoniae","573","Klebsiella","570",,"Klebsiella_pneumoniae/0180.fna.gz","999/1000",0,0.0000238274
"jas4phQXkagxhCyPHioY9i","SAMN36884874",,,,"Klebsiella pneumoniae","573","Klebsiella","570",,"Klebsiella_pneumoniae/0066.fna.gz","902/1000",0,0.00251903
"mRcHS7TgKD2g46yZERJDdp","SAMEA7472503",,,,"Klebsiella pneumoniae","573","Klebsiella","570","Curated","Klebsiella_pneumoniae/0042.fna.gz","959/1000",0,0.0010072
"27Ru2zdMwBbPvcvNupdnRx","SAMEA7472473",,,,"Klebsiella pneumoniae","573","Klebsiella","570",,"Klebsiella_pneumoniae/0009.fna.gz","809/1000",0,0.00531349
"eR5kicJVi4tWZdTzoSQtoD","SAMEA6155828",,,,"Klebsiella pneumoniae","573","Klebsiella","570",,"Klebsiella_pneumoniae/0004.fna.gz","795/1000",0,0.00577481
"1FuNVd4tgXsAV9NYkp4824","SAMEA6155882",,,,"Klebsiella pneumoniae","573","Klebsiella","570",,"Klebsiella_pneumoniae/0042.fna.gz","944/1000",0,0.00139189
"c4GTL4K9vYXFBPKGyxKQ4X","SAMEA7472440",,,,"Klebsiella pneumoniae","573","Klebsiella","570","Curated","Klebsiella_pneumoniae/0009.fna.gz","760/1000",0,0.00698112
"u7J4WButML2okadV4zrfkY","SAMEA5753741",,,,"Klebsiella pneumoniae","573","Klebsiella","570",,"Klebsiella_pneumoniae/0264.fna.gz","743/1000",0,0.00759618
"qFjC5wtsMs7Mx9esCZwse4","SAMN36884872",,,,"Klebsiella pneumoniae","573","Klebsiella","570",,"Klebsiella_pneumoniae/0004.fna.gz","791/1000",0,0.00590877
"kJNnXoD8vixEUPVE2DqeAz","SAMEA6155835",,,,"Klebsiella pneumoniae","573","Klebsiella","570",,"Klebsiella_pneumoniae/0289.fna.gz","798/1000",0,0.00567497
"7v9Nq4PcZg5wXgoxJUe8Yn","SAMN05960951",,,,"Klebsiella pneumoniae","573","Klebsiella","570","Curated","Klebsiella_pneumoniae/0027.fna.gz","810/1000",0,0.00528099
"5D1JBtLHpQK42J1vJ8DXSP","SAMN05960923",,,,"Klebsiella pneumoniae","573","Klebsiella","570",,"Klebsiella_pneumoniae/0245.fna.gz","769/1000",0,0.00666341
"kzMniy1Ghag8qUvFLaDQKa","SAMEA5753701",,,,"Klebsiella pneumoniae","573","Klebsiella","570",,"Klebsiella_pneumoniae/0378.fna.gz","700/1000",0,0.00924552
"tz3KKQTzSeRctTL127zPKF","SAMEA6654223",,,,"Klebsiella pneumoniae","573","Klebsiella","570",,"Klebsiella_pneumoniae/0009.fna.gz","833/1000",0,0.00454897
"82eR6GZey3tNBaqHGtxGzw","SAMEA6654238",,,,"Klebsiella pneumoniae","573","Klebsiella","570",,"Klebsiella_pneumoniae/0009.fna.gz","832/1000",0,0.00458019
"8bSGN5wekQSzMu67jP73ZP","SAMEA111505114",,,,"Klebsiella pneumoniae","573","Klebsiella","570","Curated","Klebsiella_pneumoniae/0042.fna.gz","928/1000",0,0.00181236
"tG6acDHGobY51suiQSFBKX","SAMEA6654236",,,,"Klebsiella pneumoniae","573","Klebsiella","570",,"Klebsiella_pneumoniae/0009.fna.gz","839/1000",0,0.00436283
"mZ82Nevx73s1WDbcNDRULC","SAMEA4785010",,,,"Klebsiella pneumoniae","573","Klebsiella","570",,"Klebsiella_pneumoniae/0082.fna.gz","840/1000",0,0.00433199
"k9JCAPMxurzSKXmtzZYL5T","SAMEA6654225",,,,"Klebsiella pneumoniae","573","Klebsiella","570",,"Klebsiella_pneumoniae/0009.fna.gz","837/1000",0,0.00442466
"vGtJVDvJbXimrzWLDFZdXQ","SAMN36884885",,,,"Klebsiella pneumoniae","573","Klebsiella","570",,"Klebsiella_pneumoniae/0046.fna.gz","981/1000",0,0.000458924
"tRwz3rgZ949fz2WZhyGu7T","SAMEA111505140",,,,"Klebsiella pneumoniae","573","Klebsiella","570","Curated","Klebsiella_pneumoniae/0403.fna.gz","791/1000",0,0.00590877
"tCDM3F6zSTTBUgKunyb8sH","SAMEA6422765",,,,"Klebsiella pneumoniae","573","Klebsiella","570",,"Klebsiella_pneumoniae/0009.fna.gz","862/1000",0,0.00366686
"2Zgx7whbCctjN9tBdvUggB","SAMEA111505130",,,,"Klebsiella pneumoniae","573","Klebsiella","570","Curated","Klebsiella_pneumoniae/0200.fna.gz","752/1000",0,0.00726808
"d9CdBxjfAoMmmG61oZuuKN","SAMN05960946",,,,"Klebsiella pneumoniae","573","Klebsiella","570",,"Klebsiella_pneumoniae/0095.fna.gz","787/1000",0,0.00604372
"xpuYKKN33xUwEFEHcYNxrv","SAMEA7472471",,,,"Klebsiella pneumoniae","573","Klebsiella","570","Curated","Klebsiella_pneumoniae/0033.fna.gz","770/1000",0,0.00662843
"gWctNQwWhVx3SHvoycbz5o","SAMEA6654241",,,,"Klebsiella pneumoniae","573","Klebsiella","570",,"Klebsiella_pneumoniae/0009.fna.gz","832/1000",0,0.00458019
"mrbKzGk1dyjdEhyvwp9UH5","SAMEA111505142",,,,"Klebsiella pneumoniae","573","Klebsiella","570","Curated","Klebsiella_pneumoniae/0042.fna.gz","930/1000",0,0.00175922
"vPnNvNW6p1ALprg57MTF4k","SAMEA6654230",,,,"Klebsiella pneumoniae","573","Klebsiella","570",,"Klebsiella_pneumoniae/0009.fna.gz","836/1000",0,0.00445566
"3A34G7y3D2ARzcjgdhtEqr","SAMEA5753802",,,,"Klebsiella pneumoniae","573","Klebsiella","570",,"Klebsiella_pneumoniae/0450.fna.gz","844/1000",0,0.00420918
"ep4NAxRxYEM4xd8FEHYC6d","SAMEA6654239",,,,"Klebsiella pneumoniae","573","Klebsiella","570",,"Klebsiella_pneumoniae/0009.fna.gz","832/1000",0,0.00458019
"2HLjQ9mr1jyR9L4XFAeF9E","SAMEA5753724",,,,"Klebsiella pneumoniae","573","Klebsiella","570",,"Klebsiella_pneumoniae/0018.fna.gz","805/1000",0,0.00544411
"fstHdZDYbS5mHrCxcBxm1p","SAMN05960945",,,,"Klebsiella pneumoniae","573","Klebsiella","570",,"Klebsiella_pneumoniae/0095.fna.gz","787/1000",0,0.00604372
"cn2BAN2ymgY9j4cHSULQco","SAMEA6422774",,,,"Klebsiella pneumoniae","573","Klebsiella","570",,"Klebsiella_pneumoniae/0042.fna.gz","947/1000",0,0.00131423
"65GXWu7971WMZfcK6f2yRL","SAMEA6654221",,,,"Klebsiella pneumoniae","573","Klebsiella","570",,"Klebsiella_pneumoniae/0009.fna.gz","837/1000",0,0.00442466
"1X3RHR1R9T3bHHmdytUUzm","SAMEA4785006",,,,"Klebsiella pneumoniae","573","Klebsiella","570","Curated","Klebsiella_pneumoniae/0004.fna.gz","778/1000",0,0.00635099
"o27LtUbbnM7sAbWc5HMNwp","SAMEA5753798",,,,"Klebsiella pneumoniae","573","Klebsiella","570",,"Klebsiella_pneumoniae/0479.fna.gz","781/1000",0,0.006248
"3ETZnCVSXG1XhYMeJg44uh","SAMEA6422762",,,,"Klebsiella pneumoniae","573","Klebsiella","570",,"Klebsiella_pneumoniae/0004.fna.gz","784/1000",0,0.00614558
"96cksz4WjidZG4XXudpBGN","SAMN05960955",,,,"Klebsiella pneumoniae","573","Klebsiella","570",,"Klebsiella_pneumoniae/0189.fna.gz","998/1000",0,0.0000476906
"saQY2KcQvxx3dmBCmfJKbA","SAMEA6155911",,,,"Klebsiella pneumoniae","573","Klebsiella","570",,"Klebsiella_pneumoniae/0001.fna.gz","824/1000",0,0.00483188
"4CEinHPjbqftRKokEeVUgV","SAMEA115925720",,,,"Klebsiella pneumoniae","573","Klebsiella","570",,"Klebsiella_pneumoniae/0004.fna.gz","783/1000",0,0.00617965
"6mvRGZipdvWcmDtzSe6mMc","SAMEA4785018",,,,"Klebsiella pneumoniae","573","Klebsiella","570",,"Klebsiella_pneumoniae/0082.fna.gz","856/1000",0,0.00384578
"9LPpTDMF2gYTgpLoGeYXV2","SAMEA6155889",,,,"Klebsiella pneumoniae","573","Klebsiella","570",,"Klebsiella_pneumoniae/0070.fna.gz","895/1000",0,0.00271444
"vkdwdm7JH34D88Q6BcT7eq","SAMEA8515150",,,,"Klebsiella pneumoniae","573","Klebsiella","570","Curated","Klebsiella_pneumoniae/0367.fna.gz","691/1000",0,0.00960897
"1c7a62n9V8BQPaEkvjMDc4","SAMN05960942",,,,"Klebsiella pneumoniae","573","Klebsiella","570",,"Klebsiella_pneumoniae/0095.fna.gz","786/1000",0,0.00607761
"vcDCfmYBJncwYdGQG2mpfR","SAMEA6155886",,,,"Klebsiella pneumoniae","573","Klebsiella","570",,"Klebsiella_pneumoniae/0012.fna.gz","735/1000",0,0.00789262
"iwr1hdHsuVcU4yvsihvFMj","SAMEA6155824",,,,"Klebsiella pneumoniae","573","Klebsiella","570",,"Klebsiella_pneumoniae/0001.fna.gz","813/1000",0,0.00518381
"jhNV3ZPRuaxd87WdMV1a1B","SAMEA6155790",,,,"Klebsiella pneumoniae","573","Klebsiella","570",,"Klebsiella_pneumoniae/0042.fna.gz","944/1000",0,0.00139189
"mhDuTKMYCV1V842nethQWY","SAMEA6155845",,,,"Klebsiella pneumoniae","573","Klebsiella","570",,"Klebsiella_pneumoniae/0001.fna.gz","764/1000",0,0.00683925
"5wTxRTqNZjtEuvGGj4Mx5Y","SAMN36884882",,,,"Klebsiella pneumoniae","573","Klebsiella","570",,"Klebsiella_pneumoniae/0042.fna.gz","960/1000",0,0.000981871
"p3uE7VsE14c6D5LHnqXS1M","SAMEA7472491",,,,"Klebsiella pneumoniae","573","Klebsiella","570","Curated","Klebsiella_pneumoniae/0069.fna.gz","840/1000",0,0.00433199
"fFWpeg8oUzsKkkvSLF3V9L","SAMEA111504608",,,,"Klebsiella pneumoniae","573","Klebsiella","570","Curated","Klebsiella_pneumoniae/0046.fna.gz","865/1000",0,0.00357808
"uL3CKBQ4ihoSFt3qZssevL","SAMEA111505132",,,,"Klebsiella pneumoniae","573","Klebsiella","570","Curated","Klebsiella_pneumoniae/0082.fna.gz","816/1000",0,0.00508714
"4vecoti19U8QYh9yiWeTgo","SAMEA6654213",,,,"Klebsiella pneumoniae","573","Klebsiella","570",,"Klebsiella_pneumoniae/0012.fna.gz","739/1000",0,0.00774383
"fqWJ9K2QRMJH8qE2eUujtf","SAMEA7472434",,,,"Klebsiella pneumoniae","573","Klebsiella","570","Curated","Klebsiella_pneumoniae/0367.fna.gz","695/1000",0,0.00944662
"oSeqP5cRrnXMcfoxkK8tBH","SAMEA6156052",,,,"Klebsiella pneumoniae","573","Klebsiella","570",,"Klebsiella_pneumoniae/0053.fna.gz","729/1000",0,0.00811798
"85P8Lz6iBLgADQsNbQj49m","SAMEA111505133",,,,"Klebsiella pneumoniae","573","Klebsiella","570","Curated","Klebsiella_pneumoniae/0345.fna.gz","873/1000",0,0.00334352
"sGGgYrWZsF3yCUZpU2GhEW","SAMN05960888",,,,"Klebsiella pneumoniae","573","Klebsiella","570",,"Klebsiella_pneumoniae/0023.fna.gz","854/1000",0,0.00390583
"wCwAFpJj3FF7zouFf7cV13","SAMN05960893",,,,"Klebsiella pneumoniae","573","Klebsiella","570",,"Klebsiella_pneumoniae/0003.fna.gz","889/1000",0,0.00288374
"ci5L8cj5N8sZma9eJaXag5","SAMEA5753787",,,,"Klebsiella pneumoniae","573","Klebsiella","570",,"Klebsiella_pneumoniae/0108.fna.gz","742/1000",0,0.00763299
"gfuP6GHjDZQ8BgLZEcDuXt","SAMEA6654222",,,,"Klebsiella pneumoniae","573","Klebsiella","570",,"Klebsiella_pneumoniae/0009.fna.gz","833/1000",0,0.00454897
"pbk2WX17WrWWJNqoAEyhm9","SAMEA4785005",,,,"Klebsiella pneumoniae","573","Klebsiella","570",,"Klebsiella_pneumoniae/0082.fna.gz","799/1000",0,0.00564181
"2NgpXYhueejuSuTAZyHPeh","SAMEA6155851",,,,"Klebsiella pneumoniae","573","Klebsiella","570",,"Klebsiella_pneumoniae/0475.fna.gz","737/1000",0,0.00781808
"dj8cNasQccRhPLsXQLMzjz","SAMEA7472438",,,,"Klebsiella pneumoniae","573","Klebsiella","570","Curated","Klebsiella_pneumoniae/0009.fna.gz","760/1000",0,0.00698112
"obEJj5XuFzXAkKQ79jF21X","SAMN36884895",,,,"Klebsiella pneumoniae","573","Klebsiella","570",,"Klebsiella_pneumoniae/0003.fna.gz","937/1000",0,0.00157453
"57nUkCKDPaeekz89J7aebq","SAMEA5753769",,,,"Klebsiella pneumoniae","573","Klebsiella","570",,"Klebsiella_pneumoniae/0456.fna.gz","685/1000",0,0.00985499
"kQbFftPeNydrTFLKm1gTh7","SAMEA7472431",,,,"Klebsiella pneumoniae","573","Klebsiella","570","Curated","Klebsiella_pneumoniae/0393.fna.gz","697/1000",0,0.00936594
"fhgmyF2yUq7AWaDrvx7pma","SAMEA6155832",,,,"Klebsiella pneumoniae","573","Klebsiella","570",,"Klebsiella_pneumoniae/0001.fna.gz","765/1000",0,0.00680395
"7TqRpehZ2qcivjv7zqcvTp","SAMEA7472368",,,,"Klebsiella pneumoniae","573","Klebsiella","570","Curated","Klebsiella_pneumoniae/0178.fna.gz","816/1000",0,0.00508714
"vPwBSvhKtWDxodfhjCnXmP","SAMEA111505129",,,,"Klebsiella pneumoniae","573","Klebsiella","570","Curated","Klebsiella_pneumoniae/0042.fna.gz","953/1000",0,0.00115999
"jPBM7SVA1a7tG9wqKzPojF","SAMN05960894",,,,"Klebsiella pneumoniae","573","Klebsiella","570",,"Klebsiella_pneumoniae/0003.fna.gz","889/1000",0,0.00288374
"ryJoVzNXJBEpGiXoCUBbzD","SAMEA5753347",,,,"Klebsiella pneumoniae","573","Klebsiella","570",,"Klebsiella_pneumoniae/0221.fna.gz","860/1000",0,0.0037263
"1a2iUfdSziZ4bAcFoFiyba","SAMEA111505135",,,,"Klebsiella pneumoniae","573","Klebsiella","570","Curated","Klebsiella_pneumoniae/0007.fna.gz","855/1000",0,0.00387578
"56rtBCLAfwhp1Mc8VrFiSU","SAMEA6155794",,,,"Klebsiella pneumoniae","573","Klebsiella","570",,"Klebsiella_pneumoniae/0009.fna.gz","780/1000",0,0.00628226
"9aiHzthWfG36nY5FfEZgt5","SAMEA6654217",,,,"Klebsiella pneumoniae","573","Klebsiella","570",,"Klebsiella_pneumoniae/0012.fna.gz","738/1000",0,0.00778092
"tTtLMUXkFaaF2sdixGjgda","SAMN05960885",,,,"Klebsiella pneumoniae","573","Klebsiella","570",,"Klebsiella_pneumoniae/0080.fna.gz","895/1000",0,0.00271444
"bxRyRAsmc1ZnVJrXNYtSzs","SAMN05960930",,,,"Klebsiella pneumoniae","573","Klebsiella","570",,"Klebsiella_pneumoniae/0183.fna.gz","1000/1000",0,0
"dzY5QotexRbxt2v6A8kejo","SAMEA5753370",,,,"Klebsiella pneumoniae","573","Klebsiella","570",,"Klebsiella_pneumoniae/0077.fna.gz","854/1000",0,0.00390583
"iby3wEYc9KeyTJd87zTnVv","SAMN31892434",,,,"Klebsiella pneumoniae","573","Klebsiella","570",,"Klebsiella_pneumoniae/0098.fna.gz","741/1000",0,0.00766986
"wUVBBmrNkX5ZbJQDo53r4F","SAMEA6155840",,,,"Klebsiella pneumoniae","573","Klebsiella","570",,"Klebsiella_pneumoniae/0004.fna.gz","792/1000",0,0.00587519
"xnrt1fvSQyjy6gwiDTPA2u","SAMEA115925718",,,,"Klebsiella pneumoniae","573","Klebsiella","570",,"Klebsiella_pneumoniae/0060.fna.gz","816/1000",0,0.00508714
"wBsYnQ5pxWiCw9S5y5GFKb","SAMEA111505131",,,,"Klebsiella pneumoniae","573","Klebsiella","570","Curated","Klebsiella_pneumoniae/0202.fna.gz","934/1000",0,0.00165343
"iry46BEny3LZM3U4XPWx8a","SAMEA5753334",,,,"Klebsiella pneumoniae","573","Klebsiella","570",,"Klebsiella_pneumoniae/0307.fna.gz","758/1000",0,0.00705245
"7j2nkQAgfkTrfc46osTtuW","SAMEA5753351",,,,"Klebsiella pneumoniae","573","Klebsiella","570",,"Klebsiella_pneumoniae/0077.fna.gz","859/1000",0,0.00375609
"9ZPqEpyvM7PSSoLwHHc7rT","SAMN36884889",,,,"Klebsiella pneumoniae","573","Klebsiella","570",,"Klebsiella_pneumoniae/0009.fna.gz","880/1000",0,0.00314086
"eCM2uKJm1Rvj2HdoVyeWSW","SAMEA5753719",,,,"Klebsiella pneumoniae","573","Klebsiella","570",,"Klebsiella_pneumoniae/0163.fna.gz","725/1000",0,0.00826969
"oPJnj2ekm9kUCNXgLdtzbP","SAMEA6155803",,,,"Klebsiella pneumoniae","573","Klebsiella","570",,"Klebsiella_pneumoniae/0187.fna.gz","867/1000",0,0.00351914
"tsvXV4uJf6PCRLXXJqesZr","SAMEA5753328",,,,"Klebsiella pneumoniae","573","Klebsiella","570",,"Klebsiella_pneumoniae/0316.fna.gz","721/1000",0,0.00842259
"21ZLrXeeHyHuywWtJokdwu","SAMEA6155791",,,,"Klebsiella pneumoniae","573","Klebsiella","570",,"Klebsiella_pneumoniae/0009.fna.gz","781/1000",0,0.006248
"wEaCTewaPHHud6H82H5S4P","SAMN36884893",,,,"Klebsiella pneumoniae","573","Klebsiella","570",,"Klebsiella_pneumoniae/0004.fna.gz","859/1000",0,0.00375609
"rq2cfjS6BAaV3WXFujUqVi","SAMEA4785008",,,,"Klebsiella pneumoniae","573","Klebsiella","570",,"Klebsiella_pneumoniae/0082.fna.gz","840/1000",0,0.00433199
"fvPvDLDTbv9MXXid3Zwz1i","SAMEA7472433",,,,"Klebsiella pneumoniae","573","Klebsiella","570",,"Klebsiella_pneumoniae/0367.fna.gz","692/1000",0,0.00956826
"aamPQGKaDvqCKgnosBKWZM","SAMN05960918",,,,"Klebsiella pneumoniae","573","Klebsiella","570",,"Klebsiella_pneumoniae/0190.fna.gz","1000/1000",0,0
"oKpzouhqV9EMw2cBQFoTea","SAMEA6155795",,,,"Klebsiella pneumoniae","573","Klebsiella","570",,"Klebsiella_pneumoniae/0042.fna.gz","928/1000",0,0.00181236
"6UmGxRCHX4KJH5mnLTkHCQ","SAMEA7472481",,,,"Klebsiella pneumoniae","573","Klebsiella","570","Curated","Klebsiella_pneumoniae/0042.fna.gz","965/1000",0,0.000855821
"4h4NT5tASN8UP1dyqRDtMQ","SAMEA5753728",,,,"Klebsiella pneumoniae","573","Klebsiella","570",,"Klebsiella_pneumoniae/0014.fna.gz","736/1000",0,0.00785531
"pbakVCetQtCKuteTnFQt5f","SAMEA5753711",,,,"Klebsiella pneumoniae","573","Klebsiella","570",,"Klebsiella_pneumoniae/0263.fna.gz","734/1000",0,0.00793
"iMG8H4Co69RHQYk1sNSRfJ","SAMEA7472446",,,,"Klebsiella pneumoniae","573","Klebsiella","570","Curated","Klebsiella_pneumoniae/0017.fna.gz","794/1000",0,0.00580821
"kwFfuopSUkAHHfF5viRbLn","SAMEA5753784",,,,"Klebsiella pneumoniae","573","Klebsiella","570",,"Klebsiella_pneumoniae/0129.fna.gz","879/1000",0,0.00316966
"nKztEJxaQRFH8q7CjZuMPR","SAMEA112281695",,,,"Klebsiella pneumoniae","573","Klebsiella","570",,"Klebsiella_pneumoniae/0082.fna.gz","828/1000",0,0.00470559
"mqJ6wVvYaSXMY6adcBANCp","SAMEA112281698",,,,"Klebsiella pneumoniae","573","Klebsiella","570",,"Klebsiella_pneumoniae/0009.fna.gz","752/1000",0,0.00726808
"pxzvtyf3M2fbPCQVXbFgtW","SAMEA5753750",,,,"Klebsiella pneumoniae","573","Klebsiella","570",,"Klebsiella_pneumoniae/0121.fna.gz","741/1000",0,0.00766986
"bbHjmhHU6Pj3HNf8irc8vE","SAMEA112622403",,,,"Klebsiella pneumoniae","573","Klebsiella","570","Curated","Klebsiella_pneumoniae/0176.fna.gz","848/1000",0,0.00408721
"odMkneuyvBekXi3t5gd65n","SAMEA6654242",,,,"Klebsiella pneumoniae","573","Klebsiella","570",,"Klebsiella_pneumoniae/0009.fna.gz","836/1000",0,0.00445566
"g8rdjWUAm2LL6rJJG5ZTf3","SAMN05960935",,,,"Klebsiella pneumoniae","573","Klebsiella","570",,"Klebsiella_pneumoniae/0013.fna.gz","821/1000",0,0.00492718
"in1AN9CPk4tMGdvygfSXWw","SAMEA5753761",,,,"Klebsiella pneumoniae","573","Klebsiella","570",,"Klebsiella_pneumoniae/0023.fna.gz","857/1000",0,0.00381583
"9pTFk2Q553efjZBE6rP2iq","SAMN41988742",,,,"Klebsiella pneumoniae","573","Klebsiella","570",,"Klebsiella_pneumoniae/0200.fna.gz","709/1000",0,0.00888862
"1giVL9n6jnoY6zzeySmeSr","SAMEA112281699",,,,"Klebsiella pneumoniae","573","Klebsiella","570","Curated","Klebsiella_pneumoniae/0009.fna.gz","786/1000",0,0.00607761
"3Y7gynbx2o4aKcDkKys25x","SAMEA111505113",,,,"Klebsiella pneumoniae","573","Klebsiella","570","Curated","Klebsiella_pneumoniae/0050.fna.gz","828/1000",0,0.00470559
"rvmkKyu1SvuhNSPf1h2J5m","SAMN05960901",,,,"Klebsiella pneumoniae","573","Klebsiella","570",,"Klebsiella_pneumoniae/0191.fna.gz","927/1000",0,0.001839
"7WnDm43QrjNec8vtWHPf7M","SAMN05960913",,,,"Klebsiella pneumoniae","573","Klebsiella","570",,"Klebsiella_pneumoniae/0187.fna.gz","862/1000",0,0.00366686
"4mp1yaqsPNm9uZkL9czRdK","SAMEA7472458",,,,"Klebsiella pneumoniae","573","Klebsiella","570",,"Klebsiella_pneumoniae/0069.fna.gz","841/1000",0,0.00430121
"oB4cB8RSV8ofjFjJBLLXVj","SAMEA6155827",,,,"Klebsiella pneumoniae","573","Klebsiella","570",,"Klebsiella_pneumoniae/0307.fna.gz","710/1000",0,0.00884936
"hdJoa1YA1B7mvkzuzMLcYi","SAMEA6155799",,,,"Klebsiella pneumoniae","573","Klebsiella","570",,"Klebsiella_pneumoniae/0050.fna.gz","754/1000",0,0.00719593
"henhQq47DRAjYrmkCVsKCV","SAMN05960970",,,,"Klebsiella pneumoniae","573","Klebsiella","570",,"Klebsiella_pneumoniae/0177.fna.gz","888/1000",0,0.00291212
"uhxVFMVtnDEK915m5ssmj8","SAMEA5753800",,,,"Klebsiella pneumoniae","573","Klebsiella","570",,"Klebsiella_pneumoniae/0389.fna.gz","759/1000",0,0.00701675
"iMLULs49BoiE2u7Tx6voK5","SAMEA5753795",,,,"Klebsiella pneumoniae","573","Klebsiella","570",,"Klebsiella_pneumoniae/0059.fna.gz","776/1000",0,0.00641996
"mVQsapn1bgGpHbYNDGgQ2F","SAMN05960889",,,,"Klebsiella pneumoniae","573","Klebsiella","570",,"Klebsiella_pneumoniae/0003.fna.gz","889/1000",0,0.00288374
"rQAC9uaqCQymXUxiu4nCbw","SAMEA5753737",,,,"Klebsiella pneumoniae","573","Klebsiella","570",,"Klebsiella_pneumoniae/0104.fna.gz","745/1000",0,0.00752278
"7K7X7kT9JLVHLYBf49wCrZ","SAMN41988745",,,,"Klebsiella pneumoniae","573","Klebsiella","570",,"Klebsiella_pneumoniae/0202.fna.gz","960/1000",0,0.000981871
"gLNzBYyV8st6sWjPyPhU9a","SAMEA112281694",,,,"Klebsiella pneumoniae","573","Klebsiella","570","Curated","Klebsiella_pneumoniae/0082.fna.gz","825/1000",0,0.00480022
"n88HMJpDkkCZSdT8jyMHPv","SAMEA6155881",,,,"Klebsiella pneumoniae","573","Klebsiella","570",,"Klebsiella_pneumoniae/0042.fna.gz","944/1000",0,0.00139189
"sqcCF27u2Jk2Ts9AhftTbT","SAMEA6422763",,,,"Klebsiella pneumoniae","573","Klebsiella","570",,"Klebsiella_pneumoniae/0080.fna.gz","854/1000",0,0.00390583
"aHCoEKTpfBd4z7hFqkjynA","SAMEA5753744",,,,"Klebsiella pneumoniae","573","Klebsiella","570",,"Klebsiella_pneumoniae/0476.fna.gz","861/1000",0,0.00369655
"a3jRseYa9Hb5Bmt2GmFMww","SAMEA5753791",,,,"Klebsiella pneumoniae","573","Klebsiella","570",,"Klebsiella_pneumoniae/0014.fna.gz","763/1000",0,0.00687462
"rD3YSY9RHtK82EVsqADyd3","SAMEA111505124",,,,"Klebsiella pneumoniae","573","Klebsiella","570","Curated","Klebsiella_pneumoniae/0082.fna.gz","818/1000",0,0.00502299
"vwqte6pbD3kh7mfEzLFxWh","SAMN05960964",,,,"Klebsiella pneumoniae","573","Klebsiella","570",,"Klebsiella_pneumoniae/0189.fna.gz","1000/1000",0,0
"vD7DP7MSiKLCFChzFi9k4d","SAMEA115925709",,,,"Klebsiella pneumoniae","573","Klebsiella","570",,"Klebsiella_pneumoniae/0082.fna.gz","789/1000",0,0.00597612
"rws57o7sLQkpt9evDWMvdv","SAMEA5753743",,,,"Klebsiella pneumoniae","573","Klebsiella","570",,"Klebsiella_pneumoniae/0119.fna.gz","831/1000",0,0.00461146
"6osF4xvGWgnyHoxMuxoDon","SAMEA6654245",,,,"Klebsiella pneumoniae","573","Klebsiella","570",,"Klebsiella_pneumoniae/0009.fna.gz","831/1000",0,0.00461146
"kmLw1MA31sJ5vV4LmNnd97","SAMEA111504610",,,,"Klebsiella pneumoniae","573","Klebsiella","570","Curated","Klebsiella_pneumoniae/0036.fna.gz","951/1000",0,0.00121124
"kYpJkJhU9K19EBkXL3AknW","SAMEA7472472",,,,"Klebsiella pneumoniae","573","Klebsiella","570","Curated","Klebsiella_pneumoniae/0033.fna.gz","773/1000",0,0.00652391
"nanSgc31C6YiaJwjhG7znD","SAMEA6155802",,,,"Klebsiella pneumoniae","573","Klebsiella","570",,"Klebsiella_pneumoniae/0070.fna.gz","949/1000",0,0.00126265
"dWYEoHDKeqzX8wfTZUcQgU","SAMEA5753709",,,,"Klebsiella pneumoniae","573","Klebsiella","570",,"Klebsiella_pneumoniae/0009.fna.gz","804/1000",0,0.00547692
"oDFqoJXXZ81zPqaoNhVE5T","SAMEA6654246",,,,"Klebsiella pneumoniae","573","Klebsiella","570",,"Klebsiella_pneumoniae/0009.fna.gz","831/1000",0,0.00461146
"38EhiTUsV53CgpEmxhMfb3","SAMEA5753740",,,,"Klebsiella pneumoniae","573","Klebsiella","570",,"Klebsiella_pneumoniae/0312.fna.gz","819/1000",0,0.004991
"g81Vzmtwb5xGbWJGsihxa8","SAMEA5753427",,,,"Klebsiella pneumoniae","573","Klebsiella","570",,"Klebsiella_pneumoniae/0179.fna.gz","894/1000",0,0.00274254
"wKyxRrzd6s8XXDwpq4f6Ue","SAMEA5753776",,,,"Klebsiella pneumoniae","573","Klebsiella","570",,"Klebsiella_pneumoniae/0482.fna.gz","889/1000",0,0.00288374
"5HDYNgA78QsL5YqK9KNQfa","SAMEA6654234",,,,"Klebsiella pneumoniae","573","Klebsiella","570",,"Klebsiella_pneumoniae/0009.fna.gz","837/1000",0,0.00442466
"wozRdyq36eTDcd11qo7qFd","SAMEA5753717",,,,"Klebsiella pneumoniae","573","Klebsiella","570",,"Klebsiella_pneumoniae/0007.fna.gz","839/1000",0,0.00436283
"jTfSN5GgDbYyf6cCjXrfc9","SAMEA6155804",,,,"Klebsiella pneumoniae","573","Klebsiella","570",,"Klebsiella_pneumoniae/0177.fna.gz","869/1000",0,0.0034604
"vc96La2inKC8EGjWVdn1JA","SAMN05960953",,,,"Klebsiella pneumoniae","573","Klebsiella","570",,"Klebsiella_pneumoniae/0475.fna.gz","730/1000",0,0.00808024
"gYuyXa9wDFdJ7wYo5JU7W7","SAMN46427850",,,,"Klebsiella pneumoniae","573","Klebsiella","570",,"Klebsiella_pneumoniae/0014.fna.gz","729/1000",0,0.00811798
"rH4HKQKMAjf9Xmi4wyu5E7","SAMEA5753745",,,,"Klebsiella pneumoniae","573","Klebsiella","570",,"Klebsiella_pneumoniae/0021.fna.gz","832/1000",0,0.00458019
"hS3E85jgMkxLjxWH5aZooS","SAMEA6155861",,,,"Klebsiella pneumoniae","573","Klebsiella","570",,"Klebsiella_pneumoniae/0187.fna.gz","868/1000",0,0.00348975
"xjLQK2fYg9Ukdtozg4Sp7F","SAMEA5753316",,,,"Klebsiella pneumoniae","573","Klebsiella","570",,"Klebsiella_pneumoniae/0221.fna.gz","826/1000",0,0.00476862
"3AYPL1eoPCAFhjikjJtcNG","SAMEA5753393",,,,"Klebsiella pneumoniae","573","Klebsiella","570",,"Klebsiella_pneumoniae/0267.fna.gz","769/1000",0,0.00666341
"8ybhuB6zFo6L8KJnHV6bzJ","SAMEA7472487",,,,"Klebsiella pneumoniae","573","Klebsiella","570",,"Klebsiella_pneumoniae/0003.fna.gz","928/1000",0,0.00181236
"5DPLDNgVqAUYMxUBNnpX8d","SAMEA7472498",,,,"Klebsiella pneumoniae","573","Klebsiella","570","Curated","Klebsiella_pneumoniae/0008.fna.gz","860/1000",0,0.0037263
"dsDG3ZSWiJrxk62Cu9pfMV","SAMEA115925711",,,,"Klebsiella pneumoniae","573","Klebsiella","570",,"Klebsiella_pneumoniae/0015.fna.gz","776/1000",0,0.00641996
"9WgXfV9ohbX114RJ1XEZYn","SAMEA6156049",,,,"Klebsiella pneumoniae","573","Klebsiella","570",,"Klebsiella_pneumoniae/0004.fna.gz","781/1000",0,0.006248
"mK9drvor3FCJz3m45cgZ9F","SAMEA111504599",,,,"Klebsiella pneumoniae","573","Klebsiella","570","Curated","Klebsiella_pneumoniae/0012.fna.gz","850/1000",0,0.00402654
"1dD6dr1Xx318F5sMym8mPK","SAMEA6155841",,,,"Klebsiella pneumoniae","573","Klebsiella","570",,"Klebsiella_pneumoniae/0082.fna.gz","794/1000",0,0.00580821
"c7BPuXQTy5V3bPRc263poc","SAMEA6155775",,,,"Klebsiella pneumoniae","573","Klebsiella","570",,"Klebsiella_pneumoniae/0042.fna.gz","926/1000",0,0.00186568
"eMHFZzFv6jFJNsLQGdPAph","SAMEA6422742",,,,"Klebsiella pneumoniae","573","Klebsiella","570",,"Klebsiella_pneumoniae/0042.fna.gz","943/1000",0,0.00141786
"vMANRNokQGFTwxTbb1sDjg","SAMEA6155848",,,,"Klebsiella pneumoniae","573","Klebsiella","570",,"Klebsiella_pneumoniae/0082.fna.gz","794/1000",0,0.00580821
"tKWU41iH2r9hDFNqMo9xbA","SAMEA7472416",,,,"Klebsiella pneumoniae","573","Klebsiella","570","Curated","Klebsiella_pneumoniae/0179.fna.gz","873/1000",0,0.00334352
"2y22DkeAoh6baAXP63VZ73","SAMEA6654215",,,,"Klebsiella pneumoniae","573","Klebsiella","570",,"Klebsiella_pneumoniae/0012.fna.gz","739/1000",0,0.00774383
"a6jMNgedDsnr896tvEX8rG","SAMEA6155884",,,,"Klebsiella pneumoniae","573","Klebsiella","570",,"Klebsiella_pneumoniae/0042.fna.gz","928/1000",0,0.00181236
"js2XkEcLLtJFqcTM647gMS","SAMN05960910",,,,"Klebsiella pneumoniae","573","Klebsiella","570",,"Klebsiella_pneumoniae/0059.fna.gz","991/1000",0,0.000215742
"dY98fxa1J8N6hj2A3dZSW1","SAMEA6155849",,,,"Klebsiella pneumoniae","573","Klebsiella","570",,"Klebsiella_pneumoniae/0326.fna.gz","778/1000",0,0.00635099
"i9Zyqzf9zeWVTVeChLW2gK","SAMEA6155846",,,,"Klebsiella pneumoniae","573","Klebsiella","570",,"Klebsiella_pneumoniae/0004.fna.gz","787/1000",0,0.00604372
"r3dEtv2UKyaUSEhVKQAE3a","SAMN05960969",,,,"Klebsiella pneumoniae","573","Klebsiella","570",,"Klebsiella_pneumoniae/0003.fna.gz","891/1000",0,0.00282712
"avsR3aoHWpKrxHtbuQJNE3","SAMN31892432",,,,"Klebsiella pneumoniae","573","Klebsiella","570",,"Klebsiella_pneumoniae/0036.fna.gz","965/1000",0,0.000855821
"fkfw6v8V5L9fpaVQcDcdgq","SAMN05960911",,,,"Klebsiella pneumoniae","573","Klebsiella","570",,"Klebsiella_pneumoniae/0185.fna.gz","918/1000",0,0.00208065
"nBu5iKHZw6KcKiVff7Mo42","SAMEA111505138",,,,"Klebsiella pneumoniae","573","Klebsiella","570","Curated","Klebsiella_pneumoniae/0082.fna.gz","829/1000",0,0.00467416
"pUYpyHTa6mLcXXTvmu17cj","SAMEA111504605",,,,"Klebsiella pneumoniae","573","Klebsiella","570","Curated","Klebsiella_pneumoniae/0106.fna.gz","881/1000",0,0.0031121
"3u2M4bP8E8FEtts9NL8zwh","SAMN05960876",,,,"Klebsiella pneumoniae","573","Klebsiella","570",,"Klebsiella_pneumoniae/0003.fna.gz","908/1000",0,0.0023533
"1iGatNMGEwozrc3CjTqTTQ","SAMEA6155774",,,,"Klebsiella pneumoniae","573","Klebsiella","570",,"Klebsiella_pneumoniae/0004.fna.gz","795/1000",0,0.00577481
"8FYWd8LThvZ9Y6Zyieybuu","SAMEA111504601",,,,"Klebsiella pneumoniae","573","Klebsiella","570","Curated","Klebsiella_pneumoniae/0004.fna.gz","798/1000",0,0.00567497
"bBHa1P5WFEGbN4QvntczMf","SAMN45807626",,,,"Klebsiella pneumoniae","573","Klebsiella","570",,"Klebsiella_pneumoniae/0179.fna.gz","887/1000",0,0.00294054
"8vAtrMRq8rShG8498C3APo","SAMEA6155868",,,,"Klebsiella pneumoniae","573","Klebsiella","570",,"Klebsiella_pneumoniae/0042.fna.gz","944/1000",0,0.00139189
"rw2FnQ9Nw47SuVPECecaxS","SAMEA7472493",,,,"Klebsiella pneumoniae","573","Klebsiella","570","Curated","Klebsiella_pneumoniae/0008.fna.gz","860/1000",0,0.0037263
"bDNoj7CmbDi3YdUm9rnnHv","SAMEA6654226",,,,"Klebsiella pneumoniae","573","Klebsiella","570",,"Klebsiella_pneumoniae/0009.fna.gz","835/1000",0,0.00448671
"gQ4RZhU2Fq2NHHHt1X3xxs","SAMEA7472506",,,,"Klebsiella pneumoniae","573","Klebsiella","570","Curated","Klebsiella_pneumoniae/0069.fna.gz","841/1000",0,0.00430121
"tSegnv1aExMCpKgLcipTWc","SAMEA6155873",,,,"Klebsiella pneumoniae","573","Klebsiella","570",,"Klebsiella_pneumoniae/0016.fna.gz","818/1000",0,0.00502299
"cZL9YucYxMRgRYSKqHAkf9","SAMN05960900",,,,"Klebsiella pneumoniae","573","Klebsiella","570",,"Klebsiella_pneumoniae/0033.fna.gz","838/1000",0,0.00439372
"oHcLQJA47C4uM2MstCcNZs","SAMN36884873",,,,"Klebsiella pneumoniae","573","Klebsiella","570",,"Klebsiella_pneumoniae/0042.fna.gz","942/1000",0,0.00144387
"p1V1vBbEzcSCkdctSoxGvv","SAMN31892431",,,,"Klebsiella pneumoniae","573","Klebsiella","570",,"Klebsiella_pneumoniae/0036.fna.gz","952/1000",0,0.0011856
"7a1ykxskJv1qapxJNywMed","SAMN05960891",,,,"Klebsiella pneumoniae","573","Klebsiella","570",,"Klebsiella_pneumoniae/0023.fna.gz","845/1000",0,0.00417861
"mEG2yitB17xAx7RyB2TzFe","SAMEA5753785",,,,"Klebsiella pneumoniae","573","Klebsiella","570",,"Klebsiella_pneumoniae/0100.fna.gz","817/1000",0,0.00505504
"n2CUoGTd9tVyrfiBT4ETed","SAMEA112281696",,,,"Klebsiella pneumoniae","573","Klebsiella","570",,"Klebsiella_pneumoniae/0082.fna.gz","840/1000",0,0.00433199
"6aL7vq4KJdTV79PSuj1GVz","SAMEA5753751",,,,"Klebsiella pneumoniae","573","Klebsiella","570",,"Klebsiella_pneumoniae/0032.fna.gz","835/1000",0,0.00448671
"rxVfJKht4cLS5bLKSJDCKR","SAMEA6654237",,,,"Klebsiella pneumoniae","573","Klebsiella","570",,"Klebsiella_pneumoniae/0009.fna.gz","838/1000",0,0.00439372
"jvQjgseJhm24Wn9LABXPvi","SAMN05960880",,,,"Klebsiella pneumoniae","573","Klebsiella","570",,"Klebsiella_pneumoniae/0004.fna.gz","826/1000",0,0.00476862
"ddfGdB7UXRCGALkKxmFaLN","SAMEA6155864",,,,"Klebsiella pneumoniae","573","Klebsiella","570",,"Klebsiella_pneumoniae/0200.fna.gz","768/1000",0,0.00669844
"hcU92hFmNNiurjLw162jVV","SAMEA5753742",,,,"Klebsiella pneumoniae","573","Klebsiella","570",,"Klebsiella_pneumoniae/0238.fna.gz","848/1000",0,0.00408721
"9JRe5HbixsAja9CCPWngkQ","SAMN05960926",,,,"Klebsiella pneumoniae","573","Klebsiella","570",,"Klebsiella_pneumoniae/0042.fna.gz","927/1000",0,0.001839
"tezudZ1n1Gw9XUJ9TSWAi3","SAMN36884880",,,,"Klebsiella pneumoniae","573","Klebsiella","570","Curated","Klebsiella_pneumoniae/0023.fna.gz","912/1000",0,0.00224371
"fBGYQSGSRgUXkxAfUzEgjM","SAMN05960922",,,,"Klebsiella pneumoniae","573","Klebsiella","570",,"Klebsiella_pneumoniae/0475.fna.gz","737/1000",0,0.00781808
"nM1MnsiU3sBdJUL3nWp3ka","SAMEA115925725",,,,"Klebsiella pneumoniae","573","Klebsiella","570",,"Klebsiella_pneumoniae/0200.fna.gz","901/1000",0,0.0025468
"2BhSj3cMz4594YSASwtxkL","SAMN05960890",,,,"Klebsiella pneumoniae","573","Klebsiella","570",,"Klebsiella_pneumoniae/0009.fna.gz","806/1000",0,0.00541137
"faypdcoEdQ83fxa2afSAzK","SAMEA5753788",,,,"Klebsiella pneumoniae","573","Klebsiella","570",,"Klebsiella_pneumoniae/0015.fna.gz","814/1000",0,0.00515153
"ejSuDDKNELtXastMKdP4Gn","SAMN36943785",,,,"Klebsiella pneumoniae","573","Klebsiella","570","Curated","Klebsiella_pneumoniae/0062.fna.gz","678/1000",0,0.0101459
"e5mdCN625ogAAYe5GmcRV7","SAMEA6155820",,,,"Klebsiella pneumoniae","573","Klebsiella","570",,"Klebsiella_pneumoniae/0042.fna.gz","944/1000",0,0.00139189
"pgkxyugKU2zuw5sikZPgng","SAMEA5753438",,,,"Klebsiella pneumoniae","573","Klebsiella","570",,"Klebsiella_pneumoniae/0095.fna.gz","716/1000",0,0.00861543
"xgpU71frMpZk9hN4NX7dRs","SAMEA6155823",,,,"Klebsiella pneumoniae","573","Klebsiella","570",,"Klebsiella_pneumoniae/0001.fna.gz","775/1000",0,0.00645455
"jHHRPhXLii1thENvb2beLw","SAMEA6155815",,,,"Klebsiella pneumoniae","573","Klebsiella","570",,"Klebsiella_pneumoniae/0080.fna.gz","874/1000",0,0.00331442
"eg8oUWgBXJvf811JNgE1hX","SAMEA5753414",,,,"Klebsiella pneumoniae","573","Klebsiella","570",,"Klebsiella_pneumoniae/0126.fna.gz","887/1000",0,0.00294054
"sEcKy31N8HPrfyASy8cmMa","SAMEA6654248",,,,"Klebsiella pneumoniae","573","Klebsiella","570",,"Klebsiella_pneumoniae/0003.fna.gz","849/1000",0,0.00405685
"9Uhc2FSEo32fmMFRJYhcUU","SAMEA7472465",,,,"Klebsiella pneumoniae","573","Klebsiella","570","Curated","Klebsiella_pneumoniae/0184.fna.gz","912/1000",0,0.00224371
"tnDHfYfwy9D5yExRP7cXYM","SAMEA6155776",,,,"Klebsiella pneumoniae","573","Klebsiella","570",,"Klebsiella_pneumoniae/0177.fna.gz","871/1000",0,0.00340187
"hW2fuA7K2os5f23Tb3Me4V","SAMEA6155810",,,,"Klebsiella pneumoniae","573","Klebsiella","570",,"Klebsiella_pneumoniae/0289.fna.gz","798/1000",0,0.00567497
"8NV8QKADQ1BfixSmgJy7Uc","SAMN05960944",,,,"Klebsiella pneumoniae","573","Klebsiella","570",,"Klebsiella_pneumoniae/0095.fna.gz","785/1000",0,0.00611156
"jBWJnZFCPoUasGYswoHSLE","SAMEA6155879",,,,"Klebsiella pneumoniae","573","Klebsiella","570",,"Klebsiella_pneumoniae/0042.fna.gz","944/1000",0,0.00139189
"46UxQkGvaUxFbWw1rB64GG","SAMEA8515152",,,,"Klebsiella pneumoniae","573","Klebsiella","570","Curated","Klebsiella_pneumoniae/0179.fna.gz","870/1000",0,0.00343111
"uvEkq8mRRQPLumxuH3dDwK","SAMEA7472478",,,,"Klebsiella pneumoniae","573","Klebsiella","570","Curated","Klebsiella_pneumoniae/0022.fna.gz","824/1000",0,0.00483188
"58aMnX4kKX9ABNVDDPNY9Z","SAMEA5753415",,,,"Klebsiella pneumoniae","573","Klebsiella","570",,"Klebsiella_pneumoniae/0321.fna.gz","739/1000",0,0.00774383
"wWnFWWZgQSRdZXLHG7jxP7","SAMN05960892",,,,"Klebsiella pneumoniae","573","Klebsiella","570",,"Klebsiella_pneumoniae/0179.fna.gz","841/1000",0,0.00430121
"bquu8zBfyYvHZZL78qD6tj","SAMN05960941",,,,"Klebsiella pneumoniae","573","Klebsiella","570",,"Klebsiella_pneumoniae/0009.fna.gz","885/1000",0,0.00299754
"8VXzR8XaRRP1JhFB24qeEc","SAMEA111505120",,,,"Klebsiella pneumoniae","573","Klebsiella","570","Curated","Klebsiella_pneumoniae/0080.fna.gz","879/1000",0,0.00316966
"kqeLJxAzwr882v6QkeP2k1","SAMN05960878",,,,"Klebsiella pneumoniae","573","Klebsiella","570",,"Klebsiella_pneumoniae/0009.fna.gz","898/1000",0,0.00263042
"w5D7sGqDTbHY3uzAgdVS9g","SAMEA6155850",,,,"Klebsiella pneumoniae","573","Klebsiella","570",,"Klebsiella_pneumoniae/0082.fna.gz","863/1000",0,0.00363721
"dsMn34yULN54GxBEgXT361","SAMEA6155856",,,,"Klebsiella pneumoniae","573","Klebsiella","570",,"Klebsiella_pneumoniae/0167.fna.gz","834/1000",0,0.00451781
"aHQ3Jixe7VnXW3ieupEnPf","SAMEA7472398",,,,"Klebsiella pneumoniae","573","Klebsiella","570","Curated","Klebsiella_pneumoniae/0001.fna.gz","829/1000",0,0.00467416
"x3LoLQefs6Bsf7wC8SHqPC","SAMEA6422781",,,,"Klebsiella pneumoniae","573","Klebsiella","570",,"Klebsiella_pneumoniae/0042.fna.gz","869/1000",0,0.0034604
"uE5yuLRjxRh8HEaZzJ8qyu","SAMEA115925724",,,,"Klebsiella pneumoniae","573","Klebsiella","570",,"Klebsiella_pneumoniae/0129.fna.gz","889/1000",0,0.00288374
"spa5BonHmewtQxFfRGzo3Z","SAMEA7472502",,,,"Klebsiella pneumoniae","573","Klebsiella","570","Curated","Klebsiella_pneumoniae/0009.fna.gz","760/1000",0,0.00698112
"9sE5qy5xqsGY2xaodzMopi","SAMEA6155839",,,,"Klebsiella pneumoniae","573","Klebsiella","570",,"Klebsiella_pneumoniae/0082.fna.gz","821/1000",0,0.00492718
"3AJK3c5jFBmgxDy2gChsW6","SAMEA111505141",,,,"Klebsiella pneumoniae","573","Klebsiella","570","Curated","Klebsiella_pneumoniae/0009.fna.gz","790/1000",0,0.00594242
"bzCc3Xerf8PwGcW2vKZFtx","SAMEA6155797",,,,"Klebsiella pneumoniae","573","Klebsiella","570",,"Klebsiella_pneumoniae/0009.fna.gz","780/1000",0,0.00628226
"pDiV8Gt7SwFFgreytfi7Hs","SAMN05960927",,,,"Klebsiella pneumoniae","573","Klebsiella","570",,"Klebsiella_pneumoniae/0080.fna.gz","835/1000",0,0.00448671
"azq911uyDWwcXBStdjpCVW","SAMEA6155880",,,,"Klebsiella pneumoniae","573","Klebsiella","570",,"Klebsiella_pneumoniae/0009.fna.gz","781/1000",0,0.006248
"xguuWbXG7xoxRmrunrFe1U","SAMN05960871",,,,"Klebsiella pneumoniae","573","Klebsiella","570",,"Klebsiella_pneumoniae/0178.fna.gz","999/1000",0,0.0000238274
"xaMyne9sa6U6DnZNNRE8F6","SAMEA6654227",,,,"Klebsiella pneumoniae","573","Klebsiella","570",,"Klebsiella_pneumoniae/0009.fna.gz","835/1000",0,0.00448671
"d7R2MQLB35hj2Ej9upd6M1","SAMEA112622402",,,,"Klebsiella pneumoniae","573","Klebsiella","570",,"Klebsiella_pneumoniae/0179.fna.gz","854/1000",0,0.00390583
"i3xxvB6hAz3pnsd5StVfSj","SAMEA5753760",,,,"Klebsiella pneumoniae","573","Klebsiella","570",,"Klebsiella_pneumoniae/0173.fna.gz","834/1000",0,0.00451781
"dJStMMFAC2bmA8Scq4nvtK","SAMEA5753329",,,,"Klebsiella pneumoniae","573","Klebsiella","570",,"Klebsiella_pneumoniae/0469.fna.gz","882/1000",0,0.00308338
"wT6WCsfjiMQNCCZwBv3VpS","SAMEA5753749",,,,"Klebsiella pneumoniae","573","Klebsiella","570",,"Klebsiella_pneumoniae/0188.fna.gz","787/1000",0,0.00604372
"7aR3p2hMP7yySU3AEsfjTf","SAMEA6155801",,,,"Klebsiella pneumoniae","573","Klebsiella","570",,"Klebsiella_pneumoniae/0289.fna.gz","798/1000",0,0.00567497
"6oNoQHjmb7nLnwfFmS5698","SAMEA5753799",,,,"Klebsiella pneumoniae","573","Klebsiella","570",,"Klebsiella_pneumoniae/0024.fna.gz","861/1000",0,0.00369655
"j65sj7HHAym69X7cTXkdAB","SAMEA5753705",,,,"Klebsiella pneumoniae","573","Klebsiella","570",,"Klebsiella_pneumoniae/0014.fna.gz","723/1000",0,0.00834599
"e2FN2dMA7TPmZQ8fRP7V1j","SAMN05960919",,,,"Klebsiella pneumoniae","573","Klebsiella","570",,"Klebsiella_pneumoniae/0023.fna.gz","860/1000",0,0.0037263
"iNE6FvQH4fXR8XwrPTUzfh","SAMEA7472429",,,,"Klebsiella pneumoniae","573","Klebsiella","570","Curated","Klebsiella_pneumoniae/0367.fna.gz","693/1000",0,0.00952763
