"Genome ID","Genome Name","Version","ST","gapA","infB","mdh","pgi","phoE","rpoB","tonB"
"3WCUueHWWitxF29LDcNBg1","SAMEA5753723","mlst-3390273-3","3123",170,3,1,1,1,10,426
"1RXztsojJqnvkTR9a9NXZ6","SAMEA5753775","mlst-3390273-3","29",2,3,2,2,6,4,4
"w6MPevbE8wpJfQejowGtQZ","SAMN36884877","mlst-3390273-3","39",2,1,2,4,9,1,14
"rpT6nbbz9R8UF6yARvuEyz","SAMN05960897","mlst-3390273-3","34",2,3,6,1,9,7,4
"wgAdqqd6Up7MEoM7Vt6GXb","SAMEA6654218","mlst-3390273-3","25",2,1,1,1,10,4,13
"wB3Fj8XZh7JhhN3cus12eN","SAMEA111505134","mlst-3390273-3","17",2,1,1,1,4,4,4
"fm2r9e8621BM8zH6Ly1sTk","SAMEA6155746","mlst-3390273-3","39",2,1,2,4,9,1,14
"9RhMYsQKag5K66mFK1tD7W","SAMEA6155852","mlst-3390273-3","307",4,1,2,52,1,1,7
"dSpqW4TtLMp5jxf16ShoPH","SAMEA6155959","mlst-3390273-3","392",3,4,6,1,7,4,40
"qGZQwxzyQbG9xv2FqV4dvb","SAMEA7472389","mlst-3390273-3","307",4,1,2,52,1,1,7
"jBvDDt7BspaLmDx9ktp1U1","SAMEA6654212","mlst-3390273-3","25",2,1,1,1,10,4,13
"hqgrhRJ5wzXsFmNFw9knve","SAMEA111504603","mlst-3390273-3","73",2,3,4,1,12,6,19
"fzMzq2HmX4xgAcvRsyQ6VR","SAMEA5753759","mlst-3390273-3","1661",2,1,1,2,89,4,4
"tPC3fHPm4cUAQydyX8S6Nx","SAMEA6155842","mlst-3390273-3","5241",2,5,399,1,4,1,4
"xiaFujBbb97VoVyVGb2yFU","SAMEA6155926","mlst-3390273-3","307",4,1,2,52,1,1,7
"oB3TSFz5G1nGLNfPPZjaad","SAMN45807624","mlst-3390273-3","442",10,20,2,1,9,11,14
"vPFn7kLRcVDnEWpF1jWVsJ","SAMEA5753704","mlst-3390273-3","281",7,1,5,46,1,1,84
"oymroXCpnMLhvoznap35cu","SAMEA6155844","mlst-3390273-3","101",2,6,1,5,4,1,6
"dqMxqA3iXxzipcgh6L1Jez","SAMN05960908","mlst-3390273-3","15",1,1,1,1,1,1,1
"jD2UahaQxsHd6jRmo249J5","SAMEA5753439","mlst-3390273-3","2715",2,3,1,1,7,4,23
"vpw2ESM6jajoMQ2XEVU1uU","SAMEA111505117","mlst-3390273-3","3113",31,1,1,1,3,1,64
"chJPYxhsbCDg8adwrZLafv","SAMEA111505125","mlst-3390273-3","4263",2,1,3,26,9,1,402
"3ndyvGuykXzTNVihqbCEFm","SAMEA7472352","mlst-3390273-3","340",3,3,1,1,1,1,18
"vSayktwZYDYJyC8Bz6RM7t","SAMEA6422737","mlst-3390273-3","15",1,1,1,1,1,1,1
"2zgoyJTUXSoaq7L6h7QWn6","SAMEA6155878","mlst-3390273-3","17",2,1,1,1,4,4,4
"ef91Cfz9yTsJS9F1xvdgfC","SAMEA6422734","mlst-3390273-3","307",4,1,2,52,1,1,7
"nxRWuuvbXsuD3fkU81Pka5","SAMEA4785019","mlst-3390273-3","147",3,4,6,1,7,4,38
"h8AfVHpdtjsNg5MSHMGEP2","SAMEA5753755","mlst-3390273-3","1189",3,5,95,1,16,1,12
"9sCrDmU7GUKoZJiBUQX7Ju","SAMEA7472470","mlst-3390273-3","13",2,3,1,1,10,1,19
"fP65g7jgZat9zmySmmcDEH","SAMEA6654240","mlst-3390273-3","17",2,1,1,1,4,4,4
"1wxKRsWY6A8PVJRe5M9yHj","SAMEA5753762","mlst-3390273-3","491",51,1,5,1,9,4,13
"1QC6gsyR4pdPR6Arv3PofN","SAMEA7472508","mlst-3390273-3","442",10,20,2,1,9,11,14
"kV8NN26gn4zMzUrVmiuv4F","SAMEA115925726","mlst-3390273-3","967",2,1,19,4,9,4,34
"wN3gr2Xzq26k75wUJNBtC1","SAMEA6155785","mlst-3390273-3","502",2,53,3,1,10,4,18
"vTLBnVx7RFdfifC3vCaVvn","SAMEA6155816","mlst-3390273-3","5241",2,5,399,1,4,1,4
"ru7Tt1Xx7t3XWW6LAU7GY6","SAMN05960943","mlst-3390273-3","420",2,1,65,2,5,1,36
"sw6a6rkZJH6Mb4A3jHLFfK","SAMEA6155817","mlst-3390273-3","4",3,1,1,1,3,3,1
"4Hnraj3XgcJrSeDnYDpxAb","SAMEA5753353","mlst-3390273-3","292",2,1,2,1,1,1,4
"bL6NJqitzvkQG79RwxfPZo","SAMEA111504606","mlst-3390273-3","25",2,1,1,1,10,4,13
"uH9qCLXB9HGRpSMcA5KAZK","SAMEA115925722","mlst-3390273-3","6",2,10,1,1,14,3,20
"gz4qmnkBjJwDq7sn2xK47Y","SAMEA4785017","mlst-3390273-3","395",3,1,2,4,1,1,4
"os9PxKsnWVQ1yaa4MF8a6c","SAMEA111504611","mlst-3390273-3","25",2,1,1,1,10,4,13
"6A7Wk1psHh9ewryZXAJyXf","SAMEA115925712","mlst-3390273-3","807ddca77cad8d0aa38d762c25df0927f7c8da90",2,1,2,"98f0678ce6f05ed374a97fcbb09f51774c27fa81",9,1,14
"iCV5KZtRkyPyEau49JCQkr","SAMN36884875","mlst-3390273-3","464",2,5,2,1,26,1,2
"2H7LhawUkgSTwFeNQbsHfx","SAMN36943779","mlst-3390273-3","7461",2,1,2,4,1,1,56
"aHqRui8jXfGrasdZ9o7RMw","SAMEA7472505","mlst-3390273-3","464",2,5,2,1,26,1,2
"ajk5KRQbpVw1sMvcdSbbn1","SAMN05960949","mlst-3390273-3","17",2,1,1,1,4,4,4
"cLrDJaBZwCxksJns9enuHQ","SAMEA5753763","mlst-3390273-3","1401",2,1,1,1,9,1,4
"9EK6nFkQxjy3n4a8BZUhs5","SAMN36884884","mlst-3390273-3","25",2,1,1,1,10,4,13
"opgxhkceTYBhoHePQ7i3J2","SAMEA111505116","mlst-3390273-3","147",3,4,6,1,7,4,38
"3CZfqkzSWZLhnUJapfWebH","SAMN41988748","mlst-3390273-3","964",41,1,1,1,7,4,87
"k4M3rSMsx1QNStuBYozfXJ","SAMN05960886","mlst-3390273-3","48",2,5,2,2,7,1,10
"17cjBXCud4W8WzY9Adcadf","SAMEA6654231","mlst-3390273-3","17",2,1,1,1,4,4,4
"bgSrxKwxA6HeN1jdLNgHsG","SAMEA5753739","mlst-3390273-3","281",7,1,5,46,1,1,84
"uQyJaAJRdkvckdJnxkNQWD","SAMEA5753725","mlst-3390273-3","3124",10,3,20,1,1,10,427
"8JbGkEtkonwzJzAFhjvvPP","SAMEA7472509","mlst-3390273-3","442",10,20,2,1,9,11,14
"dQaeWNGmkR27kysq26if8M","SAMEA5753730","mlst-3390273-3","337",2,1,11,1,1,1,13
"r9av7Pjq7KmtguHZVx827e","SAMEA115925713","mlst-3390273-3","17",2,1,1,1,4,4,4
"vJZE3Nvvtpj7S7mzx9aBLJ","SAMEA6155781","mlst-3390273-3","5241",2,5,399,1,4,1,4
"1ZKLGKjWkBqdJjheeB9mFL","SAMN05960879","mlst-3390273-3","1263",4,1,1,1,12,1,35
"8YnVyxHA7nqtqzDfQdJ3mB","SAMEA8515137","mlst-3390273-3","464",2,5,2,1,26,1,2
"5Vzojp1ehDS15wUpA1k7aJ","SAMEA111505122","mlst-3390273-3","1552",2,1,2,1,3,25,2
"hNFZHi4TzoXS9HPc1dSDA8","SAMEA5753773","mlst-3390273-3","3286",2,3,2,1,12,1,112
"pnFzwi6DT6U9P7HitW1FMj","SAMEA4785011","mlst-3390273-3","15",1,1,1,1,1,1,1
"nL2Rwd36aKVaXBMmuKchbV","SAMEA115925707","mlst-3390273-3","20",2,3,1,1,4,4,4
"dZfePqBBSqwaWSZP1wwyxd","SAMEA111504607","mlst-3390273-3","218",2,3,1,1,9,4,12
"aV1sM8V81ttSdPBmseMK66","SAMN05960907","mlst-3390273-3","147",3,4,6,1,7,4,38
"geUM1oQYdtik6Xehr3Zscf","SAMEA5753355","mlst-3390273-3","3282",2,9,2,1,351,1,16
"iatBhmBrmLiAAiLsaRp5YH","SAMEA6422766","mlst-3390273-3","15",1,1,1,1,1,1,1
"hN9QXqRKzHjwKe8aeifrGQ","SAMEA4785012","mlst-3390273-3","395",3,1,2,4,1,1,4
"aWGoHCv91FJnnizvSsmbKE","SAMN05960958","mlst-3390273-3","45",2,1,1,6,7,1,12
"jpRJy2sHoCEddK5MzjPAm8","SAMEA111504612","mlst-3390273-3","1119",2,79,1,1,7,4,4
"jTcoqu2MdhH2h4g6svP51p","SAMN41988737","mlst-3390273-3","36",2,1,2,1,7,1,7
"kUP4v3dKJP9skf3bHvwXUu","SAMN05960904","mlst-3390273-3","3613",4,1,254,1,177,1,35
"kqYjA4z1VWxyg1LQ1akVnQ","SAMEA6155866","mlst-3390273-3","101",2,6,1,5,4,1,6
"uc7XTeozGMpUiurZSWSuWM","SAMN05960925","mlst-3390273-3","307",4,1,2,52,1,1,7
"xhNWCcrWXPqL9Ru7rU3mrt","SAMN05960895","mlst-3390273-3","15",1,1,1,1,1,1,1
"mbBUQEkWPfbuxaRBM3VeNf","SAMEA6155829","mlst-3390273-3","25",2,1,1,1,10,4,13
"pvabPX7NiEvSwjZkUUaUuv","SAMN36884878","mlst-3390273-3","39",2,1,2,4,9,1,14
"dyToryGFYPUg65sMmJ5YhD","SAMN05960881","mlst-3390273-3","1263",4,1,1,1,12,1,35
"wTdMVFMhJBMNS9NczV2jFY","SAMEA7472442","mlst-3390273-3","39",2,1,2,4,9,1,14
"8Zy84MWZMiScmkJwsiFnyQ","SAMEA111505123","mlst-3390273-3","3157",2,1,1,1,7,1,89
"rvGui5euCpQhNxbsBaxRQK","SAMEA6155778","mlst-3390273-3","5241",2,5,399,1,4,1,4
"koB4JkyTa9iuBJaS6ynr2d","SAMN46427849","mlst-3390273-3","464",2,5,2,1,26,1,2
"k8xYz3zN61c7cXRqG1V9mj","SAMEA5753754","mlst-3390273-3","3030",2,1,2,1,10,1,9
"gUxVpQuVi3i99x2a1hsEc7","SAMEA5753757","mlst-3390273-3","1189",3,5,95,1,16,1,12
"j62D2jwXVD9t2v2ZiXNj24","SAMEA6155834","mlst-3390273-3","5241",2,5,399,1,4,1,4
"r22EXMLiW4Z32nTtPaYYRY","SAMEA6158235","mlst-3390273-3","340",3,3,1,1,1,1,18
"wnY8BLJvKiKJj8EKgNEMqp","SAMEA111505139","mlst-3390273-3","392",3,4,6,1,7,4,40
"hv4tdSDtdCJiL7h8Erv8Qw","SAMEA7472507","mlst-3390273-3","442",10,20,2,1,9,11,14
"bJZWZD2FSBUWqM6DtiggqM","SAMEA7472468","mlst-3390273-3","464",2,5,2,1,26,1,2
"xyGww7Z1sR6wErTvaU1AXk","SAMN05960898","mlst-3390273-3","4",3,1,1,1,3,3,1
"4mRJucNety59xcCC1tY51j","SAMEA6422764","mlst-3390273-3","73",2,3,4,1,12,6,19
"emScuqyhFJCc1HeEFEmvuE","SAMEA6155893","mlst-3390273-3","17",2,1,1,1,4,4,4
"iBWRLXhehPKCwucq4oFFBv","SAMEA5753448","mlst-3390273-3","2655",2,1,1,2,27,4,4
"pW1Kpbr4jEfJfJpkB7udD1","SAMEA6155826","mlst-3390273-3","307",4,1,2,52,1,1,7
"r8hvFxtWhiAbUyg1kwXsir","SAMEA7472515","mlst-3390273-3","530",2,39,2,1,1,4,24
"kdUfqfNFMSrgBoucX5xvfP","SAMEA7472372","mlst-3390273-3","45",2,1,1,6,7,1,12
"8UQhM26DjirjJRY7tk4fiJ","SAMEA7472405","mlst-3390273-3","133",12,1,1,2,5,1,36
"j9ZShn3RZeenuS7oiH6gYa","SAMEA6155855","mlst-3390273-3","17",2,1,1,1,4,4,4
"sB3AMskB74w4RxSkWLsher","SAMEA5753731","mlst-3390273-3","397",2,1,1,1,21,44,9
"viX7qNyijfnBPd9ruFm8we","SAMEA7472517","mlst-3390273-3","76",4,1,1,1,21,1,35
"mhumFeLBiEKJ31MhCzA8vb","SAMN36884891","mlst-3390273-3","4332",4,1,1,36,12,1,38
"5f2Wsts6UszDxa6ggD49MU","SAMEA5753371","mlst-3390273-3","397",2,1,1,1,21,44,9
"nxs8abV3G6H4G7mikPrnuF","SAMEA6422761","mlst-3390273-3","219",2,1,2,3,27,1,39
"bS81DVrppm6u5fWTkYFQ7B","SAMEA6422785","mlst-3390273-3","147",3,4,6,1,7,4,38
"5CNpBnF5H4n9eHHomRLzQT","SAMEA6155865","mlst-3390273-3","101",2,6,1,5,4,1,6
"7osKw9nwAbzmFk8SAZCCVq","SAMEA5753797","mlst-3390273-3","661",4,3,1,36,9,10,14
"utzjj6oLjCnX7gZM8dEmkc","SAMEA111505126","mlst-3390273-3","15",1,1,1,1,1,1,1
"aFmgnCiB28KNQAe6qxxKur","SAMEA7472371","mlst-3390273-3","76",4,1,1,1,21,1,35
"cocDC5PVaDCsHxNGfWc5k3","SAMEA6422756","mlst-3390273-3","5248",2,1,3,1,10,4,56
"8kVbukWkaFEqdXzhiXoBpf","SAMEA6155853","mlst-3390273-3","342",2,1,1,1,1,1,100
"kaiogLxCJLSa245NCTkt9g","SAMN05960956","mlst-3390273-3","716",71,1,1,2,16,4,164
"oGSv5BjAnBd2ofvw7ZBZEz","SAMEA6654232","mlst-3390273-3","17",2,1,1,1,4,4,4
"cdbaGrHDemPtw1BgydfcvJ","SAMN36884876","mlst-3390273-3","14",1,6,1,1,1,1,1
"6Yx8hEXhsdHNMdjcnHpdXj","SAMEA6155833","mlst-3390273-3","111",2,1,5,1,17,4,42
"hAbwaa2M11aDucG5dNcx6N","SAMEA6155807","mlst-3390273-3","22",2,3,1,1,1,4,4
"ov8R6Jr2mE8UgaeeqheaFP","SAMEA115925716","mlst-3390273-3","979977a407ebbfd2515448fb245ba6ea6689c0cb",2,53,3,1,10,"cf8bbb81eb3e3d4384d06f0fc099a912d9e6a109",18
"dgL11DroRQLtr1f55o8bTr","SAMN05960906","mlst-3390273-3","147",3,4,6,1,7,4,38
"kVaSn9PWDtVoXozYzBTQFk","SAMEA111504609","mlst-3390273-3","147",3,4,6,1,7,4,38
"rSffqw8uKXHjTgvArFBgq7","SAMEA6155858","mlst-3390273-3","392",3,4,6,1,7,4,40
"miwMhf78aTEavL2snrWv8o","SAMEA6155789","mlst-3390273-3","17",2,1,1,1,4,4,4
"jVsruuu8Mj75YfkzqpdtsP","SAMEA5753327","mlst-3390273-3","3271",2,5,1,3,7,1,36
"fh4M2ynawwkpe9bESyogqC","SAMEA5753786","mlst-3390273-3","3293",2,1,5,1,10,4,13
"bV4RhJMeAGN5HN3w7U73N2","SAMEA8515127","mlst-3390273-3","244",2,5,1,1,1,1,24
"vtgvqBT53v8fF46ctdA8wB","SAMEA6155877","mlst-3390273-3","5241",2,5,399,1,4,1,4
"umyMDwpZFUJdhx8vnF28oZ","SAMEA6155773","mlst-3390273-3","5243",2,1,1,347,9,1,12
"pchsxW6orFh8S3vDcUZoVx","SAMEA5753803","mlst-3390273-3","397",2,1,1,1,21,44,9
"aipP1e8eQesusYkxTMLP3u","SAMEA6155929","mlst-3390273-3","219",2,1,2,3,27,1,39
"jE5MBuuESAgX1U37dXCbVV","SAMEA5753804","mlst-3390273-3","1658",2,1,11,1,9,1,112
"cLnu3gj3nHHhWDddjKVqpA","SAMEA6155847","mlst-3390273-3","392",3,4,6,1,7,4,40
"92wiTibEdTeNBpqY17uE8E","SAMEA6422771","mlst-3390273-3","5239",2,1,1,1,514,4,4
"dAkZRDf8BnMSmHg38GM8rm","SAMN05960921","mlst-3390273-3","1788",2,6,160,1,226,111,299
"eH94miV6WHVNfQjumX6o7R","SAMEA6155843","mlst-3390273-3","5241",2,5,399,1,4,1,4
"mZQaeb3FczXTW5Z5S3MwVo","SAMEA7472409","mlst-3390273-3","592",2,3,6,1,9,4,13
"7hnX9PJywogzyRrzeEeVfk","SAMN05960873","mlst-3390273-3","873",14,1,2,1,7,4,182
"ppPWXTxt911sQikKZ64yQ2","SAMEA111505118","mlst-3390273-3","5469",18,3,1,1,7,1,439
"4rJRoHYr5NR82wGsPzD5vn","SAMEA6155876","mlst-3390273-3","502",2,53,3,1,10,4,18
"4Rve9vkKjgmV9RdsLuAftK","SAMN31892430","mlst-3390273-3","65",2,1,2,1,10,4,13
"k6jL9xWt1Di2np5pYwysKb","SAMEA6635864","mlst-3390273-3","25",2,1,1,1,10,4,13
"azNWjydAsZsWq5oBkJZpsG","SAMEA7472511","mlst-3390273-3","348",2,1,20,1,12,15,16
"bdwVoBzdHnEN9SvqNbikxT","SAMN05960957","mlst-3390273-3","716",71,1,1,2,16,4,164
"8iTG3rswnZSXfdyUnnin2P","SAMEA6155792","mlst-3390273-3","25",2,1,1,1,10,4,13
"kvBvKLVWrLzSZ2bJfyvXeG","SAMEA5753369","mlst-3390273-3","1263",4,1,1,1,12,1,35
"fs5SV1mCiSjT1fyFMjF6VZ","SAMEA6654216","mlst-3390273-3","25",2,1,1,1,10,4,13
"wzDKTANo7rKwooQZ846smZ","SAMEA5753721","mlst-3390273-3","1962",2,1,65,1,240,4,43
"cGYL9WzsyTTm9hRXfqGYGn","SAMEA7472380","mlst-3390273-3","4408",2,3,333,1,9,1,13
"iU6qbLVcAJ8i2C414QCBri","SAMEA7472477","mlst-3390273-3","40",2,1,10,1,4,1,21
"pbnK26AZXgQgjnJLjZv9wx","SAMEA6155779","mlst-3390273-3","5241",2,5,399,1,4,1,4
"jBBWXA8udJH12wFK6SRUnY","SAMEA115925719","mlst-3390273-3","234",2,1,2,1,7,1,24
"mU9yEWqCpyz52t5ggREiez","SAMN05960966","mlst-3390273-3","17",2,1,1,1,4,4,4
"deos3gCFmYQxmsgmjQDH7U","SAMEA115925721","mlst-3390273-3","867",2,1,99,6,1,1,129
"qSJ6YXKzWVB7Hh8TNTP9tA","SAMEA115925703","mlst-3390273-3","870",2,6,1,1,147,1,31
"87PJxck965L12Gh9N8vXp6","SAMEA5753727","mlst-3390273-3","3260",10,1,20,1,342,4,264
"3dikTEvbuQAXQaWLF6wGmM","SAMEA5753354","mlst-3390273-3","2108",2,1,1,3,12,1,5
"85vFfmMxAWjqo18pNuvhoz","SAMEA4785013","mlst-3390273-3","395",3,1,2,4,1,1,4
"ptHiVHjPXfRZKwpSphHw3n","SAMEA115925723","mlst-3390273-3","6",2,10,1,1,14,3,20
"8LLpFVCdS1PrSrLbyHVaST","SAMN41988735","mlst-3390273-3","86",9,4,2,1,1,1,27
"43FEb4GXdhp3cEAaSbWjBv","SAMEA7472411","mlst-3390273-3","592",2,3,6,1,9,4,13
"uUpNEneKmgYQtETf9ghiUv","SAMEA7472462","mlst-3390273-3","39",2,1,2,4,9,1,14
"c9h9kcdQiPzKhFFe3UtP9v","SAMEA6155838","mlst-3390273-3","5243",2,1,1,347,9,1,12
"u1e4xLvcNu2xvy625KyC2N","SAMEA5753753","mlst-3390273-3","3275",2,1,1,2,10,1,4
"aKHZjRjNNmn3HymxZeqUxb","SAMEA5753792","mlst-3390273-3","152",2,3,2,1,1,4,56
"cLPoF1A7AnHCaibQsPz2zV","SAMEA5753738","mlst-3390273-3","277",3,1,1,1,1,1,43
"jKvEssiC3yAVNGhJtayyUD","SAMEA6654220","mlst-3390273-3","17",2,1,1,1,4,4,4
"v14mp2i8gwWnMRM21sjxpA","SAMEA6155854","mlst-3390273-3","17",2,1,1,1,4,4,4
"m2GtyCCQgQRVk91EqqtwyE","SAMEA4785007","mlst-3390273-3","340",3,3,1,1,1,1,18
"hoocsxPfXfnsg2XLutMNAK","SAMEA7472365","mlst-3390273-3","4410",2,6,1,3,26,1,36
"9z1oeZUBBJAF8C3UyBvx4E","SAMEA12311723","mlst-3390273-3","152",2,3,2,1,1,4,56
"mjYYGyn7pj1GTEgBMVbm57","SAMEA6155872","mlst-3390273-3","15",1,1,1,1,1,1,1
"eb7Qrn3aAFtT9DavapU5Hy","SAMEA5753317","mlst-3390273-3","502",2,53,3,1,10,4,18
"2mJG6aY8YTfLy2ghLcMvcU","SAMEA7472355","mlst-3390273-3","45",2,1,1,6,7,1,12
"udYSjTG1qwdx9E8AefFSHg","SAMEA5753356","mlst-3390273-3","3282",2,9,2,1,351,1,16
"gnwExAtn8aB3Sh7bHjWrkW","SAMEA6422780","mlst-3390273-3","1119",2,79,1,1,7,4,4
"pkNR3coqAs41UDm1TjHtVx","SAMEA6155869","mlst-3390273-3","342",2,1,1,1,1,1,100
"wGwgZmQ8x9oZcrAjjxfoDy","SAMEA6654224","mlst-3390273-3","17",2,1,1,1,4,4,4
"pcrXU5kynsB1PCESpWGNH4","SAMN31892426","mlst-3390273-3","25",2,1,1,1,10,4,13
"bjsEga6MiZDiitdb3bdRiH","SAMN05960938","mlst-3390273-3","429",2,1,2,1,9,1,116
"phs67xfBWNQemLZ4RhzKqc","SAMEA6155814","mlst-3390273-3","25",2,1,1,1,10,4,13
"wLmNuoXQx7aJEsUNtVkqeQ","SAMEA6422736","mlst-3390273-3","70",2,6,17,1,20,10,25
"3DKNa7b6peEvLjs1NJ8Yg9","SAMN05960963","mlst-3390273-3","45",2,1,1,6,7,1,12
"9FMy9xUJMnFcAwdgXVsANU","SAMN05960962","mlst-3390273-3","3688",10,1,10,1,4,8,43
"ckAG3EVebxB4xi7aNYvhEA","SAMEA6155859","mlst-3390273-3","3071",4,3,1,1,9,4,14
"83GFGNxEQ55fVsFYZGs5gK","SAMEA6155862","mlst-3390273-3","185",2,30,2,1,10,4,12
"tfFNVKNbmL8cWoRQhNWp59","SAMEA6422735","mlst-3390273-3","5240",2,3,1,1,4,1,18
"vJYckjzrYprKU3MEzNj7Fp","SAMEA111503612","mlst-3390273-3","48",2,5,2,2,7,1,10
"oahhcaMCteeYDPc2GHaFxi","SAMEA5753782","mlst-3390273-3","1015",10,1,11,1,4,8,43
"gHwCs7jfA2m26zJTwoQDE1","SAMN05960902","mlst-3390273-3","3612",10,1,11,1,10,1,112
"6GDQioRLuUjGgXBvzJ15SN","SAMEA6155875","mlst-3390273-3","307",4,1,2,52,1,1,7
"wSEshuFUNDgMEGBiHnLH9y","SAMEA5753801","mlst-3390273-3","36",2,1,2,1,7,1,7
"5eG887v1RUpSkjdGw8sGgS","SAMN36884883","mlst-3390273-3","152",2,3,2,1,1,4,56
"97yZNNPPKmYM3JYMqwuMJk","SAMEA115925704","mlst-3390273-3","307",4,1,2,52,1,1,7
"6MHXM1WJLUdmMekDndtf9o","SAMEA115925715","mlst-3390273-3","234",2,1,2,1,7,1,24
"fvPMyr5PwYZ9hLw15vxCDJ","SAMEA111504604","mlst-3390273-3","35",2,1,2,1,10,1,19
"jKtntykrHw7dbtizkJY58n","SAMEA6155883","mlst-3390273-3","5241",2,5,399,1,4,1,4
"2zPTZkh76qfbRoz5iw4sY1","SAMEA111505128","mlst-3390273-3","252",2,5,1,1,9,1,6
"mxGK98nBQ8MpsZjV37SZ9z","SAMEA115925705","mlst-3390273-3","1243",76,1,2,1,7,4,224
"94Pknj5Nyf3QQBDqPjr6it","SAMEA5753789","mlst-3390273-3","3295",4,1,11,1,21,1,446
"qXXvn6JkA1n3XnLWZL5pXq","SAMEA6654219","mlst-3390273-3","25",2,1,1,1,10,4,13
"8Xgc52vtKZVkfHJUruR9Y2","SAMEA111504615","mlst-3390273-3","25",2,1,1,1,10,4,13
"8ZSgD6stSFnVwrq7ktKyXW","SAMEA6422777","mlst-3390273-3","967",2,1,19,4,9,4,34
"r4AoMQg5rneJcvC4fvfkPH","SAMN45807625","mlst-3390273-3","39",2,1,2,4,9,1,14
"kgF7ju1JDHCHz9o4VMNQ91","SAMN05960882","mlst-3390273-3","25",2,1,1,1,10,4,13
"2zmwVkNyF5VkwamG5Jafkv","SAMEA5753707","mlst-3390273-3","3113",31,1,1,1,3,1,64
"7p9Cky8RYKxpUFo3fVUd3B","SAMEA4785009","mlst-3390273-3","395",3,1,2,4,1,1,4
"p6tXQwFHWQ5v1iYXYbG3Nk","SAMEA7472390","mlst-3390273-3","1035",4,1,1,26,1,1,4
"94KiySvHMunwJLkimJxpF9","SAMEA6155798","mlst-3390273-3","4",3,1,1,1,3,3,1
"sxBhCqe6JfCuhqcVxJ64TP","SAMN05960937","mlst-3390273-3","429",2,1,2,1,9,1,116
"tnaMM8Jew5zJav2r6TgpGL","SAMN36884886","mlst-3390273-3","280",2,1,2,1,10,4,46
"jmUDKLwZX2hKEkNjdsmyB4","SAMEA6155909","mlst-3390273-3","242",4,1,1,1,7,1,38
"eHV5akLFSxPCw6DHExHqfW","SAMEA7472489","mlst-3390273-3","464",2,5,2,1,26,1,2
"7LgrgfhCCcAtm1zUX8QJRr","SAMEA6422746","mlst-3390273-3","147",3,4,6,1,7,4,38
"8jXG7iH86drY6gQMgCinc4","SAMEA6155928","mlst-3390273-3","15",1,1,1,1,1,1,1
"9LVQVQ8TSA1bP3abTZgCxt","SAMEA6155891","mlst-3390273-3","5244",281,1,1,1,1,1,1
"4ohEiVid7BMPdopx1TBd9q","SAMEA5753793","mlst-3390273-3","3337",2,1,1,4,89,27,4
"35HdoqhevFZ7ogKPvWK6MG","SAMEA6654244","mlst-3390273-3","17",2,1,1,1,4,4,4
"nfWUVQ7io1bTNgXQArzTgB","SAMEA6422783","mlst-3390273-3","101",2,6,1,5,4,1,6
"r8kPKmfLUtjTQHXvob6CDa","SAMEA8515138","mlst-3390273-3","20",2,3,1,1,4,4,4
"x18NQidq7sicRzihob2BFF","SAMN05960899","mlst-3390273-3","25",2,1,1,1,10,4,13
"ahpcz4JJbo98b5GoYf9pUj","SAMEA6155793","mlst-3390273-3","5246",4,1,2,1,26,1,112
"ey8XCQmUMpjkqHe1wfrKMu","SAMN36884887","mlst-3390273-3","147",3,4,6,1,7,4,38
"pGFpThALdSx9WadLPUCP27","SAMEA5753779","mlst-3390273-3","1419",2,1,2,1,10,1,112
"gHRiH5GELXDMrX85tVKZ28","SAMEA111504602","mlst-3390273-3","14",1,6,1,1,1,1,1
"pBqSWqxGYCeRocDsfgh6iq","SAMEA5753796","mlst-3390273-3","3339",2,3,15,2,18,4,4
"qCbmDssgHLcBae438R5Dyc","SAMEA4785016","mlst-3390273-3","395",3,1,2,4,1,1,4
"iFAMgQEQ9r63a5vi8Ebd8V","SAMN05960916","mlst-3390273-3","48",2,5,2,2,7,1,10
"jTiRmR53by543rfq4UbbmC","SAMEA6654210","mlst-3390273-3","25",2,1,1,1,10,4,13
"mXmvUBJsJ3NCEFC9wtxG9K","SAMEA111505137","mlst-3390273-3","45",2,1,1,6,7,1,12
"btUoFbd8aqxcD1n6YhpvHc","SAMEA5753781","mlst-3390273-3","3286",2,3,2,1,12,1,112
"okt9qZNhhLcsFeCFnXKnuK","SAMN05960929","mlst-3390273-3","48",2,5,2,2,7,1,10
"hbHdbHfoXrwNJcLBhzHvVm","SAMN05960924","mlst-3390273-3","73",2,3,4,1,12,6,19
"kBALZdVn7VujpzkzPa26An","SAMEA7472437","mlst-3390273-3","39",2,1,2,4,9,1,14
"tTyCjY4Csbq3fyU8svwuo4","SAMEA111504600","mlst-3390273-3","17",2,1,1,1,4,4,4
"hxXhLzorgrHxR6NnkSrdqN","SAMEA6155892","mlst-3390273-3","340",3,3,1,1,1,1,18
"eATSxGb5iiL8KhfjiQiVPf","SAMEA5753489","mlst-3390273-3","2800",2,1,2,1,9,1,18
"axVxmWyZzm8aS1bKjVkAnL","SAMEA6155808","mlst-3390273-3","716",71,1,1,2,16,4,164
"abi1Cozq38MftZu9GoWRo8","SAMEA115925714","mlst-3390273-3","17",2,1,1,1,4,4,4
"34caPkcrqQNC2rujeV82s2","SAMEA7472490","mlst-3390273-3","39",2,1,2,4,9,1,14
"eRdZQySuxPmv3FVXxLg8yD","SAMEA7472512","mlst-3390273-3","170",2,3,2,2,1,4,4
"csEo9XuSMWgYBzktbKmSSj","SAMEA6155787","mlst-3390273-3","307",4,1,2,52,1,1,7
"aeouxh2g1Te9sjQB2ycPTG","SAMEA4785014","mlst-3390273-3","395",3,1,2,4,1,1,4
"eFTqiVDFVeLz3FoRKmGuTg","SAMN05960903","mlst-3390273-3","13",2,3,1,1,10,1,19
"uqbGSJGG4JqDCK8bRXzBVM","SAMEA6155813","mlst-3390273-3","15",1,1,1,1,1,1,1
"deESyp4UGZFrjXdyBnMYd4","SAMEA112281697","mlst-3390273-3","147",3,4,6,1,7,4,38
"aaFzZcsBR9xtdcU9RYjc7z","SAMEA6156056","mlst-3390273-3","342",2,1,1,1,1,1,100
"2zMSRqAocfCJKkD9QNFy4h","SAMEA111505127","mlst-3390273-3","5469",18,3,1,1,7,1,439
"8Btp9dTmkRESv5TD8E1XB6","SAMEA5753780","mlst-3390273-3","3290",2,1,2,26,7,4,9
"wRpqmEWMcumMfMrGJ1wxZQ","SAMEA5753765","mlst-3390273-3","3281",4,1,2,2,1,4,5
"hd8rgdPvTyBYYYUDZXhUKY","SAMEA5753758","mlst-3390273-3","3277",4,4,1,1,7,4,9
"sBY9yaGJ9Z3UehhpmLwApW","SAMN05960912","mlst-3390273-3","15",1,1,1,1,1,1,1
"9Cg5tSRuj3WekAkohxtNF8","SAMEA6155831","mlst-3390273-3","147",3,4,6,1,7,4,38
"byKxLedN8hkeYPzGY9RN3e","SAMEA6156048","mlst-3390273-3","25",2,1,1,1,10,4,13
"emc2Y8aewkeLdrXP1ErTVq","SAMEA6422787","mlst-3390273-3","307",4,1,2,52,1,1,7
"5YcHZfCXXEbTw9xNzuwa1J","SAMEA111505136","mlst-3390273-3","37",2,9,2,1,13,1,16
"5fgTM9Ykzy6oP5gU2VX5NY","SAMEA4785015","mlst-3390273-3","395",3,1,2,4,1,1,4
"qnFhGhEkJsEpymtjuEuRg4","SAMN05960965","mlst-3390273-3","1658",2,1,11,1,9,1,112
"7ktPb5meWXzfQRweFnU2FQ","SAMN36884892","mlst-3390273-3","307",4,1,2,52,1,1,7
"mh8QsLVSKkkUpSJ2Gqsxz6","SAMEA7472453","mlst-3390273-3","15",1,1,1,1,1,1,1
"aCn3H8dceHdJsdtEZ3b3t4","SAMEA111505121","mlst-3390273-3","7237",2,4,514,1,13,4,16
"uEJwJQyMJ2QWaL2CKEdcYW","SAMEA7472492","mlst-3390273-3","442",10,20,2,1,9,11,14
"tJvLJNL45xQFCnezmWwrq9","SAMEA6654228","mlst-3390273-3","17",2,1,1,1,4,4,4
"6NgTy4avhPgFMyd7ew6qw3","SAMN05960920","mlst-3390273-3","587",2,5,2,52,1,1,7
"k1Abhny5Aj34cCaarEoCXn","SAMN05960960","mlst-3390273-3","1373",2,1,1,1,1,4,4
"fFbaU85qpMEsGYwmCyq8Ut","SAMEA6155806","mlst-3390273-3","307",4,1,2,52,1,1,7
"eHwENZHnSn65mbjtkJquHt","SAMEA6155925","mlst-3390273-3","86",9,4,2,1,1,1,27
"1eAFffAm8xJ8pXbru3vQpd","SAMEA6654243","mlst-3390273-3","17",2,1,1,1,4,4,4
"bZXch8WCLn5U1VZ58x88Hr","SAMEA111505119","mlst-3390273-3","307",4,1,2,52,1,1,7
"knFHbBqNXxxzUbaNPwArxH","SAMEA111505115","mlst-3390273-3","25",2,1,1,1,10,4,13
"8zoC2M3h7ckamKAjpBihyV","SAMN05960928","mlst-3390273-3","17",2,1,1,1,4,4,4
"8gFkefqhqjn2zNeN7LKmRW","SAMEA6654211","mlst-3390273-3","39",2,1,2,4,9,1,14
"hz5rMPrdhtpW96VDvP4ne8","SAMEA5753729","mlst-3390273-3","3262",26,1,1,1,9,10,23
"rZERGMB5Yp52Kp9vx2uP5D","SAMN45807623","mlst-3390273-3","442",10,20,2,1,9,11,14
"dZyyTnDodd4XHPZiAk8kQE","SAMEA5753768","mlst-3390273-3","411",2,1,11,42,26,4,18
"wjtzE9JUA51SH7xKqraRjv","SAMEA6155819","mlst-3390273-3","17",2,1,1,1,4,4,4
"p8SgQFDtWxd81Tv3ftnaxK","SAMEA6422760","mlst-3390273-3","4566",2,1,1,1,7,4,13
"3M69ozjtNhRxze64xdpMpL","SAMEA6155857","mlst-3390273-3","231",2,6,1,3,26,1,77
"edEEzeCWmw8eUUzUVioFCf","SAMN36884890","mlst-3390273-3","397",2,1,1,1,21,44,9
"s5urbXg1iSbtHC25WfJZks","SAMEA5753712","mlst-3390273-3","36",2,1,2,1,7,1,7
"nyYYpR79VZtQcasBLdMfiW","SAMEA6422733","mlst-3390273-3","1788",2,6,160,1,226,111,299
"b18mSByJ73Zc2ni9mtXKWN","SAMEA5753713","mlst-3390273-3","17",2,1,1,1,4,4,4
"je24hCpvFs5pMLicnwhQV9","SAMEA111504614","mlst-3390273-3","65",2,1,2,1,10,4,13
"pqK3qeL4G7ZPVdSy5CjHSj","SAMEA6155818","mlst-3390273-3","5241",2,5,399,1,4,1,4
"etKUropWVWCEFKiwWV2BBG","SAMEA5753733","mlst-3390273-3","629",2,3,87,1,12,1,26
"cGZBRpV9knuSfH1frNBE59","SAMEA6654235","mlst-3390273-3","17",2,1,1,1,4,4,4
"nNQUHVVTb9zCiUFMKY1hwx","SAMEA5753715","mlst-3390273-3","3118",169,1,2,1,1,7,4
"jatWGqpAH5JvPSwEyou3qQ","SAMEA7472421","mlst-3390273-3","4074",14,2,1,1,1,94,211
"6td5bCdGNsHhzxmY5DuJpm","SAMN05960948","mlst-3390273-3","147",3,4,6,1,7,4,38
"7eksoQvSQJyk2soDV1M8cw","SAMN36884871","mlst-3390273-3","16",2,1,2,1,4,4,4
"kfwfeXJbtjiTtaFgYBYKfM","SAMN05960875","mlst-3390273-3","20",2,3,1,1,4,4,4
"7W9Wh4jVNr3gqSKjaTTVrX","SAMEA5753764","mlst-3390273-3","3280",2,1,218,1,9,8,12
"fu2unBzGpQ9HD7HQwWeFbr","SAMEA5753706","mlst-3390273-3","17",2,1,1,1,4,4,4
"hngZ5fvGRzhg2ho5dAJvLB","SAMEA6654229","mlst-3390273-3","17",2,1,1,1,4,4,4
"hnZ1ZdE6LAQiPB2GCPXSqn","SAMEA115925706","mlst-3390273-3","39",2,1,2,4,9,1,14
"mDqJJTmFgkFCPtdJsmaa9f","SAMEA6156101","mlst-3390273-3","392",3,4,6,1,7,4,40
"fitubmJhtjdRfHPy7SK1BH","SAMEA6155722","mlst-3390273-3","5244",281,1,1,1,1,1,1
"3MA526pMqPnbBirPCAfuqy","SAMN05960905","mlst-3390273-3","45",2,1,1,6,7,1,12
"9cPaMjZBTZ8UuXxqxw8RB6","SAMEA6422782","mlst-3390273-3","5245",282,4,6,1,7,4,38
"9UbPm98MQKPEXCjhgM6XyT","SAMN41988736","mlst-3390273-3","86",9,4,2,1,1,1,27
"bAvZYPTTZB28fNDnWSoNzb","SAMEA6654233","mlst-3390273-3","17",2,1,1,1,4,4,4
"44GGVE1Y8qV6RnvZ2QmjzV","SAMEA7472474","mlst-3390273-3","ca69d467f741fd0c619059f05b43242e672a312c","",5,2,1,26,1,2
"3FuWbd6iGPmGnVZZcGZyfs","SAMEA111504613","mlst-3390273-3","147",3,4,6,1,7,4,38
"vHGvxrKSaFxeGXjF6BdbxC","SAMN05960872","mlst-3390273-3","25",2,1,1,1,10,4,13
"7uKY2qaZYWVBwzpDeBiFfs","SAMEA4785004","mlst-3390273-3","4",3,1,1,1,3,3,1
"8VpgMT25T3vC3CQ4msverS","SAMEA6155812","mlst-3390273-3","25",2,1,1,1,10,4,13
"rXmjdxBcV3RiCYQcFLAVpe","SAMEA5753702","mlst-3390273-3","3109",25,4,1,1,20,1,22
"u5kvsKQqPhBxL934Cq9gcd","SAMEA6155867","mlst-3390273-3","15",1,1,1,1,1,1,1
"iZPKFzecZEFRQ8HmNDhgjo","SAMEA6155871","mlst-3390273-3","86",9,4,2,1,1,1,27
"mkvUGFdMkBi4RkyhgK68qy","SAMEA6155800","mlst-3390273-3","281",7,1,5,46,1,1,84
"9CCiQRuF1iiXJcym6A21J5","SAMEA5753767","mlst-3390273-3","1419",2,1,2,1,10,1,112
"7wDUQTqU6GG7ibv7DvsZXW","SAMEA6422769","mlst-3390273-3","32036e4736af992d9421cad50c81a1c652028602",3,4,6,1,"",4,38
"8akqHeZBUgH2nDjdmxK8yD","SAMN45807627","mlst-3390273-3","1788",2,6,160,1,226,111,299
"3tmGB8ktxVeLWCRwUz9d8c","SAMN05960950","mlst-3390273-3","25",2,1,1,1,10,4,13
"8PBMxwG1U2WaAyyVedcK11","SAMEA6863335","mlst-3390273-3","540",2,1,71,1,3,3,18
"hfQYsRNWpdeZBK7B1g76BR","SAMEA7472393","mlst-3390273-3","815",2,1,2,1,7,1,12
"jj5m1fz4JbfRLGmD548WR6","SAMEA6654214","mlst-3390273-3","25",2,1,1,1,10,4,13
"kYMbynLb8HU4zrcBkbYkH9","SAMN36884879","mlst-3390273-3","3248",4,1,2,209,1,1,7
"sAw5HbYFaHi6GVG2gyUbGW","SAMEA6422744","mlst-3390273-3","307",4,1,2,52,1,1,7
"w5Ju2HjwAnSNu2zaZLcPe5","SAMEA5753488","mlst-3390273-3","968",2,3,2,37,4,1,15
"o7ZNphmQDDp6U23oNmT1F6","SAMEA8515143","mlst-3390273-3","464",2,5,2,1,26,1,2
"dP2G69R9JYhdUHH1QF2v2w","SAMN05960915","mlst-3390273-3","14",1,6,1,1,1,1,1
"iwi5npfx9osTxgTVKTk87T","SAMN05960887","mlst-3390273-3","16",2,1,2,1,4,4,4
"oocPAdbbXbiWBWdWg7aYuk","SAMEA5753766","mlst-3390273-3","1401",2,1,1,1,9,1,4
"ce21hb7zojMnor7zg5sWZa","SAMEA6155863","mlst-3390273-3","101",2,6,1,5,4,1,6
"sjbJuWVDRiDDqNnEJyPAkY","SAMEA6654247","mlst-3390273-3","17",2,1,1,1,4,4,4
"xdNsKsPiEWkzU1GEMC1i6m","SAMN05960884","mlst-3390273-3","1035",4,1,1,26,1,1,4
"jas4phQXkagxhCyPHioY9i","SAMN36884874","mlst-3390273-3","252",2,5,1,1,9,1,6
"mRcHS7TgKD2g46yZERJDdp","SAMEA7472503","mlst-3390273-3","3248",4,1,2,209,1,1,7
"27Ru2zdMwBbPvcvNupdnRx","SAMEA7472473","mlst-3390273-3","17",2,1,1,1,4,4,4
"eR5kicJVi4tWZdTzoSQtoD","SAMEA6155828","mlst-3390273-3","15",1,1,1,1,1,1,1
"1FuNVd4tgXsAV9NYkp4824","SAMEA6155882","mlst-3390273-3","307",4,1,2,52,1,1,7
"c4GTL4K9vYXFBPKGyxKQ4X","SAMEA7472440","mlst-3390273-3","20",2,3,1,1,4,4,4
"u7J4WButML2okadV4zrfkY","SAMEA5753741","mlst-3390273-3","3268",4,3,3,1,20,25,25
"qFjC5wtsMs7Mx9esCZwse4","SAMN36884872","mlst-3390273-3","15",1,1,1,1,1,1,1
"kJNnXoD8vixEUPVE2DqeAz","SAMEA6155835","mlst-3390273-3","1801",2,1,1,26,3,5,54
"7v9Nq4PcZg5wXgoxJUe8Yn","SAMN05960951","mlst-3390273-3","1658",2,1,11,1,9,1,112
"5D1JBtLHpQK42J1vJ8DXSP","SAMN05960923","mlst-3390273-3","8",4,1,1,1,1,5,6
"kzMniy1Ghag8qUvFLaDQKa","SAMEA5753701","mlst-3390273-3","3108",2,2,1,1,7,1,24
"tz3KKQTzSeRctTL127zPKF","SAMEA6654223","mlst-3390273-3","17",2,1,1,1,4,4,4
"82eR6GZey3tNBaqHGtxGzw","SAMEA6654238","mlst-3390273-3","17",2,1,1,1,4,4,4
"8bSGN5wekQSzMu67jP73ZP","SAMEA111505114","mlst-3390273-3","307",4,1,2,52,1,1,7
"tG6acDHGobY51suiQSFBKX","SAMEA6654236","mlst-3390273-3","17",2,1,1,1,4,4,4
"mZ82Nevx73s1WDbcNDRULC","SAMEA4785010","mlst-3390273-3","147",3,4,6,1,7,4,38
"k9JCAPMxurzSKXmtzZYL5T","SAMEA6654225","mlst-3390273-3","17",2,1,1,1,4,4,4
"vGtJVDvJbXimrzWLDFZdXQ","SAMN36884885","mlst-3390273-3","70",2,6,17,1,20,10,25
"tRwz3rgZ949fz2WZhyGu7T","SAMEA111505140","mlst-3390273-3","7238",2,1,2,6,101,1,13
"tCDM3F6zSTTBUgKunyb8sH","SAMEA6422765","mlst-3390273-3","17",2,1,1,1,4,4,4
"2Zgx7whbCctjN9tBdvUggB","SAMEA111505130","mlst-3390273-3","2729",3,5,4,181,9,4,177
"d9CdBxjfAoMmmG61oZuuKN","SAMN05960946","mlst-3390273-3","12",6,3,1,1,12,1,4
"xpuYKKN33xUwEFEHcYNxrv","SAMEA7472471","mlst-3390273-3","4410",2,6,1,3,26,1,36
"gWctNQwWhVx3SHvoycbz5o","SAMEA6654241","mlst-3390273-3","17",2,1,1,1,4,4,4
"mrbKzGk1dyjdEhyvwp9UH5","SAMEA111505142","mlst-3390273-3","6337",4,1,2,209,1,1,38
"vPnNvNW6p1ALprg57MTF4k","SAMEA6654230","mlst-3390273-3","17",2,1,1,1,4,4,4
"3A34G7y3D2ARzcjgdhtEqr","SAMEA5753802","mlst-3390273-3","1962",2,1,65,1,240,4,43
"ep4NAxRxYEM4xd8FEHYC6d","SAMEA6654239","mlst-3390273-3","17",2,1,1,1,4,4,4
"2HLjQ9mr1jyR9L4XFAeF9E","SAMEA5753724","mlst-3390273-3","152",2,3,2,1,1,4,56
"fstHdZDYbS5mHrCxcBxm1p","SAMN05960945","mlst-3390273-3","12",6,3,1,1,12,1,4
"cn2BAN2ymgY9j4cHSULQco","SAMEA6422774","mlst-3390273-3","307",4,1,2,52,1,1,7
"65GXWu7971WMZfcK6f2yRL","SAMEA6654221","mlst-3390273-3","17",2,1,1,1,4,4,4
"1X3RHR1R9T3bHHmdytUUzm","SAMEA4785006","mlst-3390273-3","15",1,1,1,1,1,1,1
"o27LtUbbnM7sAbWc5HMNwp","SAMEA5753798","mlst-3390273-3","1662",4,1,1,1,3,44,4
"3ETZnCVSXG1XhYMeJg44uh","SAMEA6422762","mlst-3390273-3","15",1,1,1,1,1,1,1
"96cksz4WjidZG4XXudpBGN","SAMN05960955","mlst-3390273-3","716",71,1,1,2,16,4,164
"saQY2KcQvxx3dmBCmfJKbA","SAMEA6155911","mlst-3390273-3","340",3,3,1,1,1,1,18
"4CEinHPjbqftRKokEeVUgV","SAMEA115925720","mlst-3390273-3","2b2b26d0a6bb6ecc81ba8349ed41a26d516d651c",1,1,1,1,1,1,"8cfa68cd9ffddb98af5899aea1a85cdac9e6ac04"
"6mvRGZipdvWcmDtzSe6mMc","SAMEA4785018","mlst-3390273-3","147",3,4,6,1,7,4,38
"9LPpTDMF2gYTgpLoGeYXV2","SAMEA6155889","mlst-3390273-3","502",2,53,3,1,10,4,18
"vkdwdm7JH34D88Q6BcT7eq","SAMEA8515150","mlst-3390273-3","464",2,5,2,1,26,1,2
"1c7a62n9V8BQPaEkvjMDc4","SAMN05960942","mlst-3390273-3","12",6,3,1,1,12,1,4
"vcDCfmYBJncwYdGQG2mpfR","SAMEA6155886","mlst-3390273-3","25",2,1,1,1,10,4,13
"iwr1hdHsuVcU4yvsihvFMj","SAMEA6155824","mlst-3390273-3","340",3,3,1,1,1,1,18
"jhNV3ZPRuaxd87WdMV1a1B","SAMEA6155790","mlst-3390273-3","307",4,1,2,52,1,1,7
"mhDuTKMYCV1V842nethQWY","SAMEA6155845","mlst-3390273-3","11",3,3,1,1,1,1,4
"5wTxRTqNZjtEuvGGj4Mx5Y","SAMN36884882","mlst-3390273-3","307",4,1,2,52,1,1,7
"p3uE7VsE14c6D5LHnqXS1M","SAMEA7472491","mlst-3390273-3","442",10,20,2,1,9,11,14
"fFWpeg8oUzsKkkvSLF3V9L","SAMEA111504608","mlst-3390273-3","70",2,6,17,1,20,10,25
"uL3CKBQ4ihoSFt3qZssevL","SAMEA111505132","mlst-3390273-3","147",3,4,6,1,7,4,38
"4vecoti19U8QYh9yiWeTgo","SAMEA6654213","mlst-3390273-3","25",2,1,1,1,10,4,13
"fqWJ9K2QRMJH8qE2eUujtf","SAMEA7472434","mlst-3390273-3","464",2,5,2,1,26,1,2
"oSeqP5cRrnXMcfoxkK8tBH","SAMEA6156052","mlst-3390273-3","342",2,1,1,1,1,1,100
"85P8Lz6iBLgADQsNbQj49m","SAMEA111505133","mlst-3390273-3","215",2,1,38,37,10,4,18
"sGGgYrWZsF3yCUZpU2GhEW","SAMN05960888","mlst-3390273-3","45",2,1,1,6,7,1,12
"wCwAFpJj3FF7zouFf7cV13","SAMN05960893","mlst-3390273-3","48",2,5,2,2,7,1,10
"ci5L8cj5N8sZma9eJaXag5","SAMEA5753787","mlst-3390273-3","3294",7,1,1,1,1,4,12
"gfuP6GHjDZQ8BgLZEcDuXt","SAMEA6654222","mlst-3390273-3","17",2,1,1,1,4,4,4
"pbk2WX17WrWWJNqoAEyhm9","SAMEA4785005","mlst-3390273-3","147",3,4,6,1,7,4,38
"2NgpXYhueejuSuTAZyHPeh","SAMEA6155851","mlst-3390273-3","25",2,1,1,1,10,4,13
"dj8cNasQccRhPLsXQLMzjz","SAMEA7472438","mlst-3390273-3","20",2,3,1,1,4,4,4
"obEJj5XuFzXAkKQ79jF21X","SAMN36884895","mlst-3390273-3","48",2,5,2,2,7,1,10
"57nUkCKDPaeekz89J7aebq","SAMEA5753769","mlst-3390273-3","3283",14,3,2,1,9,1,14
"kQbFftPeNydrTFLKm1gTh7","SAMEA7472431","mlst-3390273-3","464",2,5,2,1,26,1,2
"fhgmyF2yUq7AWaDrvx7pma","SAMEA6155832","mlst-3390273-3","11",3,3,1,1,1,1,4
"7TqRpehZ2qcivjv7zqcvTp","SAMEA7472368","mlst-3390273-3","76",4,1,1,1,21,1,35
"vPwBSvhKtWDxodfhjCnXmP","SAMEA111505129","mlst-3390273-3","307",4,1,2,52,1,1,7
"jPBM7SVA1a7tG9wqKzPojF","SAMN05960894","mlst-3390273-3","48",2,5,2,2,7,1,10
"ryJoVzNXJBEpGiXoCUBbzD","SAMEA5753347","mlst-3390273-3","1303",2,5,118,1,179,1,13
"1a2iUfdSziZ4bAcFoFiyba","SAMEA111505135","mlst-3390273-3","111",2,1,5,1,17,4,42
"56rtBCLAfwhp1Mc8VrFiSU","SAMEA6155794","mlst-3390273-3","5241",2,5,399,1,4,1,4
"9aiHzthWfG36nY5FfEZgt5","SAMEA6654217","mlst-3390273-3","25",2,1,1,1,10,4,13
"tTtLMUXkFaaF2sdixGjgda","SAMN05960885","mlst-3390273-3","101",2,6,1,5,4,1,6
"bxRyRAsmc1ZnVJrXNYtSzs","SAMN05960930","mlst-3390273-3","108",2,1,2,1,3,4,18
"dzY5QotexRbxt2v6A8kejo","SAMEA5753370","mlst-3390273-3","504",2,1,1,1,3,3,18
"iby3wEYc9KeyTJd87zTnVv","SAMN31892434","mlst-3390273-3","2159",4,7,1,37,177,4,6
"wUVBBmrNkX5ZbJQDo53r4F","SAMEA6155840","mlst-3390273-3","15",1,1,1,1,1,1,1
"xnrt1fvSQyjy6gwiDTPA2u","SAMEA115925718","mlst-3390273-3","234",2,1,2,1,7,1,24
"wBsYnQ5pxWiCw9S5y5GFKb","SAMEA111505131","mlst-3390273-3","964",41,1,1,1,7,4,87
"iry46BEny3LZM3U4XPWx8a","SAMEA5753334","mlst-3390273-3","3287",2,3,2,1,7,4,23
"7j2nkQAgfkTrfc46osTtuW","SAMEA5753351","mlst-3390273-3","1087",2,1,1,1,3,3,38
"9ZPqEpyvM7PSSoLwHHc7rT","SAMN36884889","mlst-3390273-3","336",2,1,1,1,72,4,4
"eCM2uKJm1Rvj2HdoVyeWSW","SAMEA5753719","mlst-3390273-3","3258",2,3,2,1,145,10,427
"oPJnj2ekm9kUCNXgLdtzbP","SAMEA6155803","mlst-3390273-3","4",3,1,1,1,3,3,1
"tsvXV4uJf6PCRLXXJqesZr","SAMEA5753328","mlst-3390273-3","1666",2,1,11,20,1,4,13
"21ZLrXeeHyHuywWtJokdwu","SAMEA6155791","mlst-3390273-3","5241",2,5,399,1,4,1,4
"wEaCTewaPHHud6H82H5S4P","SAMN36884893","mlst-3390273-3","14",1,6,1,1,1,1,1
"rq2cfjS6BAaV3WXFujUqVi","SAMEA4785008","mlst-3390273-3","147",3,4,6,1,7,4,38
"fvPvDLDTbv9MXXid3Zwz1i","SAMEA7472433","mlst-3390273-3","464",2,5,2,1,26,1,2
"aamPQGKaDvqCKgnosBKWZM","SAMN05960918","mlst-3390273-3","3687",196,3,2,233,9,4,4
"oKpzouhqV9EMw2cBQFoTea","SAMEA6155795","mlst-3390273-3","307",4,1,2,52,1,1,7
"6UmGxRCHX4KJH5mnLTkHCQ","SAMEA7472481","mlst-3390273-3","307",4,1,2,52,1,1,7
"4h4NT5tASN8UP1dyqRDtMQ","SAMEA5753728","mlst-3390273-3","3261",2,1,2,1,1,4,441
"pbakVCetQtCKuteTnFQt5f","SAMEA5753711","mlst-3390273-3","3116",10,3,1,1,1,10,9
"iMG8H4Co69RHQYk1sNSRfJ","SAMEA7472446","mlst-3390273-3","133",12,1,1,2,5,1,36
"kwFfuopSUkAHHfF5viRbLn","SAMEA5753784","mlst-3390273-3","13",2,3,1,1,10,1,19
"nKztEJxaQRFH8q7CjZuMPR","SAMEA112281695","mlst-3390273-3","147",3,4,6,1,7,4,38
"mqJ6wVvYaSXMY6adcBANCp","SAMEA112281698","mlst-3390273-3","18",2,1,1,1,4,1,4
"pxzvtyf3M2fbPCQVXbFgtW","SAMEA5753750","mlst-3390273-3","225",10,1,1,1,12,1,38
"bbHjmhHU6Pj3HNf8irc8vE","SAMEA112622403","mlst-3390273-3","22",2,3,1,1,1,4,4
"odMkneuyvBekXi3t5gd65n","SAMEA6654242","mlst-3390273-3","17",2,1,1,1,4,4,4
"g8rdjWUAm2LL6rJJG5ZTf3","SAMN05960935","mlst-3390273-3","429",2,1,2,1,9,1,116
"in1AN9CPk4tMGdvygfSXWw","SAMEA5753761","mlst-3390273-3","45",2,1,1,6,7,1,12
"9pTFk2Q553efjZBE6rP2iq","SAMN41988742","mlst-3390273-3","248",4,1,1,1,9,4,4
"1giVL9n6jnoY6zzeySmeSr","SAMEA112281699","mlst-3390273-3","18",2,1,1,1,4,1,4
"3Y7gynbx2o4aKcDkKys25x","SAMEA111505113","mlst-3390273-3","43",2,6,1,5,11,1,15
"rvmkKyu1SvuhNSPf1h2J5m","SAMN05960901","mlst-3390273-3","831",2,1,1,1,10,1,18
"7WnDm43QrjNec8vtWHPf7M","SAMN05960913","mlst-3390273-3","4",3,1,1,1,3,3,1
"4mp1yaqsPNm9uZkL9czRdK","SAMEA7472458","mlst-3390273-3","377",10,20,2,1,9,11,12
"oB4cB8RSV8ofjFjJBLLXVj","SAMEA6155827","mlst-3390273-3","5242",2,1,5,26,7,4,713
"hdJoa1YA1B7mvkzuzMLcYi","SAMEA6155799","mlst-3390273-3","43",2,6,1,5,11,1,15
"henhQq47DRAjYrmkCVsKCV","SAMN05960970","mlst-3390273-3","530",2,39,2,1,1,4,24
"uhxVFMVtnDEK915m5ssmj8","SAMEA5753800","mlst-3390273-3","3341",2,1,1,1,12,2,4
"iMLULs49BoiE2u7Tx6voK5","SAMEA5753795","mlst-3390273-3","3338",2,1,62,97,10,1,91
"mVQsapn1bgGpHbYNDGgQ2F","SAMN05960889","mlst-3390273-3","48",2,5,2,2,7,1,10
"rQAC9uaqCQymXUxiu4nCbw","SAMEA5753737","mlst-3390273-3","3157",2,1,1,1,7,1,89
"7K7X7kT9JLVHLYBf49wCrZ","SAMN41988745","mlst-3390273-3","964",41,1,1,1,7,4,87
"gLNzBYyV8st6sWjPyPhU9a","SAMEA112281694","mlst-3390273-3","147",3,4,6,1,7,4,38
"n88HMJpDkkCZSdT8jyMHPv","SAMEA6155881","mlst-3390273-3","307",4,1,2,52,1,1,7
"sqcCF27u2Jk2Ts9AhftTbT","SAMEA6422763","mlst-3390273-3","101",2,6,1,5,4,1,6
"aHCoEKTpfBd4z7hFqkjynA","SAMEA5753744","mlst-3390273-3","514",2,1,1,1,8,1,9
"a3jRseYa9Hb5Bmt2GmFMww","SAMEA5753791","mlst-3390273-3","3297",4,4,1,1,7,4,46
"rD3YSY9RHtK82EVsqADyd3","SAMEA111505124","mlst-3390273-3","147",3,4,6,1,7,4,38
"vwqte6pbD3kh7mfEzLFxWh","SAMN05960964","mlst-3390273-3","716",71,1,1,2,16,4,164
"vD7DP7MSiKLCFChzFi9k4d","SAMEA115925709","mlst-3390273-3","392",3,4,6,1,7,4,40
"rws57o7sLQkpt9evDWMvdv","SAMEA5753743","mlst-3390273-3","443",2,1,1,4,89,4,4
"6osF4xvGWgnyHoxMuxoDon","SAMEA6654245","mlst-3390273-3","17",2,1,1,1,4,4,4
"kmLw1MA31sJ5vV4LmNnd97","SAMEA111504610","mlst-3390273-3","86",9,4,2,1,1,1,27
"kYpJkJhU9K19EBkXL3AknW","SAMEA7472472","mlst-3390273-3","4410",2,6,1,3,26,1,36
"nanSgc31C6YiaJwjhG7znD","SAMEA6155802","mlst-3390273-3","502",2,53,3,1,10,4,18
"dWYEoHDKeqzX8wfTZUcQgU","SAMEA5753709","mlst-3390273-3","17",2,1,1,1,4,4,4
"oDFqoJXXZ81zPqaoNhVE5T","SAMEA6654246","mlst-3390273-3","17",2,1,1,1,4,4,4
"38EhiTUsV53CgpEmxhMfb3","SAMEA5753740","mlst-3390273-3","3267",2,1,1,1,7,4,442
"g81Vzmtwb5xGbWJGsihxa8","SAMEA5753427","mlst-3390273-3","39",2,1,2,4,9,1,14
"wKyxRrzd6s8XXDwpq4f6Ue","SAMEA5753776","mlst-3390273-3","249",2,1,44,1,16,4,66
"5HDYNgA78QsL5YqK9KNQfa","SAMEA6654234","mlst-3390273-3","17",2,1,1,1,4,4,4
"wozRdyq36eTDcd11qo7qFd","SAMEA5753717","mlst-3390273-3","111",2,1,5,1,17,4,42
"jTfSN5GgDbYyf6cCjXrfc9","SAMEA6155804","mlst-3390273-3","530",2,39,2,1,1,4,24
"vc96La2inKC8EGjWVdn1JA","SAMN05960953","mlst-3390273-3","25",2,1,1,1,10,4,13
"gYuyXa9wDFdJ7wYo5JU7W7","SAMN46427850","mlst-3390273-3","464",2,5,2,1,26,1,2
"rH4HKQKMAjf9Xmi4wyu5E7","SAMEA5753745","mlst-3390273-3","36",2,1,2,1,7,1,7
"hS3E85jgMkxLjxWH5aZooS","SAMEA6155861","mlst-3390273-3","4",3,1,1,1,3,3,1
"xjLQK2fYg9Ukdtozg4Sp7F","SAMEA5753316","mlst-3390273-3","1886",2,5,118,1,10,1,13
"3AYPL1eoPCAFhjikjJtcNG","SAMEA5753393","mlst-3390273-3","37",2,9,2,1,13,1,16
"8ybhuB6zFo6L8KJnHV6bzJ","SAMEA7472487","mlst-3390273-3","48",2,5,2,2,7,1,10
"5DPLDNgVqAUYMxUBNnpX8d","SAMEA7472498","mlst-3390273-3","395",3,1,2,4,1,1,4
"dsDG3ZSWiJrxk62Cu9pfMV","SAMEA115925711","mlst-3390273-3","37",2,9,2,1,13,1,16
"9WgXfV9ohbX114RJ1XEZYn","SAMEA6156049","mlst-3390273-3","5244",281,1,1,1,1,1,1
"mK9drvor3FCJz3m45cgZ9F","SAMEA111504599","mlst-3390273-3","65",2,1,2,1,10,4,13
"1dD6dr1Xx318F5sMym8mPK","SAMEA6155841","mlst-3390273-3","392",3,4,6,1,7,4,40
"c7BPuXQTy5V3bPRc263poc","SAMEA6155775","mlst-3390273-3","307",4,1,2,52,1,1,7
"eMHFZzFv6jFJNsLQGdPAph","SAMEA6422742","mlst-3390273-3","307",4,1,2,52,1,1,7
"vMANRNokQGFTwxTbb1sDjg","SAMEA6155848","mlst-3390273-3","392",3,4,6,1,7,4,40
"tKWU41iH2r9hDFNqMo9xbA","SAMEA7472416","mlst-3390273-3","39",2,1,2,4,9,1,14
"2y22DkeAoh6baAXP63VZ73","SAMEA6654215","mlst-3390273-3","25",2,1,1,1,10,4,13
"a6jMNgedDsnr896tvEX8rG","SAMEA6155884","mlst-3390273-3","307",4,1,2,52,1,1,7
"js2XkEcLLtJFqcTM647gMS","SAMN05960910","mlst-3390273-3","405",2,1,62,3,10,4,110
"dY98fxa1J8N6hj2A3dZSW1","SAMEA6155849","mlst-3390273-3","15",1,1,1,1,1,1,1
"i9Zyqzf9zeWVTVeChLW2gK","SAMEA6155846","mlst-3390273-3","15",1,1,1,1,1,1,1
"r3dEtv2UKyaUSEhVKQAE3a","SAMN05960969","mlst-3390273-3","48",2,5,2,2,7,1,10
"avsR3aoHWpKrxHtbuQJNE3","SAMN31892432","mlst-3390273-3","86",9,4,2,1,1,1,27
"fkfw6v8V5L9fpaVQcDcdgq","SAMN05960911","mlst-3390273-3","1788",2,6,160,1,226,111,299
"nBu5iKHZw6KcKiVff7Mo42","SAMEA111505138","mlst-3390273-3","147",3,4,6,1,7,4,38
"pUYpyHTa6mLcXXTvmu17cj","SAMEA111504605","mlst-3390273-3","277",3,1,1,1,1,1,43
"3u2M4bP8E8FEtts9NL8zwh","SAMN05960876","mlst-3390273-3","48",2,5,2,2,7,1,10
"1iGatNMGEwozrc3CjTqTTQ","SAMEA6155774","mlst-3390273-3","15",1,1,1,1,1,1,1
"8FYWd8LThvZ9Y6Zyieybuu","SAMEA111504601","mlst-3390273-3","15",1,1,1,1,1,1,1
"bBHa1P5WFEGbN4QvntczMf","SAMN45807626","mlst-3390273-3","39",2,1,2,4,9,1,14
"8vAtrMRq8rShG8498C3APo","SAMEA6155868","mlst-3390273-3","307",4,1,2,52,1,1,7
"rw2FnQ9Nw47SuVPECecaxS","SAMEA7472493","mlst-3390273-3","395",3,1,2,4,1,1,4
"bDNoj7CmbDi3YdUm9rnnHv","SAMEA6654226","mlst-3390273-3","17",2,1,1,1,4,4,4
"gQ4RZhU2Fq2NHHHt1X3xxs","SAMEA7472506","mlst-3390273-3","442",10,20,2,1,9,11,14
"tSegnv1aExMCpKgLcipTWc","SAMEA6155873","mlst-3390273-3","5247",3,1,218,1,9,8,24
"cZL9YucYxMRgRYSKqHAkf9","SAMN05960900","mlst-3390273-3","231",2,6,1,3,26,1,77
"oHcLQJA47C4uM2MstCcNZs","SAMN36884873","mlst-3390273-3","307",4,1,2,52,1,1,7
"p1V1vBbEzcSCkdctSoxGvv","SAMN31892431","mlst-3390273-3","86",9,4,2,1,1,1,27
"7a1ykxskJv1qapxJNywMed","SAMN05960891","mlst-3390273-3","1418",4,3,1,6,1,1,16
"mEG2yitB17xAx7RyB2TzFe","SAMEA5753785","mlst-3390273-3","788",2,4,2,1,7,1,12
"n2CUoGTd9tVyrfiBT4ETed","SAMEA112281696","mlst-3390273-3","147",3,4,6,1,7,4,38
"6aL7vq4KJdTV79PSuj1GVz","SAMEA5753751","mlst-3390273-3","3273",4,1,1,97,27,7,4
"rxVfJKht4cLS5bLKSJDCKR","SAMEA6654237","mlst-3390273-3","17",2,1,1,1,4,4,4
"jvQjgseJhm24Wn9LABXPvi","SAMN05960880","mlst-3390273-3","14",1,6,1,1,1,1,1
"ddfGdB7UXRCGALkKxmFaLN","SAMEA6155864","mlst-3390273-3","403",2,1,2,1,1,7,13
"hcU92hFmNNiurjLw162jVV","SAMEA5753742","mlst-3390273-3","151",4,1,32,1,7,4,10
"9JRe5HbixsAja9CCPWngkQ","SAMN05960926","mlst-3390273-3","307",4,1,2,52,1,1,7
"tezudZ1n1Gw9XUJ9TSWAi3","SAMN36884880","mlst-3390273-3","45",2,1,1,6,7,1,12
"fBGYQSGSRgUXkxAfUzEgjM","SAMN05960922","mlst-3390273-3","25",2,1,1,1,10,4,13
"nM1MnsiU3sBdJUL3nWp3ka","SAMEA115925725","mlst-3390273-3","584",4,1,2,1,1,7,4
"2BhSj3cMz4594YSASwtxkL","SAMN05960890","mlst-3390273-3","16",2,1,2,1,4,4,4
"faypdcoEdQ83fxa2afSAzK","SAMEA5753788","mlst-3390273-3","37",2,9,2,1,13,1,16
"ejSuDDKNELtXastMKdP4Gn","SAMN36943785","mlst-3390273-3","7461",2,1,2,4,1,1,56
"e5mdCN625ogAAYe5GmcRV7","SAMEA6155820","mlst-3390273-3","307",4,1,2,52,1,1,7
"pgkxyugKU2zuw5sikZPgng","SAMEA5753438","mlst-3390273-3","1119",2,79,1,1,7,4,4
"xgpU71frMpZk9hN4NX7dRs","SAMEA6155823","mlst-3390273-3","340",3,3,1,1,1,1,18
"jHHRPhXLii1thENvb2beLw","SAMEA6155815","mlst-3390273-3","101",2,6,1,5,4,1,6
"eg8oUWgBXJvf811JNgE1hX","SAMEA5753414","mlst-3390273-3","528",32,5,1,1,9,4,18
"sEcKy31N8HPrfyASy8cmMa","SAMEA6654248","mlst-3390273-3","48",2,5,2,2,7,1,10
"9Uhc2FSEo32fmMFRJYhcUU","SAMEA7472465","mlst-3390273-3","73",2,3,4,1,12,6,19
"tnDHfYfwy9D5yExRP7cXYM","SAMEA6155776","mlst-3390273-3","530",2,39,2,1,1,4,24
"hW2fuA7K2os5f23Tb3Me4V","SAMEA6155810","mlst-3390273-3","1801",2,1,1,26,3,5,54
"8NV8QKADQ1BfixSmgJy7Uc","SAMN05960944","mlst-3390273-3","12",6,3,1,1,12,1,4
"jBWJnZFCPoUasGYswoHSLE","SAMEA6155879","mlst-3390273-3","307",4,1,2,52,1,1,7
"46UxQkGvaUxFbWw1rB64GG","SAMEA8515152","mlst-3390273-3","39",2,1,2,4,9,1,14
"uvEkq8mRRQPLumxuH3dDwK","SAMEA7472478","mlst-3390273-3","985",10,3,2,2,6,4,4
"58aMnX4kKX9ABNVDDPNY9Z","SAMEA5753415","mlst-3390273-3","1049",2,3,4,97,12,1,39
"wWnFWWZgQSRdZXLHG7jxP7","SAMN05960892","mlst-3390273-3","39",2,1,2,4,9,1,14
"bquu8zBfyYvHZZL78qD6tj","SAMN05960941","mlst-3390273-3","17",2,1,1,1,4,4,4
"8VXzR8XaRRP1JhFB24qeEc","SAMEA111505120","mlst-3390273-3","101",2,6,1,5,4,1,6
"kqeLJxAzwr882v6QkeP2k1","SAMN05960878","mlst-3390273-3","17",2,1,1,1,4,4,4
"w5D7sGqDTbHY3uzAgdVS9g","SAMEA6155850","mlst-3390273-3","147",3,4,6,1,7,4,38
"dsMn34yULN54GxBEgXT361","SAMEA6155856","mlst-3390273-3","5243",2,1,1,347,9,1,12
"aHQ3Jixe7VnXW3ieupEnPf","SAMEA7472398","mlst-3390273-3","11",3,3,1,1,1,1,4
"x3LoLQefs6Bsf7wC8SHqPC","SAMEA6422781","mlst-3390273-3","307",4,1,2,52,1,1,7
"uE5yuLRjxRh8HEaZzJ8qyu","SAMEA115925724","mlst-3390273-3","13",2,3,1,1,10,1,19
"spa5BonHmewtQxFfRGzo3Z","SAMEA7472502","mlst-3390273-3","20",2,3,1,1,4,4,4
"9sE5qy5xqsGY2xaodzMopi","SAMEA6155839","mlst-3390273-3","147",3,4,6,1,7,4,38
"3AJK3c5jFBmgxDy2gChsW6","SAMEA111505141","mlst-3390273-3","5240",2,3,1,1,4,1,18
"bzCc3Xerf8PwGcW2vKZFtx","SAMEA6155797","mlst-3390273-3","5241",2,5,399,1,4,1,4
"pDiV8Gt7SwFFgreytfi7Hs","SAMN05960927","mlst-3390273-3","101",2,6,1,5,4,1,6
"azq911uyDWwcXBStdjpCVW","SAMEA6155880","mlst-3390273-3","5241",2,5,399,1,4,1,4
"xguuWbXG7xoxRmrunrFe1U","SAMN05960871","mlst-3390273-3","3613",4,1,254,1,177,1,35
"xaMyne9sa6U6DnZNNRE8F6","SAMEA6654227","mlst-3390273-3","17",2,1,1,1,4,4,4
"d7R2MQLB35hj2Ej9upd6M1","SAMEA112622402","mlst-3390273-3","39",2,1,2,4,9,1,14
"i3xxvB6hAz3pnsd5StVfSj","SAMEA5753760","mlst-3390273-3","3278",4,1,1,1,9,1,218
"dJStMMFAC2bmA8Scq4nvtK","SAMEA5753329","mlst-3390273-3","867",2,1,99,6,1,1,129
"wT6WCsfjiMQNCCZwBv3VpS","SAMEA5753749","mlst-3390273-3","2141",2,3,6,4,9,1,4
"7aR3p2hMP7yySU3AEsfjTf","SAMEA6155801","mlst-3390273-3","1801",2,1,1,26,3,5,54
"6oNoQHjmb7nLnwfFmS5698","SAMEA5753799","mlst-3390273-3","3340",4,3,1,1,9,10,9
"j65sj7HHAym69X7cTXkdAB","SAMEA5753705","mlst-3390273-3","3111",2,1,2,1,7,4,5
"e2FN2dMA7TPmZQ8fRP7V1j","SAMN05960919","mlst-3390273-3","45",2,1,1,6,7,1,12
"iNE6FvQH4fXR8XwrPTUzfh","SAMEA7472429","mlst-3390273-3","464",2,5,2,1,26,1,2
