"Genome ID","Genome Name","QC","Genome Length","No. Contigs","Largest contig","GC Content","N50","Ns per 100 kbp","Average Contig Length"
"3WCUueHWWitxF29LDcNBg1","SAMEA5753723","Passed","5413836","45","779817","57.31","361760","5.63",120307
"1RXztsojJqnvkTR9a9NXZ6","SAMEA5753775","Passed","5748397","187","388952","56.90","122255","3.62",30740
"w6MPevbE8wpJfQejowGtQZ","SAMN36884877","Passed","5668464","73","674664","57.06","289737","15.75",77650
"rpT6nbbz9R8UF6yARvuEyz","SAMN05960897","Passed","5154903","79","540910","57.58","235866","1.92",65252
"wgAdqqd6Up7MEoM7Vt6GXb","SAMEA6654218","Passed","5609627","84","468169","57.10","319758","14.58",66781
"wB3Fj8XZh7JhhN3cus12eN","SAMEA111505134","Passed","5164766","62","465769","57.58","156165","20.48",83303
"fm2r9e8621BM8zH6Ly1sTk","SAMEA6155746","Passed","5566139","76","765489","57.25","408298","8.93",73239
"9RhMYsQKag5K66mFK1tD7W","SAMEA6155852","Passed","5789294","56","1250614","56.75","307975","10.36",103380
"dSpqW4TtLMp5jxf16ShoPH","SAMEA6155959","Passed","5704305","93","740127","56.76","254722","8.61",61337
"qGZQwxzyQbG9xv2FqV4dvb","SAMEA7472389","Passed","5269538","117","314458","57.57","92452","8.08",45039
"jBvDDt7BspaLmDx9ktp1U1","SAMEA6654212","Passed","5610405","79","455463","57.10","270802","17.66",71018
"hqgrhRJ5wzXsFmNFw9knve","SAMEA111504603","Passed","5461145","81","551928","57.18","184744","16.46",67422
"fzMzq2HmX4xgAcvRsyQ6VR","SAMEA5753759","Passed","5117412","53","502561","57.68","298155","6.98",96555
"tPC3fHPm4cUAQydyX8S6Nx","SAMEA6155842","Passed","5123109","19","2234895","57.70","734720","13.37",269637
"xiaFujBbb97VoVyVGb2yFU","SAMEA6155926","Passed","5577582","51","927536","57.14","462530","13.84",109364
"oB3TSFz5G1nGLNfPPZjaad","SAMN45807624","Passed","5254688","43","903772","57.47","294935","9.61",122202
"vPFn7kLRcVDnEWpF1jWVsJ","SAMEA5753704","Passed","5326880","62","728740","57.42","314756","3.74",85917
"oymroXCpnMLhvoznap35cu","SAMEA6155844","Passed","5540754","66","695624","57.03","407009","5.38",83951
"dqMxqA3iXxzipcgh6L1Jez","SAMN05960908","Passed","5604538","115","670898","57.10","237780","3.41",48735
"jD2UahaQxsHd6jRmo249J5","SAMEA5753439","Passed","5298900","53","490910","57.46","297808","3.66",99979
"vpw2ESM6jajoMQ2XEVU1uU","SAMEA111505117","Passed","5268753","90","456196","57.34","147349","17.31",58542
"chJPYxhsbCDg8adwrZLafv","SAMEA111505125","Passed","5359752","118","352524","57.44","161911","27.97",45422
"3ndyvGuykXzTNVihqbCEFm","SAMEA7472352","Passed","5325510","124","345067","57.40","150705","3.83",42948
"vSayktwZYDYJyC8Bz6RM7t","SAMEA6422737","Passed","5662252","76","775826","56.82","263204","12.27",74503
"2zgoyJTUXSoaq7L6h7QWn6","SAMEA6155878","Passed","5425956","47","753411","57.38","439199","12.77",115446
"ef91Cfz9yTsJS9F1xvdgfC","SAMEA6422734","Passed","5639168","110","1295607","57.08","377992","13.87",51265
"nxRWuuvbXsuD3fkU81Pka5","SAMEA4785019","Passed","5875118","101","587893","56.58","232142","20.15",58169
"h8AfVHpdtjsNg5MSHMGEP2","SAMEA5753755","Passed","5427558","59","964936","57.19","361725","3.65",91993
"9sCrDmU7GUKoZJiBUQX7Ju","SAMEA7472470","Passed","5457627","69","424566","57.22","263802","5.41",79096
"fP65g7jgZat9zmySmmcDEH","SAMEA6654240","Passed","5755616","135","571222","56.70","143760","11.75",42634
"1wxKRsWY6A8PVJRe5M9yHj","SAMEA5753762","Passed","5320365","83","401768","57.34","208551","1.90",64101
"1QC6gsyR4pdPR6Arv3PofN","SAMEA7472508","Passed","5374612","93","455998","57.29","229288","5.54",57792
"kV8NN26gn4zMzUrVmiuv4F","SAMEA115925726","Passed","5492122","82","527505","57.11","210113","7.21",66977
"wN3gr2Xzq26k75wUJNBtC1","SAMEA6155785","Passed","5269197","87","368944","57.38","194879","16.99",60565
"vTLBnVx7RFdfifC3vCaVvn","SAMEA6155816","Passed","5124201","23","2061080","57.70","734247","19.05",222791
"ru7Tt1Xx7t3XWW6LAU7GY6","SAMN05960943","Passed","5569326","50","579295","57.06","324217","5.35",111387
"sw6a6rkZJH6Mb4A3jHLFfK","SAMEA6155817","Passed","5488601","72","1599871","57.22","476255","21.41",76231
"4Hnraj3XgcJrSeDnYDpxAb","SAMEA5753353","Passed","5416627","59","473965","57.27","258038","0.18",91807
"bL6NJqitzvkQG79RwxfPZo","SAMEA111504606","Passed","5717452","105","552467","56.94","174902","27.67",54452
"uH9qCLXB9HGRpSMcA5KAZK","SAMEA115925722","Passed","5476999","114","303547","57.13","149602","5.48",48044
"gz4qmnkBjJwDq7sn2xK47Y","SAMEA4785017","Passed","5494371","97","797681","57.28","220755","16.00",56643
"os9PxKsnWVQ1yaa4MF8a6c","SAMEA111504611","Passed","5601180","90","401810","57.11","229865","25.83",62235
"6A7Wk1psHh9ewryZXAJyXf","SAMEA115925712","Passed","5455523","110","371613","57.33","156391","12.68",49596
"iCV5KZtRkyPyEau49JCQkr","SAMN36884875","Passed","5773103","127","636279","56.91","225351","5.13",45458
"2H7LhawUkgSTwFeNQbsHfx","SAMN36943779","Passed","5209856","150","348177","57.43","102997","7.54",34732
"aHqRui8jXfGrasdZ9o7RMw","SAMEA7472505","Passed","5653306","102","700419","56.99","220949","10.61",55425
"ajk5KRQbpVw1sMvcdSbbn1","SAMN05960949","Passed","5552343","87","380439","57.24","197288","5.35",63820
"cLrDJaBZwCxksJns9enuHQ","SAMEA5753763","Passed","5366024","98","372551","57.31","174820","5.46",54755
"9EK6nFkQxjy3n4a8BZUhs5","SAMN36884884","Passed","5492889","75","505610","57.23","246013","5.46",73239
"opgxhkceTYBhoHePQ7i3J2","SAMEA111505116","Passed","5668121","100","492414","56.98","172690","21.44",56681
"3CZfqkzSWZLhnUJapfWebH","SAMN41988748","Passed","5372577","64","853194","57.35","320364","9.21",83947
"k4M3rSMsx1QNStuBYozfXJ","SAMN05960886","Passed","5431778","57","882722","57.23","333576","1.80",95294
"17cjBXCud4W8WzY9Adcadf","SAMEA6654231","Passed","5756635","79","954718","56.71","375724","8.79",72869
"bgSrxKwxA6HeN1jdLNgHsG","SAMEA5753739","Passed","5302083","115","460474","57.54","169641","7.49",46105
"uQyJaAJRdkvckdJnxkNQWD","SAMEA5753725","Passed","5230035","45","961174","57.44","281499","3.80",116223
"8JbGkEtkonwzJzAFhjvvPP","SAMEA7472509","Passed","5360306","112","495550","57.32","169093","9.44",47860
"dQaeWNGmkR27kysq26if8M","SAMEA5753730","Passed","5282733","117","354351","57.57","120730","7.74",45152
"r9av7Pjq7KmtguHZVx827e","SAMEA115925713","Passed","5206081","57","794347","57.58","268028","7.64",91335
"vJZE3Nvvtpj7S7mzx9aBLJ","SAMEA6155781","Passed","5124243","18","2234299","57.70","734680","19.26",284680
"1ZKLGKjWkBqdJjheeB9mFL","SAMN05960879","Passed","5592655","88","784658","57.16","377425","5.22",63553
"8YnVyxHA7nqtqzDfQdJ3mB","SAMEA8515137","Passed","5643771","112","309784","57.00","136001","76.07",50391
"5Vzojp1ehDS15wUpA1k7aJ","SAMEA111505122","Passed","5574750","105","367947","57.08","185870","11.86",53093
"hNFZHi4TzoXS9HPc1dSDA8","SAMEA5753773","Passed","5369360","125","361376","57.30","130726","1.81",42955
"pnFzwi6DT6U9P7HitW1FMj","SAMEA4785011","Passed","5692219","116","418055","57.08","207847","17.37",49071
"nL2Rwd36aKVaXBMmuKchbV","SAMEA115925707","Passed","5614572","93","809784","57.09","264394","14.16",60372
"dZfePqBBSqwaWSZP1wwyxd","SAMEA111504607","Passed","5440994","58","565569","57.17","203878","18.34",93810
"aV1sM8V81ttSdPBmseMK66","SAMN05960907","Passed","5665118","71","539164","57.09","286197","3.51",79790
"geUM1oQYdtik6Xehr3Zscf","SAMEA5753355","Passed","5343727","75","504999","57.45","245559","3.91",71250
"iatBhmBrmLiAAiLsaRp5YH","SAMEA6422766","Passed","5497045","62","500557","57.21","334974","14.33",88662
"hN9QXqRKzHjwKe8aeifrGQ","SAMEA4785012","Passed","5497370","94","797068","57.27","196863","16.17",58483
"aWGoHCv91FJnnizvSsmbKE","SAMN05960958","Passed","5198329","32","1443875","57.55","410840","5.77",162448
"jpRJy2sHoCEddK5MzjPAm8","SAMEA111504612","Passed","5427564","79","409357","57.41","248565","7.61",68703
"jTcoqu2MdhH2h4g6svP51p","SAMN41988737","Passed","5670518","72","690368","57.07","303016","10.46",78757
"kUP4v3dKJP9skf3bHvwXUu","SAMN05960904","Passed","5162181","68","426396","57.54","199781","1.92",75914
"kqYjA4z1VWxyg1LQ1akVnQ","SAMEA6155866","Passed","5522518","48","735518","57.08","409740","14.21",115052
"uc7XTeozGMpUiurZSWSuWM","SAMN05960925","Passed","5586859","69","601118","57.16","281584","3.56",80969
"xhNWCcrWXPqL9Ru7rU3mrt","SAMN05960895","Passed","5488037","58","465955","57.12","279596","0.00",94621
"mbBUQEkWPfbuxaRBM3VeNf","SAMEA6155829","Passed","5761291","89","510170","56.98","321397","16.94",64734
"pvabPX7NiEvSwjZkUUaUuv","SAMN36884878","Passed","5744966","87","532040","57.00","319268","3.46",66034
"dyToryGFYPUg65sMmJ5YhD","SAMN05960881","Passed","5594041","91","705082","57.16","279938","3.50",61473
"wTdMVFMhJBMNS9NczV2jFY","SAMEA7472442","Passed","5717304","110","533165","57.07","334557","8.92",51975
"8Zy84MWZMiScmkJwsiFnyQ","SAMEA111505123","Passed","5292800","184","222350","57.46","94724","21.95",28765
"rvGui5euCpQhNxbsBaxRQK","SAMEA6155778","Passed","5123507","19","2235638","57.70","734485","15.40",269658
"koB4JkyTa9iuBJaS6ynr2d","SAMN46427849","Passed","5434412","59","924180","57.34","422635","16.45",92109
"k8xYz3zN61c7cXRqG1V9mj","SAMEA5753754","Passed","5655262","144","524258","56.95","153356","5.32",39273
"gUxVpQuVi3i99x2a1hsEc7","SAMEA5753757","Passed","5466959","67","469489","57.13","311666","5.40",81596
"j62D2jwXVD9t2v2ZiXNj24","SAMEA6155834","Passed","5123462","17","2234328","57.70","734247","21.10",301380
"r22EXMLiW4Z32nTtPaYYRY","SAMEA6158235","Passed","5130106","124","350212","57.43","99473","13.27",41372
"wnY8BLJvKiKJj8EKgNEMqp","SAMEA111505139","Passed","5813282","146","380037","56.56","150751","22.35",39817
"hv4tdSDtdCJiL7h8Erv8Qw","SAMEA7472507","Passed","5370520","106","456596","57.29","236727","9.25",50665
"bJZWZD2FSBUWqM6DtiggqM","SAMEA7472468","Passed","5582501","83","433580","57.12","220998","7.67",67259
"xyGww7Z1sR6wErTvaU1AXk","SAMN05960898","Passed","5511802","67","675986","57.23","279860","3.54",82266
"4mRJucNety59xcCC1tY51j","SAMEA6422764","Passed","5540310","80","506491","57.15","203867","17.69",69254
"emScuqyhFJCc1HeEFEmvuE","SAMEA6155893","Passed","5424476","47","753411","57.38","439597","14.58",115414
"iBWRLXhehPKCwucq4oFFBv","SAMEA5753448","Passed","5441695","107","481456","57.34","329792","5.40",50857
"pW1Kpbr4jEfJfJpkB7udD1","SAMEA6155826","Passed","5579911","51","898643","57.15","430036","9.07",109410
"r8hvFxtWhiAbUyg1kwXsir","SAMEA7472515","Passed","5199275","67","481646","57.41","261398","5.92",77601
"kdUfqfNFMSrgBoucX5xvfP","SAMEA7472372","Passed","5652357","50","767723","57.17","280609","5.29",113047
"8UQhM26DjirjJRY7tk4fiJ","SAMEA7472405","Passed","5472680","84","642218","57.39","337412","9.10",65151
"j9ZShn3RZeenuS7oiH6gYa","SAMEA6155855","Passed","5427520","45","750404","57.37","369069","16.34",120612
"sB3AMskB74w4RxSkWLsher","SAMEA5753731","Passed","5848891","119","968408","56.88","163502","5.04",49150
"viX7qNyijfnBPd9ruFm8we","SAMEA7472517","Passed","5397496","43","995312","57.37","315681","7.45",125523
"mhumFeLBiEKJ31MhCzA8vb","SAMN36884891","Passed","5441187","80","793575","57.27","215128","1.84",68015
"5f2Wsts6UszDxa6ggD49MU","SAMEA5753371","Passed","5791130","129","790275","56.97","307148","5.11",44892
"nxs8abV3G6H4G7mikPrnuF","SAMEA6422761","Passed","5372566","42","752580","57.26","363912","5.44",127918
"bS81DVrppm6u5fWTkYFQ7B","SAMEA6422785","Passed","5654869","83","716573","57.11","249812","13.90",68131
"5CNpBnF5H4n9eHHomRLzQT","SAMEA6155865","Passed","5491216","43","829959","57.10","370914","14.42",127703
"7osKw9nwAbzmFk8SAZCCVq","SAMEA5753797","Passed","5292473","71","595320","57.37","325458","1.85",74542
"utzjj6oLjCnX7gZM8dEmkc","SAMEA111505126","Passed","5652758","157","335523","56.91","100963","24.08",36005
"aFmgnCiB28KNQAe6qxxKur","SAMEA7472371","Passed","5196967","79","469800","57.61","149533","9.56",65784
"cocDC5PVaDCsHxNGfWc5k3","SAMEA6422756","Passed","5051112","23","1024860","57.81","470022","19.54",219614
"8kVbukWkaFEqdXzhiXoBpf","SAMEA6155853","Passed","5519436","43","822715","57.11","391929","17.81",128359
"kaiogLxCJLSa245NCTkt9g","SAMN05960956","Passed","5464941","61","580391","57.10","367135","9.08",89589
"oGSv5BjAnBd2ofvw7ZBZEz","SAMEA6654232","Passed","5750957","100","978808","56.72","387770","8.64",57510
"cdbaGrHDemPtw1BgydfcvJ","SAMN36884876","Passed","5613901","103","444061","57.17","239299","1.78",54504
"6Yx8hEXhsdHNMdjcnHpdXj","SAMEA6155833","Passed","5546421","68","898934","57.19","341358","17.69",81565
"hAbwaa2M11aDucG5dNcx6N","SAMEA6155807","Passed","5554592","60","1913179","57.08","479738","8.80",92577
"ov8R6Jr2mE8UgaeeqheaFP","SAMEA115925716","Passed","5527922","119","347893","56.86","130196","17.95",46453
"dgL11DroRQLtr1f55o8bTr","SAMN05960906","Passed","5662239","75","599299","57.09","258695","1.75",75497
"kVaSn9PWDtVoXozYzBTQFk","SAMEA111504609","Passed","5693111","85","509091","56.93","230038","7.76",66978
"rSffqw8uKXHjTgvArFBgq7","SAMEA6155858","Passed","5532930","61","608346","57.10","388799","12.51",90704
"miwMhf78aTEavL2snrWv8o","SAMEA6155789","Passed","5425973","46","750235","57.38","352306","5.49",117956
"jVsruuu8Mj75YfkzqpdtsP","SAMEA5753327","Passed","5504642","123","452561","57.13","237644","5.38",44753
"fh4M2ynawwkpe9bESyogqC","SAMEA5753786","Passed","5283235","41","468187","57.46","326406","5.51",128859
"bV4RhJMeAGN5HN3w7U73N2","SAMEA8515127","Passed","5496235","140","388614","57.28","145545","10.84",39259
"vtgvqBT53v8fF46ctdA8wB","SAMEA6155877","Passed","5121762","22","1833547","57.70","478691","11.54",232807
"umyMDwpZFUJdhx8vnF28oZ","SAMEA6155773","Passed","5412690","43","1014073","57.38","653144","14.50",125877
"pchsxW6orFh8S3vDcUZoVx","SAMEA5753803","Passed","5700352","91","563761","57.05","247012","5.35",62641
"aipP1e8eQesusYkxTMLP3u","SAMEA6155929","Passed","5574568","54","541094","57.08","406006","8.79",103233
"jE5MBuuESAgX1U37dXCbVV","SAMEA5753804","Passed","5229188","48","755484","57.55","316106","2.29",108941
"cLnu3gj3nHHhWDddjKVqpA","SAMEA6155847","Passed","5536106","59","607832","57.10","383721","26.72",93832
"92wiTibEdTeNBpqY17uE8E","SAMEA6422771","Passed","5382200","50","639850","57.36","314068","9.09",107644
"dAkZRDf8BnMSmHg38GM8rm","SAMN05960921","Passed","5794654","53","1333582","56.92","410759","3.37",109333
"eH94miV6WHVNfQjumX6o7R","SAMEA6155843","Passed","5122039","21","1910648","57.70","479836","19.07",243907
"mZQaeb3FczXTW5Z5S3MwVo","SAMEA7472409","Passed","5186998","57","519618","57.55","304964","9.56",91000
"7hnX9PJywogzyRrzeEeVfk","SAMN05960873","Passed","5586255","61","530977","57.17","285266","5.33",91578
"ppPWXTxt911sQikKZ64yQ2","SAMEA111505118","Passed","5512475","84","436988","57.28","207741","19.57",65625
"4rJRoHYr5NR82wGsPzD5vn","SAMEA6155876","Passed","5687042","152","478715","56.79","182034","10.41",37415
"4Rve9vkKjgmV9RdsLuAftK","SAMN31892430","Passed","5281734","80","446095","57.26","172346","33.89",66022
"k6jL9xWt1Di2np5pYwysKb","SAMEA6635864","Passed","5763365","94","510170","56.98","252436","18.63",61312
"azNWjydAsZsWq5oBkJZpsG","SAMEA7472511","Passed","5824339","117","332303","56.70","150479","5.12",49781
"bdwVoBzdHnEN9SvqNbikxT","SAMN05960957","Passed","5462152","65","422898","57.10","239205","9.04",84033
"8iTG3rswnZSXfdyUnnin2P","SAMEA6155792","Passed","5532180","72","551352","57.22","321945","14.08",76836
"kvBvKLVWrLzSZ2bJfyvXeG","SAMEA5753369","Passed","5527784","168","266709","57.35","145100","1.81",32903
"fs5SV1mCiSjT1fyFMjF6VZ","SAMEA6654216","Passed","5613150","79","510486","57.10","344484","19.40",71053
"wzDKTANo7rKwooQZ846smZ","SAMEA5753721","Passed","5455897","77","506816","57.38","222904","3.59",70856
"cGYL9WzsyTTm9hRXfqGYGn","SAMEA7472380","Passed","5143853","164","322793","57.71","61623","7.70",31365
"iU6qbLVcAJ8i2C414QCBri","SAMEA7472477","Passed","5511400","55","559814","57.21","319804","5.39",100207
"pbnK26AZXgQgjnJLjZv9wx","SAMEA6155779","Passed","5122439","19","1833117","57.70","734765","17.30",269602
"jBBWXA8udJH12wFK6SRUnY","SAMEA115925719","Passed","5821099","130","651506","56.56","203963","20.22",44778
"mU9yEWqCpyz52t5ggREiez","SAMN05960966","Passed","5556965","79","455358","57.24","227618","3.60",70341
"deos3gCFmYQxmsgmjQDH7U","SAMEA115925721","Passed","5648471","156","263288","56.78","119357","16.08",36208
"qSJ6YXKzWVB7Hh8TNTP9tA","SAMEA115925703","Passed","5308288","74","448740","57.43","228531","7.54",71734
"87PJxck965L12Gh9N8vXp6","SAMEA5753727","Passed","5186525","87","345821","57.64","139878","0.00",59615
"3dikTEvbuQAXQaWLF6wGmM","SAMEA5753354","Passed","5305677","115","378927","57.57","144443","3.69",46136
"85vFfmMxAWjqo18pNuvhoz","SAMEA4785013","Passed","5494548","105","797567","57.28","196862","17.93",52329
"ptHiVHjPXfRZKwpSphHw3n","SAMEA115925723","Failed","5459625","227","150319","57.12","51934","5.90",24051
"8LLpFVCdS1PrSrLbyHVaST","SAMN41988735","Passed","5455565","52","935984","57.20","397739","10.83",104915
"43FEb4GXdhp3cEAaSbWjBv","SAMEA7472411","Passed","5190825","49","522323","57.53","304965","7.65",105935
"uUpNEneKmgYQtETf9ghiUv","SAMEA7472462","Passed","5549348","78","531971","57.20","208082","8.96",71145
"c9h9kcdQiPzKhFFe3UtP9v","SAMEA6155838","Passed","5410733","43","756320","57.38","451954","9.11",125831
"u1e4xLvcNu2xvy625KyC2N","SAMEA5753753","Passed","5095896","127","499019","57.76","135055","0.00",40125
"aKHZjRjNNmn3HymxZeqUxb","SAMEA5753792","Passed","5460684","108","534048","57.34","244936","3.64",50562
"cLPoF1A7AnHCaibQsPz2zV","SAMEA5753738","Passed","5718959","228","494024","57.15","119711","3.46",25083
"jKvEssiC3yAVNGhJtayyUD","SAMEA6654220","Passed","5669714","89","986967","56.83","265288","5.24",63705
"v14mp2i8gwWnMRM21sjxpA","SAMEA6155854","Passed","5425161","44","704054","57.38","369270","14.49",123299
"m2GtyCCQgQRVk91EqqtwyE","SAMEA4785007","Passed","5599755","99","315853","56.86","176645","17.64",56563
"hoocsxPfXfnsg2XLutMNAK","SAMEA7472365","Passed","5807373","125","736304","56.61","205214","12.00",46459
"9z1oeZUBBJAF8C3UyBvx4E","SAMEA12311723","Passed","5495723","164","350060","57.10","145725","9.04",33511
"mjYYGyn7pj1GTEgBMVbm57","SAMEA6155872","Passed","6021322","83","419089","56.53","203585","3.32",72546
"eb7Qrn3aAFtT9DavapU5Hy","SAMEA5753317","Passed","5334497","146","335232","57.41","131424","9.04",36538
"2mJG6aY8YTfLy2ghLcMvcU","SAMEA7472355","Passed","5649976","55","727445","57.18","280609","5.26",102727
"udYSjTG1qwdx9E8AefFSHg","SAMEA5753356","Passed","5340296","79","504925","57.46","328529","3.69",67599
"gnwExAtn8aB3Sh7bHjWrkW","SAMEA6422780","Passed","5394123","68","545591","57.44","288645","7.27",79325
"pkNR3coqAs41UDm1TjHtVx","SAMEA6155869","Passed","5517161","44","592198","57.12","381477","24.99",125390
"wGwgZmQ8x9oZcrAjjxfoDy","SAMEA6654224","Passed","5753654","47","1813725","56.71","1077390","6.92",122418
"pcrXU5kynsB1PCESpWGNH4","SAMN31892426","Passed","5608328","65","911198","57.16","347188","12.52",86282
"bjsEga6MiZDiitdb3bdRiH","SAMN05960938","Passed","5477500","43","1704966","57.26","552915","7.17",127384
"phs67xfBWNQemLZ4RhzKqc","SAMEA6155814","Passed","5766692","90","552094","56.97","321196","17.08",64074
"wLmNuoXQx7aJEsUNtVkqeQ","SAMEA6422736","Passed","5780757","116","655696","56.88","344543","3.43",49834
"3DKNa7b6peEvLjs1NJ8Yg9","SAMN05960963","Passed","5518715","80","1222034","57.30","357395","3.48",68984
"9FMy9xUJMnFcAwdgXVsANU","SAMN05960962","Passed","5170668","34","988161","57.68","401133","9.48",152078
"ckAG3EVebxB4xi7aNYvhEA","SAMEA6155859","Passed","5186335","20","1839166","57.55","582840","20.94",259317
"83GFGNxEQ55fVsFYZGs5gK","SAMEA6155862","Passed","5636272","85","506042","57.06","323746","15.72",66309
"tfFNVKNbmL8cWoRQhNWp59","SAMEA6422735","Passed","5468880","39","1484787","57.19","361062","10.82",140228
"vJYckjzrYprKU3MEzNj7Fp","SAMEA111503612","Passed","5548925","69","714726","57.21","299316","12.42",80419
"oahhcaMCteeYDPc2GHaFxi","SAMEA5753782","Passed","5222628","76","429884","57.61","144218","0.00",68719
"gHwCs7jfA2m26zJTwoQDE1","SAMN05960902","Passed","5239663","47","514189","57.59","292307","5.59",111482
"6GDQioRLuUjGgXBvzJ15SN","SAMEA6155875","Passed","5580341","55","898930","57.15","430255","14.05",101461
"wSEshuFUNDgMEGBiHnLH9y","SAMEA5753801","Passed","5451456","154","293262","57.28","152464","3.61",35399
"5eG887v1RUpSkjdGw8sGgS","SAMN36884883","Passed","5413527","75","684954","57.37","307827","1.83",72180
"97yZNNPPKmYM3JYMqwuMJk","SAMEA115925704","Passed","5777739","81","689460","56.70","240739","11.93",71330
"6MHXM1WJLUdmMekDndtf9o","SAMEA115925715","Passed","5833879","92","654269","56.55","190421","13.61",63412
"fvPMyr5PwYZ9hLw15vxCDJ","SAMEA111504604","Passed","5637811","83","720107","57.04","223409","23.75",67925
"jKtntykrHw7dbtizkJY58n","SAMEA6155883","Passed","5121823","21","1833400","57.70","416908","19.08",243896
"2zPTZkh76qfbRoz5iw4sY1","SAMEA111505128","Passed","5467915","168","253201","57.24","96373","34.84",32547
"mxGK98nBQ8MpsZjV37SZ9z","SAMEA115925705","Passed","5478074","93","500127","57.25","187986","16.06",58904
"94Pknj5Nyf3QQBDqPjr6it","SAMEA5753789","Passed","5321316","118","487513","57.34","158442","3.76",45096
"qXXvn6JkA1n3XnLWZL5pXq","SAMEA6654219","Passed","5610745","77","551236","57.10","374724","16.11",72867
"8Xgc52vtKZVkfHJUruR9Y2","SAMEA111504615","Passed","5468678","65","386554","57.23","179955","20.11",84134
"8ZSgD6stSFnVwrq7ktKyXW","SAMEA6422777","Passed","5554255","71","599053","57.02","307016","1.73",78229
"r4AoMQg5rneJcvC4fvfkPH","SAMN45807625","Passed","5578628","63","533633","57.15","333905","14.30",88550
"kgF7ju1JDHCHz9o4VMNQ91","SAMN05960882","Passed","5627094","102","510289","57.15","152542","1.78",55168
"2zmwVkNyF5VkwamG5Jafkv","SAMEA5753707","Passed","5322968","85","452976","57.25","172025","1.88",62623
"7p9Cky8RYKxpUFo3fVUd3B","SAMEA4785009","Passed","5495191","96","797068","57.28","198738","16.14",57242
"p6tXQwFHWQ5v1iYXYbG3Nk","SAMEA7472390","Passed","5247011","102","362184","57.48","167810","3.75",51441
"94KiySvHMunwJLkimJxpF9","SAMEA6155798","Passed","5455818","54","1070819","57.25","463088","16.00",101034
"sxBhCqe6JfCuhqcVxJ64TP","SAMN05960937","Passed","5478722","44","775989","57.26","399410","7.17",124516
"tnaMM8Jew5zJav2r6TgpGL","SAMN36884886","Passed","5456114","56","692172","57.34","456557","5.43",97431
"jmUDKLwZX2hKEkNjdsmyB4","SAMEA6155909","Passed","5407948","60","988826","57.26","257140","14.52",90132
"eHV5akLFSxPCw6DHExHqfW","SAMEA7472489","Passed","5638066","119","359980","57.07","164776","8.80",47379
"7LgrgfhCCcAtm1zUX8QJRr","SAMEA6422746","Passed","5549833","43","729251","57.14","377105","8.81",129066
"8jXG7iH86drY6gQMgCinc4","SAMEA6155928","Passed","6026939","74","462232","56.53","218199","14.68",81445
"9LVQVQ8TSA1bP3abTZgCxt","SAMEA6155891","Passed","5654270","94","705707","57.00","284840","17.30",60152
"4ohEiVid7BMPdopx1TBd9q","SAMEA5753793","Passed","5236360","80","549242","57.43","353414","1.87",65455
"35HdoqhevFZ7ogKPvWK6MG","SAMEA6654244","Passed","5583218","50","1049232","56.85","427548","8.92",111664
"nfWUVQ7io1bTNgXQArzTgB","SAMEA6422783","Passed","5694534","84","542735","56.87","314467","6.92",67792
"r8kPKmfLUtjTQHXvob6CDa","SAMEA8515138","Passed","5695484","155","646781","56.91","226921","5.25",36745
"x18NQidq7sicRzihob2BFF","SAMN05960899","Passed","5581806","73","508454","57.08","208060","7.02",76463
"ahpcz4JJbo98b5GoYf9pUj","SAMEA6155793","Passed","5328273","27","1260401","57.46","361069","10.89",197343
"ey8XCQmUMpjkqHe1wfrKMu","SAMN36884887","Passed","5667247","114","445862","57.10","214703","8.58",49713
"pGFpThALdSx9WadLPUCP27","SAMEA5753779","Passed","5175547","98","410417","57.53","168353","4.17",52812
"gHRiH5GELXDMrX85tVKZ28","SAMEA111504602","Passed","5662574","89","624324","56.95","330944","9.22",63624
"pBqSWqxGYCeRocDsfgh6iq","SAMEA5753796","Passed","5394279","40","900846","57.29","482040","0.00",134857
"qCbmDssgHLcBae438R5Dyc","SAMEA4785016","Passed","5494881","100","797636","57.28","185840","12.61",54949
"iFAMgQEQ9r63a5vi8Ebd8V","SAMN05960916","Passed","5449573","42","911057","57.15","474466","0.00",129752
"jTiRmR53by543rfq4UbbmC","SAMEA6654210","Passed","5597516","78","588273","57.11","243192","24.87",71763
"mXmvUBJsJ3NCEFC9wtxG9K","SAMEA111505137","Passed","5220165","48","655497","57.56","250675","16.69",108753
"btUoFbd8aqxcD1n6YhpvHc","SAMEA5753781","Passed","5382186","83","500228","57.25","194483","0.00",64846
"okt9qZNhhLcsFeCFnXKnuK","SAMN05960929","Passed","5463715","64","677054","57.30","231164","0.00",85371
"hbHdbHfoXrwNJcLBhzHvVm","SAMN05960924","Passed","5497937","73","662654","57.21","158270","5.33",75314
"kBALZdVn7VujpzkzPa26An","SAMEA7472437","Passed","5472377","63","531964","57.27","342312","12.74",86863
"tTyCjY4Csbq3fyU8svwuo4","SAMEA111504600","Passed","5612878","72","650371","57.16","303365","11.12",77957
"hxXhLzorgrHxR6NnkSrdqN","SAMEA6155892","Passed","5369513","81","479766","57.38","222026","9.14",66290
"eATSxGb5iiL8KhfjiQiVPf","SAMEA5753489","Passed","5346253","130","300488","57.36","152656","3.59",41125
"axVxmWyZzm8aS1bKjVkAnL","SAMEA6155808","Passed","5795413","53","1404125","56.55","501072","23.60",109347
"abi1Cozq38MftZu9GoWRo8","SAMEA115925714","Passed","5419718","70","716852","57.30","259101","10.94",77425
"34caPkcrqQNC2rujeV82s2","SAMEA7472490","Passed","5601800","108","576529","57.17","238916","15.92",51869
"eRdZQySuxPmv3FVXxLg8yD","SAMEA7472512","Passed","5189135","34","801780","57.59","356267","11.54",152622
"csEo9XuSMWgYBzktbKmSSj","SAMEA6155787","Passed","5576325","50","1250644","57.14","473591","12.37",111527
"aeouxh2g1Te9sjQB2ycPTG","SAMEA4785014","Passed","5497462","96","797636","57.28","198180","17.86",57265
"eFTqiVDFVeLz3FoRKmGuTg","SAMN05960903","Passed","5449337","76","414443","57.19","226396","7.16",71702
"uqbGSJGG4JqDCK8bRXzBVM","SAMEA6155813","Passed","5547209","59","494284","57.11","261918","5.30",94020
"deESyp4UGZFrjXdyBnMYd4","SAMEA112281697","Passed","5660832","102","519975","57.09","199295","5.26",55498
"aaFzZcsBR9xtdcU9RYjc7z","SAMEA6156056","Passed","5522343","43","546427","57.12","350459","14.23",128427
"2zMSRqAocfCJKkD9QNFy4h","SAMEA111505127","Passed","5487300","103","373830","57.29","204996","23.86",53275
"8Btp9dTmkRESv5TD8E1XB6","SAMEA5753780","Passed","5233774","75","441364","57.63","234360","5.67",69784
"wRpqmEWMcumMfMrGJ1wxZQ","SAMEA5753765","Passed","5176014","53","452509","57.68","211648","4.04",97661
"hd8rgdPvTyBYYYUDZXhUKY","SAMEA5753758","Passed","5250736","53","729938","57.63","348049","3.79",99070
"sBY9yaGJ9Z3UehhpmLwApW","SAMN05960912","Passed","5414356","63","474038","57.33","252348","0.00",85942
"9Cg5tSRuj3WekAkohxtNF8","SAMEA6155831","Passed","5662256","64","1254928","57.01","389125","8.65",88473
"byKxLedN8hkeYPzGY9RN3e","SAMEA6156048","Passed","5762585","85","551706","56.98","321196","15.36",67795
"emc2Y8aewkeLdrXP1ErTVq","SAMEA6422787","Passed","5582694","48","1250832","57.18","462896","15.85",116306
"5YcHZfCXXEbTw9xNzuwa1J","SAMEA111505136","Passed","5861776","178","482670","56.41","121482","23.22",32931
"5fgTM9Ykzy6oP5gU2VX5NY","SAMEA4785015","Passed","5333402","73","798116","57.38","214555","14.74",73060
"qnFhGhEkJsEpymtjuEuRg4","SAMN05960965","Passed","5298768","53","536658","57.50","204059","14.76",99977
"7ktPb5meWXzfQRweFnU2FQ","SAMN36884892","Passed","5416330","63","501126","57.26","225509","0.00",85973
"mh8QsLVSKkkUpSJ2Gqsxz6","SAMEA7472453","Passed","5516255","84","584319","57.20","227756","9.01",65670
"aCn3H8dceHdJsdtEZ3b3t4","SAMEA111505121","Passed","5556776","57","590702","56.85","299623","27.48",97487
"uEJwJQyMJ2QWaL2CKEdcYW","SAMEA7472492","Passed","5362315","95","430412","57.25","247271","5.93",56445
"tJvLJNL45xQFCnezmWwrq9","SAMEA6654228","Passed","5761349","97","527102","56.72","255025","7.05",59395
"6NgTy4avhPgFMyd7ew6qw3","SAMN05960920","Passed","5422502","35","1274345","57.38","371277","3.60",154929
"k1Abhny5Aj34cCaarEoCXn","SAMN05960960","Passed","5199966","24","1230213","57.44","642607","3.71",216665
"fFbaU85qpMEsGYwmCyq8Ut","SAMEA6155806","Passed","5467798","37","1296082","57.28","463169","14.41",147778
"eHwENZHnSn65mbjtkJquHt","SAMEA6155925","Passed","5501491","53","563000","57.26","275722","12.60",103802
"1eAFffAm8xJ8pXbru3vQpd","SAMEA6654243","Passed","5768659","78","954718","56.67","379791","12.22",73957
"bZXch8WCLn5U1VZ58x88Hr","SAMEA111505119","Passed","5486193","67","634954","57.23","214939","15.48",81883
"knFHbBqNXxxzUbaNPwArxH","SAMEA111505115","Passed","5626309","84","388782","57.00","172527","26.04",66980
"8zoC2M3h7ckamKAjpBihyV","SAMN05960928","Passed","5600975","71","636153","57.22","310247","8.82",78887
"8gFkefqhqjn2zNeN7LKmRW","SAMEA6654211","Passed","5664417","83","533667","57.14","274722","16.22",68246
"hz5rMPrdhtpW96VDvP4ne8","SAMEA5753729","Passed","5087476","70","453566","57.70","210902","1.95",72678
"rZERGMB5Yp52Kp9vx2uP5D","SAMN45807623","Passed","5474218","76","785066","57.27","264061","7.47",72029
"dZyyTnDodd4XHPZiAk8kQE","SAMEA5753768","Passed","5353388","57","735441","57.34","367651","7.40",93919
"wjtzE9JUA51SH7xKqraRjv","SAMEA6155819","Passed","5430387","51","753411","57.36","438980","7.29",106478
"p8SgQFDtWxd81Tv3ftnaxK","SAMEA6422760","Passed","5987964","114","522562","56.59","197394","9.94",52526
"3M69ozjtNhRxze64xdpMpL","SAMEA6155857","Passed","5599375","72","740231","56.96","326403","8.80",77769
"edEEzeCWmw8eUUzUVioFCf","SAMN36884890","Passed","5745349","122","592460","57.04","263046","1.69",47093
"s5urbXg1iSbtHC25WfJZks","SAMEA5753712","Passed","5516346","181","399991","57.14","132157","0.00",30477
"nyYYpR79VZtQcasBLdMfiW","SAMEA6422733","Passed","5786192","55","924781","56.92","354491","5.05",105203
"b18mSByJ73Zc2ni9mtXKWN","SAMEA5753713","Passed","5232873","55","1022339","57.47","399418","3.82",95143
"je24hCpvFs5pMLicnwhQV9","SAMEA111504614","Passed","5442320","52","597942","57.03","273245","4.21",104660
"pqK3qeL4G7ZPVdSy5CjHSj","SAMEA6155818","Passed","5123517","18","2832996","57.70","2832996","7.63",284640
"etKUropWVWCEFKiwWV2BBG","SAMEA5753733","Passed","5139046","76","471826","57.59","211590","3.85",67619
"cGZBRpV9knuSfH1frNBE59","SAMEA6654235","Passed","5757117","107","746449","56.71","309920","8.81",53805
"nNQUHVVTb9zCiUFMKY1hwx","SAMEA5753715","Passed","5310031","74","514122","57.52","342483","3.67",71757
"jatWGqpAH5JvPSwEyou3qQ","SAMEA7472421","Passed","5428420","99","979677","57.43","367287","11.02",54833
"6td5bCdGNsHhzxmY5DuJpm","SAMN05960948","Passed","5715282","95","831314","57.05","319134","1.68",60161
"7eksoQvSQJyk2soDV1M8cw","SAMN36884871","Passed","5513308","56","767389","57.33","295785","3.61",98452
"kfwfeXJbtjiTtaFgYBYKfM","SAMN05960875","Passed","5555034","79","590871","57.27","312638","1.78",70317
"7W9Wh4jVNr3gqSKjaTTVrX","SAMEA5753764","Passed","5220246","57","464475","57.67","313410","5.75",91583
"fu2unBzGpQ9HD7HQwWeFbr","SAMEA5753706","Passed","5595820","92","1039296","56.93","314250","3.45",60824
"hngZ5fvGRzhg2ho5dAJvLB","SAMEA6654229","Passed","5760296","67","1186288","56.70","627650","8.70",85975
"hnZ1ZdE6LAQiPB2GCPXSqn","SAMEA115925706","Passed","5540434","132","356854","57.14","102219","1.84",41973
"mDqJJTmFgkFCPtdJsmaa9f","SAMEA6156101","Passed","5686297","92","539722","56.63","254723","15.51",61808
"fitubmJhtjdRfHPy7SK1BH","SAMEA6155722","Passed","5645885","100","705707","57.02","363663","10.49",56459
"3MA526pMqPnbBirPCAfuqy","SAMN05960905","Passed","5589712","72","828319","57.12","269224","3.54",77635
"9cPaMjZBTZ8UuXxqxw8RB6","SAMEA6422782","Passed","5868722","97","647691","56.66","402150","10.09",60502
"9UbPm98MQKPEXCjhgM6XyT","SAMN41988736","Passed","5457158","51","892292","57.20","397739","10.90",107003
"bAvZYPTTZB28fNDnWSoNzb","SAMEA6654233","Passed","5585167","92","888188","56.87","237446","10.83",60708
"44GGVE1Y8qV6RnvZ2QmjzV","SAMEA7472474","Failed","5268839","419","93936","57.19","22279","278.07",12575
"3FuWbd6iGPmGnVZZcGZyfs","SAMEA111504613","Passed","5697955","85","770551","56.93","271608","10.62",67035
"vHGvxrKSaFxeGXjF6BdbxC","SAMN05960872","Passed","5563069","86","700825","57.21","181912","3.52",64687
"7uKY2qaZYWVBwzpDeBiFfs","SAMEA4785004","Passed","5722012","134","577061","56.73","235540","18.89",42702
"8VpgMT25T3vC3CQ4msverS","SAMEA6155812","Passed","5763060","87","510170","56.98","321748","13.57",66242
"rXmjdxBcV3RiCYQcFLAVpe","SAMEA5753702","Passed","5516768","79","705265","57.28","360803","1.81",69833
"u5kvsKQqPhBxL934Cq9gcd","SAMEA6155867","Passed","5629151","62","631242","57.06","317813","12.20",90793
"iZPKFzecZEFRQ8HmNDhgjo","SAMEA6155871","Passed","5501339","54","561865","57.26","276100","14.41",101877
"mkvUGFdMkBi4RkyhgK68qy","SAMEA6155800","Passed","5401670","41","896141","57.35","492036","19.98",131748
"9CCiQRuF1iiXJcym6A21J5","SAMEA5753767","Passed","5175473","72","893423","57.53","231756","7.50",71882
"7wDUQTqU6GG7ibv7DvsZXW","SAMEA6422769","Passed","5471367","66","593253","57.26","236233","15.99",82900
"8akqHeZBUgH2nDjdmxK8yD","SAMN45807627","Passed","5706432","49","976174","56.99","471719","14.00",116458
"3tmGB8ktxVeLWCRwUz9d8c","SAMN05960950","Passed","5569659","78","431334","57.11","147090","5.31",71406
"8PBMxwG1U2WaAyyVedcK11","SAMEA6863335","Passed","5854841","159","404626","56.60","146246","18.87",36823
"hfQYsRNWpdeZBK7B1g76BR","SAMEA7472393","Passed","5079802","26","863314","57.68","477730","11.71",195377
"jj5m1fz4JbfRLGmD548WR6","SAMEA6654214","Passed","5596311","93","382858","57.11","212189","20.17",60175
"kYMbynLb8HU4zrcBkbYkH9","SAMN36884879","Passed","5882255","82","512850","56.65","204266","3.33",71735
"sAw5HbYFaHi6GVG2gyUbGW","SAMEA6422744","Passed","5619442","43","1298811","57.14","484219","8.74",130685
"w5Ju2HjwAnSNu2zaZLcPe5","SAMEA5753488","Passed","5413245","81","370778","57.26","171928","12.78",66830
"o7ZNphmQDDp6U23oNmT1F6","SAMEA8515143","Passed","5701705","129","333086","56.97","132833","8.70",44199
"dP2G69R9JYhdUHH1QF2v2w","SAMN05960915","Passed","5641711","69","576472","57.04","263308","7.04",81764
"iwi5npfx9osTxgTVKTk87T","SAMN05960887","Passed","5363361","67","932735","57.39","378880","1.86",80050
"oocPAdbbXbiWBWdWg7aYuk","SAMEA5753766","Passed","5347131","113","355907","57.30","202012","3.68",47320
"ce21hb7zojMnor7zg5sWZa","SAMEA6155863","Passed","5544908","60","733279","57.03","406725","10.73",92415
"sjbJuWVDRiDDqNnEJyPAkY","SAMEA6654247","Passed","5778450","98","1186275","56.65","479625","10.50",58964
"xdNsKsPiEWkzU1GEMC1i6m","SAMN05960884","Passed","5228977","105","346999","57.51","145831","3.75",49800
"jas4phQXkagxhCyPHioY9i","SAMN36884874","Passed","5919073","188","379874","56.54","137165","6.62",31484
"mRcHS7TgKD2g46yZERJDdp","SAMEA7472503","Passed","5515171","76","528795","57.26","260020","5.97",72568
"27Ru2zdMwBbPvcvNupdnRx","SAMEA7472473","Passed","5387779","132","259080","57.22","84234","144.53",40817
"eR5kicJVi4tWZdTzoSQtoD","SAMEA6155828","Passed","5517407","72","752317","57.22","274682","10.78",76631
"1FuNVd4tgXsAV9NYkp4824","SAMEA6155882","Passed","5578893","48","1123607","57.15","430432","12.46",116227
"c4GTL4K9vYXFBPKGyxKQ4X","SAMEA7472440","Passed","5645794","117","616197","56.92","212241","7.24",48255
"u7J4WButML2okadV4zrfkY","SAMEA5753741","Passed","5215456","100","513409","57.64","178615","7.80",52155
"qFjC5wtsMs7Mx9esCZwse4","SAMN36884872","Passed","5411676","79","705952","57.29","284542","5.51",68502
"kJNnXoD8vixEUPVE2DqeAz","SAMEA6155835","Passed","5736525","59","1488500","56.80","695741","12.06",97229
"7v9Nq4PcZg5wXgoxJUe8Yn","SAMN05960951","Passed","5326469","48","775991","57.43","502957","5.52",110968
"5D1JBtLHpQK42J1vJ8DXSP","SAMN05960923","Passed","5343571","67","536163","57.50","232199","1.85",79755
"kzMniy1Ghag8qUvFLaDQKa","SAMEA5753701","Passed","5455955","118","325440","57.26","137072","3.63",46237
"tz3KKQTzSeRctTL127zPKF","SAMEA6654223","Passed","5754451","55","1813725","56.71","479625","5.18",104626
"82eR6GZey3tNBaqHGtxGzw","SAMEA6654238","Passed","5762738","94","897023","56.71","298609","8.64",61306
"8bSGN5wekQSzMu67jP73ZP","SAMEA111505114","Passed","5562415","66","634833","57.14","307847","19.16",84279
"tG6acDHGobY51suiQSFBKX","SAMEA6654236","Passed","5581547","98","546509","56.87","271408","5.37",56955
"mZ82Nevx73s1WDbcNDRULC","SAMEA4785010","Passed","5980523","117","513445","56.46","233396","19.85",51116
"k9JCAPMxurzSKXmtzZYL5T","SAMEA6654225","Passed","5746053","108","923810","56.74","360493","8.63",53204
"vGtJVDvJbXimrzWLDFZdXQ","SAMN36884885","Passed","5493294","53","1399491","57.22","376052","1.82",103647
"tRwz3rgZ949fz2WZhyGu7T","SAMEA111505140","Passed","5368951","58","681358","57.29","216824","27.21",92568
"tCDM3F6zSTTBUgKunyb8sH","SAMEA6422765","Passed","5495504","64","536312","57.27","323818","23.31",85867
"2Zgx7whbCctjN9tBdvUggB","SAMEA111505130","Passed","5154378","40","491610","57.64","294745","34.48",128859
"d9CdBxjfAoMmmG61oZuuKN","SAMN05960946","Passed","5785752","152","573651","56.79","159321","1.73",38064
"xpuYKKN33xUwEFEHcYNxrv","SAMEA7472471","Passed","5802970","103","738451","56.62","320116","10.27",56340
"gWctNQwWhVx3SHvoycbz5o","SAMEA6654241","Passed","5762609","70","1142761","56.70","427451","9.18",82323
"mrbKzGk1dyjdEhyvwp9UH5","SAMEA111505142","Passed","5608589","90","690254","57.11","177679","18.45",62318
"vPnNvNW6p1ALprg57MTF4k","SAMEA6654230","Passed","5586992","50","1482129","56.86","479624","10.65",111740
"3A34G7y3D2ARzcjgdhtEqr","SAMEA5753802","Passed","5187962","70","453737","57.64","224319","3.80",74114
"ep4NAxRxYEM4xd8FEHYC6d","SAMEA6654239","Passed","5747942","129","711053","56.72","289716","9.20",44558
"2HLjQ9mr1jyR9L4XFAeF9E","SAMEA5753724","Passed","5573707","109","459722","57.06","236602","5.35",51135
"fstHdZDYbS5mHrCxcBxm1p","SAMN05960945","Passed","5787433","135","573343","56.79","171472","3.40",42870
"cn2BAN2ymgY9j4cHSULQco","SAMEA6422774","Passed","5593129","38","1295630","57.12","399908","8.78",147188
"65GXWu7971WMZfcK6f2yRL","SAMEA6654221","Passed","5591824","44","1216169","56.85","438887","7.31",127087
"1X3RHR1R9T3bHHmdytUUzm","SAMEA4785006","Passed","5696826","124","371477","57.09","198610","15.73",45942
"o27LtUbbnM7sAbWc5HMNwp","SAMEA5753798","Passed","5147326","49","745623","57.67","379755","1.87",105047
"3ETZnCVSXG1XhYMeJg44uh","SAMEA6422762","Passed","5532432","64","543006","57.11","247995","8.98",86444
"96cksz4WjidZG4XXudpBGN","SAMN05960955","Passed","5462475","59","669742","57.10","290493","3.59",92584
"saQY2KcQvxx3dmBCmfJKbA","SAMEA6155911","Passed","5423864","91","387172","57.23","209816","10.69",59603
"4CEinHPjbqftRKokEeVUgV","SAMEA115925720","Passed","5594380","132","621391","57.01","165598","10.64",42382
"6mvRGZipdvWcmDtzSe6mMc","SAMEA4785018","Passed","5874475","104","402106","56.58","232141","16.89",56485
"9LPpTDMF2gYTgpLoGeYXV2","SAMEA6155889","Passed","5684588","170","477722","56.80","171626","7.83",33439
"vkdwdm7JH34D88Q6BcT7eq","SAMEA8515150","Passed","5654510","97","484823","56.99","217096","10.56",58294
"1c7a62n9V8BQPaEkvjMDc4","SAMN05960942","Passed","5785680","139","709009","56.79","171472","0.00",41624
"vcDCfmYBJncwYdGQG2mpfR","SAMEA6155886","Passed","5764171","97","552462","56.98","297836","18.75",59424
"iwr1hdHsuVcU4yvsihvFMj","SAMEA6155824","Passed","5365000","75","479482","57.39","222026","14.52",71533
"jhNV3ZPRuaxd87WdMV1a1B","SAMEA6155790","Passed","5577635","56","520116","57.15","378048","14.11",99601
"mhDuTKMYCV1V842nethQWY","SAMEA6155845","Passed","5781554","100","803009","56.72","286748","3.06",57816
"5wTxRTqNZjtEuvGGj4Mx5Y","SAMN36884882","Passed","5479858","35","1248431","57.29","473593","10.77",156567
"p3uE7VsE14c6D5LHnqXS1M","SAMEA7472491","Passed","5368841","108","269665","57.27","141997","8.51",49711
"fFWpeg8oUzsKkkvSLF3V9L","SAMEA111504608","Passed","5533513","65","494166","57.18","321498","13.37",85131
"uL3CKBQ4ihoSFt3qZssevL","SAMEA111505132","Passed","5468461","68","738966","57.26","682352","5.08",80419
"4vecoti19U8QYh9yiWeTgo","SAMEA6654213","Passed","5614431","72","551620","57.09","401693","17.86",77978
"fqWJ9K2QRMJH8qE2eUujtf","SAMEA7472434","Passed","5681472","80","499487","56.98","286753","7.16",71018
"oSeqP5cRrnXMcfoxkK8tBH","SAMEA6156052","Passed","5523750","46","822785","57.12","403416","17.78",120082
"85P8Lz6iBLgADQsNbQj49m","SAMEA111505133","Passed","5458830","85","434596","57.18","143252","19.86",64222
"sGGgYrWZsF3yCUZpU2GhEW","SAMN05960888","Passed","5464088","45","1608359","57.27","398349","7.23",121424
"wCwAFpJj3FF7zouFf7cV13","SAMN05960893","Passed","5369066","48","1434628","57.29","365564","3.71",111856
"ci5L8cj5N8sZma9eJaXag5","SAMEA5753787","Passed","5229250","58","429439","57.51","292679","1.91",90159
"gfuP6GHjDZQ8BgLZEcDuXt","SAMEA6654222","Passed","5749545","65","1813724","56.71","1077093","3.48",88455
"pbk2WX17WrWWJNqoAEyhm9","SAMEA4785005","Passed","5945822","140","809003","56.26","214964","16.45",42470
"2NgpXYhueejuSuTAZyHPeh","SAMEA6155851","Passed","5531221","72","490888","57.22","291311","21.28",76823
"dj8cNasQccRhPLsXQLMzjz","SAMEA7472438","Passed","5645838","114","716697","56.92","294288","9.00",49525
"obEJj5XuFzXAkKQ79jF21X","SAMN36884895","Passed","5411443","45","610426","57.41","245053","22.43",120254
"57nUkCKDPaeekz89J7aebq","SAMEA5753769","Passed","5778772","149","360573","56.89","197036","7.04",38784
"kQbFftPeNydrTFLKm1gTh7","SAMEA7472431","Passed","5584687","92","421015","57.11","160347","10.85",60703
"fhgmyF2yUq7AWaDrvx7pma","SAMEA6155832","Passed","5797707","99","802931","56.69","352676","11.82",58563
"7TqRpehZ2qcivjv7zqcvTp","SAMEA7472368","Passed","5147987","53","647213","57.68","209243","7.75",97132
"vPwBSvhKtWDxodfhjCnXmP","SAMEA111505129","Passed","5543336","68","551752","57.23","285514","9.99",81520
"jPBM7SVA1a7tG9wqKzPojF","SAMN05960894","Passed","5368116","54","581064","57.29","317317","1.71",99410
"ryJoVzNXJBEpGiXoCUBbzD","SAMEA5753347","Passed","5525925","158","281705","57.09","97995","7.11",34974
"1a2iUfdSziZ4bAcFoFiyba","SAMEA111505135","Passed","5427675","88","359557","57.18","186337","20.76",61678
"56rtBCLAfwhp1Mc8VrFiSU","SAMEA6155794","Passed","5121964","23","1832966","57.70","734148","17.26",222694
"9aiHzthWfG36nY5FfEZgt5","SAMEA6654217","Passed","5609156","88","452248","57.10","243315","14.62",63740
"tTtLMUXkFaaF2sdixGjgda","SAMN05960885","Passed","5602333","100","506784","56.92","259123","5.32",56023
"bxRyRAsmc1ZnVJrXNYtSzs","SAMN05960930","Passed","5653831","61","1368146","57.04","356682","10.47",92686
"dzY5QotexRbxt2v6A8kejo","SAMEA5753370","Passed","5463593","109","453242","57.31","183596","3.57",50125
"iby3wEYc9KeyTJd87zTnVv","SAMN31892434","Passed","5372145","34","731663","57.39","472837","13.23",158004
"wUVBBmrNkX5ZbJQDo53r4F","SAMEA6155840","Passed","5552147","78","689739","57.15","306683","10.75",71181
"xnrt1fvSQyjy6gwiDTPA2u","SAMEA115925718","Passed","5819366","132","651425","56.56","194582","18.80",44086
"wBsYnQ5pxWiCw9S5y5GFKb","SAMEA111505131","Passed","5443480","133","420521","57.22","126140","18.35",40928
"iry46BEny3LZM3U4XPWx8a","SAMEA5753334","Passed","5560287","171","479264","57.18","158553","0.00",32516
"7j2nkQAgfkTrfc46osTtuW","SAMEA5753351","Passed","5320597","100","365996","57.48","145685","2.01",53206
"9ZPqEpyvM7PSSoLwHHc7rT","SAMN36884889","Passed","5499326","66","803484","57.23","360026","3.58",83323
"eCM2uKJm1Rvj2HdoVyeWSW","SAMEA5753719","Passed","5380046","48","524912","57.41","268876","5.43",112084
"oPJnj2ekm9kUCNXgLdtzbP","SAMEA6155803","Passed","5454700","63","1072791","57.25","407624","27.02",86583
"tsvXV4uJf6PCRLXXJqesZr","SAMEA5753328","Passed","5202215","143","264416","57.45","121406","11.44",36379
"21ZLrXeeHyHuywWtJokdwu","SAMEA6155791","Passed","5123247","19","2235317","57.70","734680","11.46",269645
"wEaCTewaPHHud6H82H5S4P","SAMN36884893","Passed","5608894","98","672190","57.16","260366","8.83",57234
"rq2cfjS6BAaV3WXFujUqVi","SAMEA4785008","Passed","5976816","123","513445","56.46","234200","13.10",48592
"fvPvDLDTbv9MXXid3Zwz1i","SAMEA7472433","Failed","5625582","233","231436","57.06","47021","135.51",24144
"aamPQGKaDvqCKgnosBKWZM","SAMN05960918","Passed","5733658","131","295269","57.00","165947","8.58",43768
"oKpzouhqV9EMw2cBQFoTea","SAMEA6155795","Passed","5625860","57","1213139","57.11","378353","10.51",98699
"6UmGxRCHX4KJH5mnLTkHCQ","SAMEA7472481","Passed","5498553","47","1250651","57.23","378079","8.98",116990
"4h4NT5tASN8UP1dyqRDtMQ","SAMEA5753728","Passed","5260824","75","584763","57.49","214973","1.88",70144
"pbakVCetQtCKuteTnFQt5f","SAMEA5753711","Passed","5164005","70","484786","57.64","204021","10.05",73772
"iMG8H4Co69RHQYk1sNSRfJ","SAMEA7472446","Passed","5528313","64","546493","57.09","355311","7.22",86380
"kwFfuopSUkAHHfF5viRbLn","SAMEA5753784","Passed","5578689","123","432675","57.06","121621","5.20",45355
"nKztEJxaQRFH8q7CjZuMPR","SAMEA112281695","Passed","5669098","104","520075","57.09","214734","10.50",54511
"mqJ6wVvYaSXMY6adcBANCp","SAMEA112281698","Failed","5144933","296","128159","57.51","29416","57.14",17382
"pxzvtyf3M2fbPCQVXbFgtW","SAMEA5753750","Passed","5777949","150","351233","56.97","156170","1.71",38520
"bbHjmhHU6Pj3HNf8irc8vE","SAMEA112622403","Passed","5396640","52","894729","57.25","331642","5.52",103782
"odMkneuyvBekXi3t5gd65n","SAMEA6654242","Passed","5589495","62","955902","56.86","372324","7.12",90153
"g8rdjWUAm2LL6rJJG5ZTf3","SAMN05960935","Passed","5479701","41","1847118","57.26","460171","5.37",133651
"in1AN9CPk4tMGdvygfSXWw","SAMEA5753761","Passed","5456913","79","507904","57.28","235593","9.03",69075
"9pTFk2Q553efjZBE6rP2iq","SAMN41988742","Passed","5432144","57","1204809","57.29","536116","16.55",95301
"1giVL9n6jnoY6zzeySmeSr","SAMEA112281699","Passed","5267323","16","2931023","57.56","2931023","7.44",329208
"3Y7gynbx2o4aKcDkKys25x","SAMEA111505113","Passed","5765500","85","705820","56.65","229763","8.26",67829
"rvmkKyu1SvuhNSPf1h2J5m","SAMN05960901","Passed","5543818","47","792626","57.19","372950","0.00",117954
"7WnDm43QrjNec8vtWHPf7M","SAMN05960913","Passed","5511580","56","1045132","57.21","408120","5.35",98421
"4mp1yaqsPNm9uZkL9czRdK","SAMEA7472458","Passed","5613100","97","432295","56.99","213131","7.46",57867
"oB4cB8RSV8ofjFjJBLLXVj","SAMEA6155827","Passed","5528018","158","243089","56.93","90067","2.44",34987
"hdJoa1YA1B7mvkzuzMLcYi","SAMEA6155799","Passed","5628418","129","383790","57.05","162330","6.13",43631
"henhQq47DRAjYrmkCVsKCV","SAMN05960970","Passed","5382064","50","728449","57.20","473709","7.26",107641
"uhxVFMVtnDEK915m5ssmj8","SAMEA5753800","Passed","5185690","77","550539","57.58","225163","2.10",67347
"iMLULs49BoiE2u7Tx6voK5","SAMEA5753795","Passed","5300290","52","760579","57.39","283984","5.62",101929
"mVQsapn1bgGpHbYNDGgQ2F","SAMN05960889","Passed","5369415","52","913144","57.29","323966","1.81",103258
"rQAC9uaqCQymXUxiu4nCbw","SAMEA5753737","Passed","5333246","97","468207","57.36","278935","0.04",54982
"7K7X7kT9JLVHLYBf49wCrZ","SAMN41988745","Passed","5378856","71","853768","57.34","320364","11.08",75759
"gLNzBYyV8st6sWjPyPhU9a","SAMEA112281694","Passed","5433862","73","491669","57.26","195253","5.82",74436
"n88HMJpDkkCZSdT8jyMHPv","SAMEA6155881","Passed","5580255","51","898743","57.15","430524","12.35",109417
"sqcCF27u2Jk2Ts9AhftTbT","SAMEA6422763","Passed","5574674","40","1143089","57.16","624395","15.66",139367
"aHCoEKTpfBd4z7hFqkjynA","SAMEA5753744","Passed","5522918","131","442346","57.27","156128","0.36",42160
"a3jRseYa9Hb5Bmt2GmFMww","SAMEA5753791","Passed","5222523","33","802480","57.53","343128","5.84",158258
"rD3YSY9RHtK82EVsqADyd3","SAMEA111505124","Passed","5655971","163","560082","57.04","103129","19.27",34699
"vwqte6pbD3kh7mfEzLFxWh","SAMN05960964","Passed","5462583","61","455158","57.10","339052","3.48",89551
"vD7DP7MSiKLCFChzFi9k4d","SAMEA115925709","Passed","5679194","96","539958","56.74","207651","13.93",59158
"rws57o7sLQkpt9evDWMvdv","SAMEA5753743","Passed","5397233","68","502490","57.40","275059","2.02",79371
"6osF4xvGWgnyHoxMuxoDon","SAMEA6654245","Passed","5755795","71","1436434","56.70","377434","10.51",81068
"kmLw1MA31sJ5vV4LmNnd97","SAMEA111504610","Passed","5418703","47","616688","57.27","301954","18.45",115292
"kYpJkJhU9K19EBkXL3AknW","SAMEA7472472","Passed","5781847","116","501046","56.62","235695","5.36",49844
"nanSgc31C6YiaJwjhG7znD","SAMEA6155802","Passed","5269381","83","368944","57.38","171626","16.95",63487
"dWYEoHDKeqzX8wfTZUcQgU","SAMEA5753709","Passed","5372363","88","734764","57.42","204356","1.82",61050
"oDFqoJXXZ81zPqaoNhVE5T","SAMEA6654246","Passed","5766737","71","1486216","56.69","479349","15.42",81222
"38EhiTUsV53CgpEmxhMfb3","SAMEA5753740","Passed","5277108","147","376978","57.45","165559","0.38",35899
"g81Vzmtwb5xGbWJGsihxa8","SAMEA5753427","Passed","5560694","94","559383","57.15","213963","1.78",59156
"wKyxRrzd6s8XXDwpq4f6Ue","SAMEA5753776","Passed","5401523","100","328599","57.30","191209","5.85",54015
"5HDYNgA78QsL5YqK9KNQfa","SAMEA6654234","Passed","5587748","65","878561","56.86","295652","10.63",85965
"wozRdyq36eTDcd11qo7qFd","SAMEA5753717","Passed","5346691","77","368298","57.39","180655","3.70",69438
"jTfSN5GgDbYyf6cCjXrfc9","SAMEA6155804","Passed","5484031","63","1017776","57.11","473880","12.29",87048
"vc96La2inKC8EGjWVdn1JA","SAMN05960953","Passed","5570024","74","358904","57.11","181925","7.06",75271
"gYuyXa9wDFdJ7wYo5JU7W7","SAMN46427850","Passed","5569345","88","732201","57.21","216616","16.75",63288
"rH4HKQKMAjf9Xmi4wyu5E7","SAMEA5753745","Passed","5147997","55","476583","57.71","352215","5.77",93600
"hS3E85jgMkxLjxWH5aZooS","SAMEA6155861","Passed","5451941","59","994306","57.25","370463","10.80",92406
"xjLQK2fYg9Ukdtozg4Sp7F","SAMEA5753316","Passed","5061399","88","472993","57.66","132670","3.89",57516
"3AYPL1eoPCAFhjikjJtcNG","SAMEA5753393","Passed","5503028","65","1182384","57.08","204384","12.59",84662
"8ybhuB6zFo6L8KJnHV6bzJ","SAMEA7472487","Passed","5271951","127","259685","57.51","89658","149.85",41511
"5DPLDNgVqAUYMxUBNnpX8d","SAMEA7472498","Passed","5635256","112","828329","56.88","239926","14.13",50315
"dsDG3ZSWiJrxk62Cu9pfMV","SAMEA115925711","Passed","5673702","46","641861","56.76","347767","17.55",123341
"9WgXfV9ohbX114RJ1XEZYn","SAMEA6156049","Passed","5658893","81","705707","57.00","361877","3.50",69863
"mK9drvor3FCJz3m45cgZ9F","SAMEA111504599","Passed","5345575","49","507478","57.29","278150","11.52",109093
"1dD6dr1Xx318F5sMym8mPK","SAMEA6155841","Passed","5665399","53","867691","56.95","549080","17.39",106894
"c7BPuXQTy5V3bPRc263poc","SAMEA6155775","Passed","5795020","58","1251054","56.75","304443","15.22",99914
"eMHFZzFv6jFJNsLQGdPAph","SAMEA6422742","Passed","5617175","47","1298811","57.14","307976","8.78",119514
"vMANRNokQGFTwxTbb1sDjg","SAMEA6155848","Passed","5662772","66","867066","56.95","347876","15.63",85800
"tKWU41iH2r9hDFNqMo9xbA","SAMEA7472416","Passed","5446210","84","531770","57.36","258679","5.49",64836
"2y22DkeAoh6baAXP63VZ73","SAMEA6654215","Passed","5611056","73","468170","57.10","333857","17.72",76864
"a6jMNgedDsnr896tvEX8rG","SAMEA6155884","Passed","5628608","51","1218603","57.11","455518","10.45",110365
"js2XkEcLLtJFqcTM647gMS","SAMN05960910","Passed","5636214","46","809765","57.08","386389","5.25",122526
"dY98fxa1J8N6hj2A3dZSW1","SAMEA6155849","Passed","5598657","49","647529","57.00","429695","3.52",114258
"i9Zyqzf9zeWVTVeChLW2gK","SAMEA6155846","Passed","5456595","41","674002","57.17","352268","7.29",133088
"r3dEtv2UKyaUSEhVKQAE3a","SAMN05960969","Passed","5549143","53","1639888","57.16","371448","3.57",104701
"avsR3aoHWpKrxHtbuQJNE3","SAMN31892432","Passed","5425826","42","432231","57.33","249038","25.45",129186
"fkfw6v8V5L9fpaVQcDcdgq","SAMN05960911","Passed","5873485","83","1331305","56.86","315422","18.46",70765
"nBu5iKHZw6KcKiVff7Mo42","SAMEA111505138","Passed","5260684","65","677411","57.49","288071","20.47",80934
"pUYpyHTa6mLcXXTvmu17cj","SAMEA111504605","Passed","5472791","80","393382","57.18","223312","20.41",68410
"3u2M4bP8E8FEtts9NL8zwh","SAMN05960876","Passed","5441475","51","912935","57.23","474366","5.33",106696
"1iGatNMGEwozrc3CjTqTTQ","SAMEA6155774","Passed","5519317","68","752317","57.23","341187","7.07",81166
"8FYWd8LThvZ9Y6Zyieybuu","SAMEA111504601","Passed","5607467","81","418599","57.12","193055","18.01",69228
"bBHa1P5WFEGbN4QvntczMf","SAMN45807626","Passed","5569496","73","533201","57.16","288551","20.59",76294
"8vAtrMRq8rShG8498C3APo","SAMEA6155868","Passed","5580477","56","516466","57.15","382161","14.10",99651
"rw2FnQ9Nw47SuVPECecaxS","SAMEA7472493","Passed","5850313","141","828438","56.70","197425","16.99",41492
"bDNoj7CmbDi3YdUm9rnnHv","SAMEA6654226","Passed","5761595","76","1186276","56.72","391834","14.11",75810
"gQ4RZhU2Fq2NHHHt1X3xxs","SAMEA7472506","Passed","5367677","112","495626","57.31","184824","9.30",47926
"tSegnv1aExMCpKgLcipTWc","SAMEA6155873","Passed","5285509","35","772826","57.53","361489","13.05",151015
"cZL9YucYxMRgRYSKqHAkf9","SAMN05960900","Passed","5477593","65","697689","57.20","482401","5.37",84271
"oHcLQJA47C4uM2MstCcNZs","SAMN36884873","Passed","5659558","67","517128","57.15","307643","1.71",84471
"p1V1vBbEzcSCkdctSoxGvv","SAMN31892431","Passed","5425544","38","763098","57.27","443324","10.86",142777
"7a1ykxskJv1qapxJNywMed","SAMN05960891","Passed","5289012","52","1002378","57.47","421966","3.76",101712
"mEG2yitB17xAx7RyB2TzFe","SAMEA5753785","Passed","5147218","43","452870","57.66","256080","1.92",119703
"n2CUoGTd9tVyrfiBT4ETed","SAMEA112281696","Passed","5428735","135","194149","57.32","85451","63.18",40213
"6aL7vq4KJdTV79PSuj1GVz","SAMEA5753751","Passed","5637390","103","471611","56.87","251154","3.39",54732
"rxVfJKht4cLS5bLKSJDCKR","SAMEA6654237","Passed","5581607","105","1055325","56.87","349129","9.32",53158
"jvQjgseJhm24Wn9LABXPvi","SAMN05960880","Passed","5649853","64","813401","57.03","349734","5.19",88279
"ddfGdB7UXRCGALkKxmFaLN","SAMEA6155864","Passed","5461069","51","1350389","57.34","468629","11.39",107080
"hcU92hFmNNiurjLw162jVV","SAMEA5753742","Passed","5519830","137","339491","57.22","118119","3.53",40291
"9JRe5HbixsAja9CCPWngkQ","SAMN05960926","Passed","5413575","45","824245","57.26","383191","7.28",120302
"tezudZ1n1Gw9XUJ9TSWAi3","SAMN36884880","Passed","5594136","48","727648","57.18","292498","1.79",116545
"fBGYQSGSRgUXkxAfUzEgjM","SAMN05960922","Passed","5509744","89","483456","57.19","321197","9.02",61907
"nM1MnsiU3sBdJUL3nWp3ka","SAMEA115925725","Passed","5346921","62","553782","57.41","316234","17.04",86241
"2BhSj3cMz4594YSASwtxkL","SAMN05960890","Passed","5364860","69","858049","57.39","369282","5.48",77752
"faypdcoEdQ83fxa2afSAzK","SAMEA5753788","Passed","5304427","72","720930","57.44","208446","3.83",73673
"ejSuDDKNELtXastMKdP4Gn","SAMN36943785","Passed","5184026","132","348077","57.44","94271","5.73",39273
"e5mdCN625ogAAYe5GmcRV7","SAMEA6155820","Passed","5576013","60","898614","57.15","364726","10.76",92934
"pgkxyugKU2zuw5sikZPgng","SAMEA5753438","Passed","5426721","129","401177","57.35","187212","1.81",42068
"xgpU71frMpZk9hN4NX7dRs","SAMEA6155823","Passed","5129202","117","350212","57.45","118166","13.41",43839
"jHHRPhXLii1thENvb2beLw","SAMEA6155815","Passed","5616661","85","702212","56.95","314567","22.68",66078
"eg8oUWgBXJvf811JNgE1hX","SAMEA5753414","Passed","5589507","97","408721","57.14","173245","5.21",57624
"sEcKy31N8HPrfyASy8cmMa","SAMEA6654248","Passed","5714104","98","501410","56.79","273810","10.82",58307
"9Uhc2FSEo32fmMFRJYhcUU","SAMEA7472465","Passed","5356478","88","590931","57.33","189996","9.26",60869
"tnDHfYfwy9D5yExRP7cXYM","SAMEA6155776","Passed","5485426","61","1017610","57.11","473936","12.43",89925
"hW2fuA7K2os5f23Tb3Me4V","SAMEA6155810","Passed","5740229","53","2075368","56.80","528815","22.18",108306
"8NV8QKADQ1BfixSmgJy7Uc","SAMN05960944","Passed","5784769","141","493758","56.79","162706","3.63",41027
"jBWJnZFCPoUasGYswoHSLE","SAMEA6155879","Passed","5579135","55","898727","57.15","378782","14.05",101439
"46UxQkGvaUxFbWw1rB64GG","SAMEA8515152","Passed","5463325","101","413123","57.35","192893","10.98",54092
"uvEkq8mRRQPLumxuH3dDwK","SAMEA7472478","Passed","5501729","59","709371","57.19","457046","7.25",93250
"58aMnX4kKX9ABNVDDPNY9Z","SAMEA5753415","Passed","5352033","53","821017","57.47","349849","5.40",100982
"wWnFWWZgQSRdZXLHG7jxP7","SAMN05960892","Passed","5671830","103","728114","57.09","287096","1.75",55066
"bquu8zBfyYvHZZL78qD6tj","SAMN05960941","Passed","5587128","102","483089","57.22","214224","8.79",54776
"8VXzR8XaRRP1JhFB24qeEc","SAMEA111505120","Passed","5561368","70","627958","56.85","232501","20.79",79448
"kqeLJxAzwr882v6QkeP2k1","SAMN05960878","Passed","5591853","70","1373806","57.16","281526","5.17",79884
"w5D7sGqDTbHY3uzAgdVS9g","SAMEA6155850","Passed","5843055","74","1254626","56.63","388792","8.42",78960
"dsMn34yULN54GxBEgXT361","SAMEA6155856","Passed","5410836","41","1013703","57.38","451955","14.51",131972
"aHQ3Jixe7VnXW3ieupEnPf","SAMEA7472398","Passed","5516048","97","478003","57.26","209599","7.16",56866
"x3LoLQefs6Bsf7wC8SHqPC","SAMEA6422781","Passed","5947030","94","1213129","56.55","378713","28.01",63266
"uE5yuLRjxRh8HEaZzJ8qyu","SAMEA115925724","Passed","5358171","91","498753","57.25","210571","5.56",58881
"spa5BonHmewtQxFfRGzo3Z","SAMEA7472502","Passed","5639622","95","772810","56.94","306385","5.21",59364
"9sE5qy5xqsGY2xaodzMopi","SAMEA6155839","Passed","5556355","66","807748","57.16","282775","17.78",84187
"3AJK3c5jFBmgxDy2gChsW6","SAMEA111505141","Passed","5433966","80","545105","57.22","215055","22.43",67925
"bzCc3Xerf8PwGcW2vKZFtx","SAMEA6155797","Passed","5121893","20","2062246","57.70","734790","15.38",256095
"pDiV8Gt7SwFFgreytfi7Hs","SAMN05960927","Passed","5438437","64","562700","57.23","301778","1.80",84976
"azq911uyDWwcXBStdjpCVW","SAMEA6155880","Passed","5124515","19","1910846","57.70","922866","26.81",269711
"xguuWbXG7xoxRmrunrFe1U","SAMN05960871","Passed","5164534","72","425776","57.54","200282","1.88",71730
"xaMyne9sa6U6DnZNNRE8F6","SAMEA6654227","Passed","5762079","74","896241","56.72","375725","8.59",77866
"d7R2MQLB35hj2Ej9upd6M1","SAMEA112622402","Failed","5276713","489","86024","57.47","19725","39.15",10791
"i3xxvB6hAz3pnsd5StVfSj","SAMEA5753760","Passed","5368913","77","408136","57.43","203498","1.86",69726
"dJStMMFAC2bmA8Scq4nvtK","SAMEA5753329","Passed","5396351","77","406789","57.39","230403","1.82",70082
"wT6WCsfjiMQNCCZwBv3VpS","SAMEA5753749","Passed","5334905","216","361145","57.43","165136","2.04",24699
"7aR3p2hMP7yySU3AEsfjTf","SAMEA6155801","Passed","5738504","52","2994079","56.80","2994079","10.56",110356
"6oNoQHjmb7nLnwfFmS5698","SAMEA5753799","Passed","5194660","40","895830","57.52","409560","5.76",129867
"j65sj7HHAym69X7cTXkdAB","SAMEA5753705","Passed","5299862","71","709369","57.40","215076","5.59",74646
"e2FN2dMA7TPmZQ8fRP7V1j","SAMN05960919","Passed","5648646","63","775421","57.16","335069","5.13",89661
"iNE6FvQH4fXR8XwrPTUzfh","SAMEA7472429","Passed","5703438","80","701602","56.95","340377","12.13",71293
