"Genome ID","Genome Name","Status","QC","Assembly pipeline","Species Prediction","NCBI Tax ID","Date","Country","Citation","INSDC Run Accession","INSDC Sample Accession","INSDC Study Accession"
"3WCUueHWWitxF29LDcNBg1","SAMEA5753723","Supported","Passed","N/A","Klebsiella pneumoniae","573","2016","SN - Senegal",,"ERR3416279","SAMEA5753723","PRJEB29143"
"1RXztsojJqnvkTR9a9NXZ6","SAMEA5753775","Supported","Passed","N/A","Klebsiella pneumoniae","573","2016","SN - Senegal",,"ERR3416349","SAMEA5753775","PRJEB29143"
"w6MPevbE8wpJfQejowGtQZ","SAMN36884877","Supported","Passed","N/A","Klebsiella pneumoniae","573","2016-04-01","GH - Ghana",,"SRR25565282","SAMN36884877","PRJNA473419"
"rpT6nbbz9R8UF6yARvuEyz","SAMN05960897","Supported","Passed","N/A","Klebsiella pneumoniae","573","2014-04-08","NG - Nigeria",,"SRR5513504","SAMN05960897","PRJNA351846"
"wgAdqqd6Up7MEoM7Vt6GXb","SAMEA6654218","Supported","Passed","N/A","Klebsiella pneumoniae","573","2019-01-18","GH - Ghana",,"ERR4008018","SAMEA6654218","PRJEB37523"
"wB3Fj8XZh7JhhN3cus12eN","SAMEA111505134","Supported","Passed","N/A","Klebsiella pneumoniae","573","2020-11-06","NG - Nigeria",,"ERR10438949","SAMEA111505134","PRJEB56918"
"fm2r9e8621BM8zH6Ly1sTk","SAMEA6155746","Supported","Passed","N/A","Klebsiella pneumoniae","573","2017-06-15","NG - Nigeria","pmid:34850837","ERR4783189","SAMEA6155746","PRJEB29739"
"9RhMYsQKag5K66mFK1tD7W","SAMEA6155852","Supported","Passed","N/A","Klebsiella pneumoniae","573","2017-06-15","NG - Nigeria","pmid:34850837","ERR4783370","SAMEA6155852","PRJEB29739"
"dSpqW4TtLMp5jxf16ShoPH","SAMEA6155959","Supported","Passed","N/A","Klebsiella pneumoniae","573","","NG - Nigeria","pmid:34850837","ERR4783440","SAMEA6155959","PRJEB29739"
"qGZQwxzyQbG9xv2FqV4dvb","SAMEA7472389","Supported","Passed","N/A","Klebsiella pneumoniae","573","2016-05","NG - Nigeria","pmid:33782558","ERR4920498","SAMEA7472389","PRJEB33565"
"jBvDDt7BspaLmDx9ktp1U1","SAMEA6654212","Supported","Passed","N/A","Klebsiella pneumoniae","573","2018-01-15","GH - Ghana",,"ERR4008012","SAMEA6654212","PRJEB37523"
"hqgrhRJ5wzXsFmNFw9knve","SAMEA111504603","Supported","Passed","N/A","Klebsiella pneumoniae","573","2020-03-09","GH - Ghana",,"ERR10438020","SAMEA111504603","PRJEB56918"
"fzMzq2HmX4xgAcvRsyQ6VR","SAMEA5753759","Supported","Passed","N/A","Klebsiella pneumoniae","573","2016","SN - Senegal",,"ERR3416320","SAMEA5753759","PRJEB29143"
"tPC3fHPm4cUAQydyX8S6Nx","SAMEA6155842","Supported","Passed","N/A","Klebsiella pneumoniae","573","2018-01-14","NG - Nigeria","pmid:34850837","ERR4782989","SAMEA6155842","PRJEB29739"
"xiaFujBbb97VoVyVGb2yFU","SAMEA6155926","Supported","Passed","N/A","Klebsiella pneumoniae","573","","NG - Nigeria","pmid:34850837","ERR4783436","SAMEA6155926","PRJEB29739"
"oB3TSFz5G1nGLNfPPZjaad","SAMN45807624","Supported","Passed","v1","Klebsiella pneumoniae","573","2015-06-06","NG - Nigeria",,"SRR31698794","SAMN45807624","PRJNA800729"
"vPFn7kLRcVDnEWpF1jWVsJ","SAMEA5753704","Supported","Passed","N/A","Klebsiella pneumoniae","573","2016","SN - Senegal",,"ERR3416255","SAMEA5753704","PRJEB29143"
"oymroXCpnMLhvoznap35cu","SAMEA6155844","Supported","Passed","N/A","Klebsiella pneumoniae","573","2018-02-01","NG - Nigeria","pmid:34850837","ERR4783360","SAMEA6155844","PRJEB29739"
"dqMxqA3iXxzipcgh6L1Jez","SAMN05960908","Supported","Passed","N/A","Klebsiella pneumoniae","573","2013-06-19","NG - Nigeria",,"SRR5513518","SAMN05960908","PRJNA351846"
"jD2UahaQxsHd6jRmo249J5","SAMEA5753439","Supported","Passed","N/A","Klebsiella pneumoniae","573","2016","SN - Senegal",,"ERR3416337","SAMEA5753439","PRJEB29143"
"vpw2ESM6jajoMQ2XEVU1uU","SAMEA111505117","Supported","Passed","N/A","Klebsiella pneumoniae","573","2020-04-20","NG - Nigeria",,"ERR10438912","SAMEA111505117","PRJEB56918"
"chJPYxhsbCDg8adwrZLafv","SAMEA111505125","Supported","Passed","N/A","Klebsiella pneumoniae","573","2020-10-28","NG - Nigeria",,"ERR10438920","SAMEA111505125","PRJEB56918"
"3ndyvGuykXzTNVihqbCEFm","SAMEA7472352","Supported","Passed","N/A","Klebsiella pneumoniae","573","2016-05","NG - Nigeria","pmid:33782558","ERR4920491","SAMEA7472352","PRJEB33565"
"vSayktwZYDYJyC8Bz6RM7t","SAMEA6422737","Supported","Passed","N/A","Klebsiella pneumoniae","573","","NG - Nigeria","pmid:34850837","ERR4783560","SAMEA6422737","PRJEB29739"
"2zgoyJTUXSoaq7L6h7QWn6","SAMEA6155878","Supported","Passed","N/A","Klebsiella pneumoniae","573","2018-03-15","NG - Nigeria","pmid:34850837","ERR4783396","SAMEA6155878","PRJEB29739"
"ef91Cfz9yTsJS9F1xvdgfC","SAMEA6422734","Supported","Passed","N/A","Klebsiella pneumoniae","573","","NG - Nigeria","pmid:34850837","ERR4783561","SAMEA6422734","PRJEB29739"
"nxRWuuvbXsuD3fkU81Pka5","SAMEA4785019","Supported","Passed","N/A","Klebsiella pneumoniae","573","2017","NG - Nigeria",,"ERR2695869","SAMEA4785019","PRJEB27707"
"h8AfVHpdtjsNg5MSHMGEP2","SAMEA5753755","Supported","Passed","N/A","Klebsiella pneumoniae","573","2016","SN - Senegal",,"ERR3416316","SAMEA5753755","PRJEB29143"
"9sCrDmU7GUKoZJiBUQX7Ju","SAMEA7472470","Supported","Passed","N/A","Klebsiella pneumoniae","573","2016-05","NG - Nigeria","pmid:33782558","ERR4920522","SAMEA7472470","PRJEB33565"
"fP65g7jgZat9zmySmmcDEH","SAMEA6654240","Supported","Passed","N/A","Klebsiella pneumoniae","573","2017-09-21","GH - Ghana",,"ERR4008040","SAMEA6654240","PRJEB37523"
"1wxKRsWY6A8PVJRe5M9yHj","SAMEA5753762","Supported","Passed","N/A","Klebsiella pneumoniae","573","2016","SN - Senegal",,"ERR3416329","SAMEA5753762","PRJEB29143"
"1QC6gsyR4pdPR6Arv3PofN","SAMEA7472508","Supported","Passed","N/A","Klebsiella pneumoniae","573","2016-05","NG - Nigeria","pmid:33782558","ERR4920542","SAMEA7472508","PRJEB33565"
"kV8NN26gn4zMzUrVmiuv4F","SAMEA115925726","Supported","Passed","v1","Klebsiella pneumoniae","573","2021-08-30","SN - Senegal",,"ERR13492075","SAMEA115925726","PRJEB78995"
"wN3gr2Xzq26k75wUJNBtC1","SAMEA6155785","Supported","Passed","N/A","Klebsiella pneumoniae","573","2018-11-03","NG - Nigeria","pmid:34850837","ERR4783249","SAMEA6155785","PRJEB29739"
"vTLBnVx7RFdfifC3vCaVvn","SAMEA6155816","Supported","Passed","N/A","Klebsiella pneumoniae","573","2018-01-17","NG - Nigeria","pmid:34850837","ERR4783273","SAMEA6155816","PRJEB29739"
"ru7Tt1Xx7t3XWW6LAU7GY6","SAMN05960943","Supported","Passed","N/A","Klebsiella pneumoniae","573","2016-07-29","NG - Nigeria",,"SRR5513570","SAMN05960943","PRJNA351846"
"sw6a6rkZJH6Mb4A3jHLFfK","SAMEA6155817","Supported","Passed","N/A","Klebsiella pneumoniae","573","","NG - Nigeria","pmid:34850837","ERR4783324","SAMEA6155817","PRJEB29739"
"4Hnraj3XgcJrSeDnYDpxAb","SAMEA5753353","Supported","Passed","N/A","Klebsiella pneumoniae","573","2016","SN - Senegal",,"ERR3416323","SAMEA5753353","PRJEB29143"
"bL6NJqitzvkQG79RwxfPZo","SAMEA111504606","Supported","Passed","N/A","Klebsiella pneumoniae","573","2020-03-10","GH - Ghana",,"ERR10438024","SAMEA111504606","PRJEB56918"
"uH9qCLXB9HGRpSMcA5KAZK","SAMEA115925722","Supported","Passed","v1","Klebsiella pneumoniae","573","2021-08-30","SN - Senegal",,"ERR13492071","SAMEA115925722","PRJEB78995"
"gz4qmnkBjJwDq7sn2xK47Y","SAMEA4785017","Supported","Passed","N/A","Klebsiella pneumoniae","573","2017","NG - Nigeria",,"ERR2695867","SAMEA4785017","PRJEB27707"
"os9PxKsnWVQ1yaa4MF8a6c","SAMEA111504611","Supported","Passed","N/A","Klebsiella pneumoniae","573","2020-03-17","GH - Ghana",,"ERR10438025","SAMEA111504611","PRJEB56918"
"6A7Wk1psHh9ewryZXAJyXf","SAMEA115925712","Supported","Passed","v1","Klebsiella pneumoniae","573","2020-08-30","SN - Senegal",,"ERR13492061","SAMEA115925712","PRJEB78995"
"iCV5KZtRkyPyEau49JCQkr","SAMN36884875","Supported","Passed","N/A","Klebsiella pneumoniae","573","2016-03-01","GH - Ghana",,"SRR25565284","SAMN36884875","PRJNA473419"
"2H7LhawUkgSTwFeNQbsHfx","SAMN36943779","Supported","Passed","N/A","Klebsiella pneumoniae","573","2022-06-06","NG - Nigeria",,"SRR25609405","SAMN36943779","PRJNA800729"
"aHqRui8jXfGrasdZ9o7RMw","SAMEA7472505","Supported","Passed","N/A","Klebsiella pneumoniae","573","2016-05","NG - Nigeria","pmid:33782558","ERR4920539","SAMEA7472505","PRJEB33565"
"ajk5KRQbpVw1sMvcdSbbn1","SAMN05960949","Supported","Passed","N/A","Klebsiella pneumoniae","573","2015-12-15","NG - Nigeria",,"SRR5513475","SAMN05960949","PRJNA351846"
"cLrDJaBZwCxksJns9enuHQ","SAMEA5753763","Supported","Passed","N/A","Klebsiella pneumoniae","573","2016","SN - Senegal",,"ERR3416330","SAMEA5753763","PRJEB29143"
"9EK6nFkQxjy3n4a8BZUhs5","SAMN36884884","Supported","Passed","N/A","Klebsiella pneumoniae","573","2016-04-01","GH - Ghana",,"SRR25565298","SAMN36884884","PRJNA473419"
"opgxhkceTYBhoHePQ7i3J2","SAMEA111505116","Supported","Passed","N/A","Klebsiella pneumoniae","573","2020-04-18","NG - Nigeria",,"ERR10438913","SAMEA111505116","PRJEB56918"
"3CZfqkzSWZLhnUJapfWebH","SAMN41988748","Supported","Passed","v1","Klebsiella pneumoniae","573","2022","GH - Ghana",,"SRR29541156","SAMN41988748","PRJNA1126843"
"k4M3rSMsx1QNStuBYozfXJ","SAMN05960886","Supported","Passed","N/A","Klebsiella pneumoniae","573","2010-04-27","NG - Nigeria",,"SRR5514082","SAMN05960886","PRJNA351846"
"17cjBXCud4W8WzY9Adcadf","SAMEA6654231","Supported","Passed","N/A","Klebsiella pneumoniae","573","2017-09-21","GH - Ghana",,"ERR4008031","SAMEA6654231","PRJEB37523"
"bgSrxKwxA6HeN1jdLNgHsG","SAMEA5753739","Supported","Passed","N/A","Klebsiella pneumoniae","573","2016","SN - Senegal",,"ERR3416296","SAMEA5753739","PRJEB29143"
"uQyJaAJRdkvckdJnxkNQWD","SAMEA5753725","Supported","Passed","N/A","Klebsiella pneumoniae","573","2016","SN - Senegal",,"ERR3416281","SAMEA5753725","PRJEB29143"
"8JbGkEtkonwzJzAFhjvvPP","SAMEA7472509","Supported","Passed","N/A","Klebsiella pneumoniae","573","2016-05","NG - Nigeria","pmid:33782558","ERR4920543","SAMEA7472509","PRJEB33565"
"dQaeWNGmkR27kysq26if8M","SAMEA5753730","Supported","Passed","N/A","Klebsiella pneumoniae","573","2016","SN - Senegal",,"ERR3416286","SAMEA5753730","PRJEB29143"
"r9av7Pjq7KmtguHZVx827e","SAMEA115925713","Supported","Passed","v1","Klebsiella pneumoniae","573","2020-08-30","SN - Senegal",,"ERR13492062","SAMEA115925713","PRJEB78995"
"vJZE3Nvvtpj7S7mzx9aBLJ","SAMEA6155781","Supported","Passed","N/A","Klebsiella pneumoniae","573","2018-04-03","NG - Nigeria","pmid:34850837","ERR4783242","SAMEA6155781","PRJEB29739"
"1ZKLGKjWkBqdJjheeB9mFL","SAMN05960879","Supported","Passed","N/A","Klebsiella pneumoniae","573","2009-07-06","NG - Nigeria",,"SRR5514221","SAMN05960879","PRJNA351846"
"8YnVyxHA7nqtqzDfQdJ3mB","SAMEA8515137","Supported","Passed","N/A","Klebsiella pneumoniae","573","2016-05-01","NG - Nigeria",,"ERR5685308","SAMEA8515137","PRJEB39293"
"5Vzojp1ehDS15wUpA1k7aJ","SAMEA111505122","Supported","Passed","N/A","Klebsiella pneumoniae","573","2020-04-28","NG - Nigeria",,"ERR10438916","SAMEA111505122","PRJEB56918"
"hNFZHi4TzoXS9HPc1dSDA8","SAMEA5753773","Supported","Passed","N/A","Klebsiella pneumoniae","573","2016","SN - Senegal",,"ERR3416347","SAMEA5753773","PRJEB29143"
"pnFzwi6DT6U9P7HitW1FMj","SAMEA4785011","Supported","Passed","N/A","Klebsiella pneumoniae","573","2017","NG - Nigeria",,"ERR2695861","SAMEA4785011","PRJEB27707"
"nL2Rwd36aKVaXBMmuKchbV","SAMEA115925707","Supported","Passed","v1","Klebsiella pneumoniae","573","2018-08-30","SN - Senegal",,"ERR13492056","SAMEA115925707","PRJEB78995"
"dZfePqBBSqwaWSZP1wwyxd","SAMEA111504607","Supported","Passed","N/A","Klebsiella pneumoniae","573","2020-03-10","GH - Ghana",,"ERR10438022","SAMEA111504607","PRJEB56918"
"aV1sM8V81ttSdPBmseMK66","SAMN05960907","Supported","Passed","N/A","Klebsiella pneumoniae","573","2013-05-08","NG - Nigeria",,"SRR5513517","SAMN05960907","PRJNA351846"
"geUM1oQYdtik6Xehr3Zscf","SAMEA5753355","Supported","Passed","N/A","Klebsiella pneumoniae","573","2016","SN - Senegal",,"ERR3416339","SAMEA5753355","PRJEB29143"
"iatBhmBrmLiAAiLsaRp5YH","SAMEA6422766","Supported","Passed","N/A","Klebsiella pneumoniae","573","2017","NG - Nigeria","pmid:34850837","ERR4783508","SAMEA6422766","PRJEB29739"
"hN9QXqRKzHjwKe8aeifrGQ","SAMEA4785012","Supported","Passed","N/A","Klebsiella pneumoniae","573","2017","NG - Nigeria",,"ERR2695862","SAMEA4785012","PRJEB27707"
"aWGoHCv91FJnnizvSsmbKE","SAMN05960958","Supported","Passed","N/A","Klebsiella pneumoniae","573","2014-12-17","NG - Nigeria",,"SRR5513577","SAMN05960958","PRJNA351846"
"jpRJy2sHoCEddK5MzjPAm8","SAMEA111504612","Supported","Passed","N/A","Klebsiella pneumoniae","573","2020-03-23","GH - Ghana",,"ERR10438029","SAMEA111504612","PRJEB56918"
"jTcoqu2MdhH2h4g6svP51p","SAMN41988737","Supported","Passed","v1","Klebsiella pneumoniae","573","2022","GH - Ghana",,"SRR29541149","SAMN41988737","PRJNA1126843"
"kUP4v3dKJP9skf3bHvwXUu","SAMN05960904","Supported","Passed","N/A","Klebsiella pneumoniae","573","2015-10-02","NG - Nigeria",,"SRR5513515","SAMN05960904","PRJNA351846"
"kqYjA4z1VWxyg1LQ1akVnQ","SAMEA6155866","Supported","Passed","N/A","Klebsiella pneumoniae","573","2017-01-16","NG - Nigeria","pmid:34850837","ERR4783390","SAMEA6155866","PRJEB29739"
"uc7XTeozGMpUiurZSWSuWM","SAMN05960925","Supported","Passed","N/A","Klebsiella pneumoniae","573","2014-06-23","NG - Nigeria",,"SRR5513551","SAMN05960925","PRJNA351846"
"xhNWCcrWXPqL9Ru7rU3mrt","SAMN05960895","Supported","Passed","N/A","Klebsiella pneumoniae","573","2012-02-09","NG - Nigeria",,"SRR5514211","SAMN05960895","PRJNA351846"
"mbBUQEkWPfbuxaRBM3VeNf","SAMEA6155829","Supported","Passed","N/A","Klebsiella pneumoniae","573","2017-04-25","NG - Nigeria","pmid:34850837","ERR4783263","SAMEA6155829","PRJEB29739"
"pvabPX7NiEvSwjZkUUaUuv","SAMN36884878","Supported","Passed","N/A","Klebsiella pneumoniae","573","2016-04-01","GH - Ghana",,"SRR25565281","SAMN36884878","PRJNA473419"
"dyToryGFYPUg65sMmJ5YhD","SAMN05960881","Supported","Passed","N/A","Klebsiella pneumoniae","573","2009-11-18","NG - Nigeria",,"SRR5514224","SAMN05960881","PRJNA351846"
"wTdMVFMhJBMNS9NczV2jFY","SAMEA7472442","Supported","Passed","N/A","Klebsiella pneumoniae","573","2016-05","NG - Nigeria","pmid:33782558","ERR4920514","SAMEA7472442","PRJEB33565"
"8Zy84MWZMiScmkJwsiFnyQ","SAMEA111505123","Supported","Passed","N/A","Klebsiella pneumoniae","573","2020-10-28","NG - Nigeria",,"ERR10438919","SAMEA111505123","PRJEB56918"
"rvGui5euCpQhNxbsBaxRQK","SAMEA6155778","Supported","Passed","N/A","Klebsiella pneumoniae","573","2018-10-03","NG - Nigeria","pmid:34850837","ERR4783245","SAMEA6155778","PRJEB29739"
"koB4JkyTa9iuBJaS6ynr2d","SAMN46427849","Supported","Passed","v1","Klebsiella pneumoniae","573","2015-06-06","NG - Nigeria",,"SRR32137956","SAMN46427849","PRJNA800729"
"k8xYz3zN61c7cXRqG1V9mj","SAMEA5753754","Supported","Passed","N/A","Klebsiella pneumoniae","573","2016","SN - Senegal",,"ERR3416314","SAMEA5753754","PRJEB29143"
"gUxVpQuVi3i99x2a1hsEc7","SAMEA5753757","Supported","Passed","N/A","Klebsiella pneumoniae","573","2016","SN - Senegal",,"ERR3416318","SAMEA5753757","PRJEB29143"
"j62D2jwXVD9t2v2ZiXNj24","SAMEA6155834","Supported","Passed","N/A","Klebsiella pneumoniae","573","2018-10-03","NG - Nigeria","pmid:34850837","ERR4783347","SAMEA6155834","PRJEB29739"
"r22EXMLiW4Z32nTtPaYYRY","SAMEA6158235","Supported","Passed","N/A","Klebsiella pneumoniae","573","2018-02-01","NG - Nigeria","pmid:34850837","ERR4783275","SAMEA6158235","PRJEB29739"
"wnY8BLJvKiKJj8EKgNEMqp","SAMEA111505139","Supported","Passed","N/A","Klebsiella pneumoniae","573","2020-11-10","NG - Nigeria",,"ERR10438951","SAMEA111505139","PRJEB56918"
"hv4tdSDtdCJiL7h8Erv8Qw","SAMEA7472507","Supported","Passed","N/A","Klebsiella pneumoniae","573","2016-05","NG - Nigeria","pmid:33782558","ERR4920541","SAMEA7472507","PRJEB33565"
"bJZWZD2FSBUWqM6DtiggqM","SAMEA7472468","Supported","Passed","N/A","Klebsiella pneumoniae","573","2016-05","NG - Nigeria","pmid:33782558","ERR4920521","SAMEA7472468","PRJEB33565"
"xyGww7Z1sR6wErTvaU1AXk","SAMN05960898","Supported","Passed","N/A","Klebsiella pneumoniae","573","2014-05-05","NG - Nigeria",,"SRR5513506","SAMN05960898","PRJNA351846"
"4mRJucNety59xcCC1tY51j","SAMEA6422764","Supported","Passed","N/A","Klebsiella pneumoniae","573","2017","NG - Nigeria","pmid:34850837","ERR4783507","SAMEA6422764","PRJEB29739"
"emScuqyhFJCc1HeEFEmvuE","SAMEA6155893","Supported","Passed","N/A","Klebsiella pneumoniae","573","2018-03-15","NG - Nigeria","pmid:34850837","ERR4783039","SAMEA6155893","PRJEB29739"
"iBWRLXhehPKCwucq4oFFBv","SAMEA5753448","Supported","Passed","N/A","Klebsiella pneumoniae","573","2016","SN - Senegal",,"ERR3416335","SAMEA5753448","PRJEB29143"
"pW1Kpbr4jEfJfJpkB7udD1","SAMEA6155826","Supported","Passed","N/A","Klebsiella pneumoniae","573","2018-01-03","NG - Nigeria","pmid:34850837","ERR4783340","SAMEA6155826","PRJEB29739"
"r8hvFxtWhiAbUyg1kwXsir","SAMEA7472515","Supported","Passed","N/A","Klebsiella pneumoniae","573","2016-05","NG - Nigeria","pmid:33782558","ERR4920546","SAMEA7472515","PRJEB33565"
"kdUfqfNFMSrgBoucX5xvfP","SAMEA7472372","Supported","Passed","N/A","Klebsiella pneumoniae","573","2016-05","NG - Nigeria","pmid:33782558","ERR4920496","SAMEA7472372","PRJEB33565"
"8UQhM26DjirjJRY7tk4fiJ","SAMEA7472405","Supported","Passed","N/A","Klebsiella pneumoniae","573","2016-05","NG - Nigeria","pmid:33782558","ERR4920502","SAMEA7472405","PRJEB33565"
"j9ZShn3RZeenuS7oiH6gYa","SAMEA6155855","Supported","Passed","N/A","Klebsiella pneumoniae","573","2018-04-03","NG - Nigeria","pmid:34850837","ERR4783378","SAMEA6155855","PRJEB29739"
"sB3AMskB74w4RxSkWLsher","SAMEA5753731","Supported","Passed","N/A","Klebsiella pneumoniae","573","2016","SN - Senegal",,"ERR3416287","SAMEA5753731","PRJEB29143"
"viX7qNyijfnBPd9ruFm8we","SAMEA7472517","Supported","Passed","N/A","Klebsiella pneumoniae","573","2016-05","NG - Nigeria","pmid:33782558","ERR4920547","SAMEA7472517","PRJEB33565"
"mhumFeLBiEKJ31MhCzA8vb","SAMN36884891","Supported","Passed","N/A","Klebsiella pneumoniae","573","2016-01-01","GH - Ghana",,"SRR25565290","SAMN36884891","PRJNA473419"
"5f2Wsts6UszDxa6ggD49MU","SAMEA5753371","Supported","Passed","N/A","Klebsiella pneumoniae","573","2016","SN - Senegal",,"ERR3416405","SAMEA5753371","PRJEB29143"
"nxs8abV3G6H4G7mikPrnuF","SAMEA6422761","Supported","Passed","N/A","Klebsiella pneumoniae","573","2017","NG - Nigeria","pmid:34850837","ERR4783555","SAMEA6422761","PRJEB29739"
"bS81DVrppm6u5fWTkYFQ7B","SAMEA6422785","Supported","Passed","N/A","Klebsiella pneumoniae","573","2017","NG - Nigeria","pmid:34850837","ERR4783523","SAMEA6422785","PRJEB29739"
"5CNpBnF5H4n9eHHomRLzQT","SAMEA6155865","Supported","Passed","N/A","Klebsiella pneumoniae","573","2017-01-16","NG - Nigeria","pmid:34850837","ERR4783047","SAMEA6155865","PRJEB29739"
"7osKw9nwAbzmFk8SAZCCVq","SAMEA5753797","Supported","Passed","N/A","Klebsiella pneumoniae","573","2016","SN - Senegal",,"ERR3416397","SAMEA5753797","PRJEB29143"
"utzjj6oLjCnX7gZM8dEmkc","SAMEA111505126","Supported","Passed","N/A","Klebsiella pneumoniae","573","2020-10-28","NG - Nigeria",,"ERR10438921","SAMEA111505126","PRJEB56918"
"aFmgnCiB28KNQAe6qxxKur","SAMEA7472371","Supported","Passed","N/A","Klebsiella pneumoniae","573","2016-05","NG - Nigeria","pmid:33782558","ERR4920495","SAMEA7472371","PRJEB33565"
"cocDC5PVaDCsHxNGfWc5k3","SAMEA6422756","Supported","Passed","N/A","Klebsiella pneumoniae","573","","NG - Nigeria","pmid:34850837","ERR4783552","SAMEA6422756","PRJEB29739"
"8kVbukWkaFEqdXzhiXoBpf","SAMEA6155853","Supported","Passed","N/A","Klebsiella pneumoniae","573","2017-10-28","NG - Nigeria","pmid:34850837","ERR4783372","SAMEA6155853","PRJEB29739"
"kaiogLxCJLSa245NCTkt9g","SAMN05960956","Supported","Passed","N/A","Klebsiella pneumoniae","573","2016-05-17","NG - Nigeria",,"SRR5513466","SAMN05960956","PRJNA351846"
"oGSv5BjAnBd2ofvw7ZBZEz","SAMEA6654232","Supported","Passed","N/A","Klebsiella pneumoniae","573","2017-09-21","GH - Ghana",,"ERR4008032","SAMEA6654232","PRJEB37523"
"cdbaGrHDemPtw1BgydfcvJ","SAMN36884876","Supported","Passed","N/A","Klebsiella pneumoniae","573","2016-04-01","GH - Ghana",,"SRR25565283","SAMN36884876","PRJNA473419"
"6Yx8hEXhsdHNMdjcnHpdXj","SAMEA6155833","Supported","Passed","N/A","Klebsiella pneumoniae","573","2017-06-15","NG - Nigeria","pmid:34850837","ERR4783343","SAMEA6155833","PRJEB29739"
"hAbwaa2M11aDucG5dNcx6N","SAMEA6155807","Supported","Passed","N/A","Klebsiella pneumoniae","573","2017-01-23","NG - Nigeria","pmid:34850837","ERR4783310","SAMEA6155807","PRJEB29739"
"ov8R6Jr2mE8UgaeeqheaFP","SAMEA115925716","Supported","Passed","v1","Klebsiella pneumoniae","573","2020-08-30","SN - Senegal",,"ERR13492065","SAMEA115925716","PRJEB78995"
"dgL11DroRQLtr1f55o8bTr","SAMN05960906","Supported","Passed","N/A","Klebsiella pneumoniae","573","2013-04-25","NG - Nigeria",,"SRR5513520","SAMN05960906","PRJNA351846"
"kVaSn9PWDtVoXozYzBTQFk","SAMEA111504609","Supported","Passed","N/A","Klebsiella pneumoniae","573","2020-03-17","GH - Ghana",,"ERR10438027","SAMEA111504609","PRJEB56918"
"rSffqw8uKXHjTgvArFBgq7","SAMEA6155858","Supported","Passed","N/A","Klebsiella pneumoniae","573","2017-08-08","NG - Nigeria","pmid:34850837","ERR4783380","SAMEA6155858","PRJEB29739"
"miwMhf78aTEavL2snrWv8o","SAMEA6155789","Supported","Passed","N/A","Klebsiella pneumoniae","573","2017-03-12","NG - Nigeria","pmid:34850837","ERR4783226","SAMEA6155789","PRJEB29739"
"jVsruuu8Mj75YfkzqpdtsP","SAMEA5753327","Supported","Passed","N/A","Klebsiella pneumoniae","573","2016","SN - Senegal",,"ERR3416307","SAMEA5753327","PRJEB29143"
"fh4M2ynawwkpe9bESyogqC","SAMEA5753786","Supported","Passed","N/A","Klebsiella pneumoniae","573","2016","SN - Senegal",,"ERR3416361","SAMEA5753786","PRJEB29143"
"bV4RhJMeAGN5HN3w7U73N2","SAMEA8515127","Supported","Passed","N/A","Klebsiella pneumoniae","573","2016-05-01","NG - Nigeria",,"ERR5685298","SAMEA8515127","PRJEB39293"
"vtgvqBT53v8fF46ctdA8wB","SAMEA6155877","Supported","Passed","N/A","Klebsiella pneumoniae","573","2018-01-14","NG - Nigeria","pmid:34850837","ERR4783400","SAMEA6155877","PRJEB29739"
"umyMDwpZFUJdhx8vnF28oZ","SAMEA6155773","Supported","Passed","N/A","Klebsiella pneumoniae","573","2017-12-15","NG - Nigeria","pmid:34850837","ERR4783233","SAMEA6155773","PRJEB29739"
"pchsxW6orFh8S3vDcUZoVx","SAMEA5753803","Supported","Passed","N/A","Klebsiella pneumoniae","573","2016","SN - Senegal",,"ERR3416404","SAMEA5753803","PRJEB29143"
"aipP1e8eQesusYkxTMLP3u","SAMEA6155929","Supported","Passed","N/A","Klebsiella pneumoniae","573","","NG - Nigeria","pmid:34850837","ERR4783426","SAMEA6155929","PRJEB29739"
"jE5MBuuESAgX1U37dXCbVV","SAMEA5753804","Supported","Passed","N/A","Klebsiella pneumoniae","573","2016","SN - Senegal",,"ERR3416406","SAMEA5753804","PRJEB29143"
"cLnu3gj3nHHhWDddjKVqpA","SAMEA6155847","Supported","Passed","N/A","Klebsiella pneumoniae","573","","NG - Nigeria","pmid:34850837","ERR4783362","SAMEA6155847","PRJEB29739"
"92wiTibEdTeNBpqY17uE8E","SAMEA6422771","Supported","Passed","N/A","Klebsiella pneumoniae","573","2017","NG - Nigeria","pmid:34850837","ERR4783557","SAMEA6422771","PRJEB29739"
"dAkZRDf8BnMSmHg38GM8rm","SAMN05960921","Supported","Passed","N/A","Klebsiella pneumoniae","573","2014-01-22","NG - Nigeria",,"SRR5513549","SAMN05960921","PRJNA351846"
"eH94miV6WHVNfQjumX6o7R","SAMEA6155843","Supported","Passed","N/A","Klebsiella pneumoniae","573","2018-10-03","NG - Nigeria","pmid:34850837","ERR4783358","SAMEA6155843","PRJEB29739"
"mZQaeb3FczXTW5Z5S3MwVo","SAMEA7472409","Supported","Passed","N/A","Klebsiella pneumoniae","573","2016-05","NG - Nigeria","pmid:33782558","ERR4920503","SAMEA7472409","PRJEB33565"
"7hnX9PJywogzyRrzeEeVfk","SAMN05960873","Supported","Passed","N/A","Klebsiella pneumoniae","573","2009-04-13","NG - Nigeria",,"SRR5514217","SAMN05960873","PRJNA351846"
"ppPWXTxt911sQikKZ64yQ2","SAMEA111505118","Supported","Passed","N/A","Klebsiella pneumoniae","573","2020-04-21","NG - Nigeria",,"ERR10438914","SAMEA111505118","PRJEB56918"
"4rJRoHYr5NR82wGsPzD5vn","SAMEA6155876","Supported","Passed","N/A","Klebsiella pneumoniae","573","2017-01-23","NG - Nigeria","pmid:34850837","ERR4783398","SAMEA6155876","PRJEB29739"
"4Rve9vkKjgmV9RdsLuAftK","SAMN31892430","Supported","Passed","v1","Klebsiella pneumoniae","573","2022","GH - Ghana",,"SRR37646310","SAMN31892430","PRJNA906096"
"k6jL9xWt1Di2np5pYwysKb","SAMEA6635864","Supported","Passed","N/A","Klebsiella pneumoniae","573","","NG - Nigeria","pmid:34850837","ERR4783357","SAMEA6635864","PRJEB29739"
"azNWjydAsZsWq5oBkJZpsG","SAMEA7472511","Supported","Passed","N/A","Klebsiella pneumoniae","573","2016-05","NG - Nigeria","pmid:33782558","ERR4920544","SAMEA7472511","PRJEB33565"
"bdwVoBzdHnEN9SvqNbikxT","SAMN05960957","Supported","Passed","N/A","Klebsiella pneumoniae","573","2016-05-19","NG - Nigeria",,"SRR5513460","SAMN05960957","PRJNA351846"
"8iTG3rswnZSXfdyUnnin2P","SAMEA6155792","Supported","Passed","N/A","Klebsiella pneumoniae","573","2018-02-28","NG - Nigeria","pmid:34850837","ERR4783238","SAMEA6155792","PRJEB29739"
"kvBvKLVWrLzSZ2bJfyvXeG","SAMEA5753369","Supported","Passed","N/A","Klebsiella pneumoniae","573","2016","SN - Senegal",,"ERR3416315","SAMEA5753369","PRJEB29143"
"fs5SV1mCiSjT1fyFMjF6VZ","SAMEA6654216","Supported","Passed","N/A","Klebsiella pneumoniae","573","2018-10-01","GH - Ghana",,"ERR4008016","SAMEA6654216","PRJEB37523"
"wzDKTANo7rKwooQZ846smZ","SAMEA5753721","Supported","Passed","N/A","Klebsiella pneumoniae","573","2016","SN - Senegal",,"ERR3416276","SAMEA5753721","PRJEB29143"
"cGYL9WzsyTTm9hRXfqGYGn","SAMEA7472380","Supported","Passed","N/A","Klebsiella pneumoniae","573","2016-05","NG - Nigeria","pmid:33782558","ERR4920497","SAMEA7472380","PRJEB33565"
"iU6qbLVcAJ8i2C414QCBri","SAMEA7472477","Supported","Passed","N/A","Klebsiella pneumoniae","573","2016-05","NG - Nigeria","pmid:33782558","ERR4920527","SAMEA7472477","PRJEB33565"
"pbnK26AZXgQgjnJLjZv9wx","SAMEA6155779","Supported","Passed","N/A","Klebsiella pneumoniae","573","2018-04-03","NG - Nigeria","pmid:34850837","ERR4783253","SAMEA6155779","PRJEB29739"
"jBBWXA8udJH12wFK6SRUnY","SAMEA115925719","Supported","Passed","v1","Klebsiella pneumoniae","573","2020-08-30","SN - Senegal",,"ERR13492068","SAMEA115925719","PRJEB78995"
"mU9yEWqCpyz52t5ggREiez","SAMN05960966","Supported","Passed","N/A","Klebsiella pneumoniae","573","2015-12-15","NG - Nigeria",,"SRR5513620","SAMN05960966","PRJNA351846"
"deos3gCFmYQxmsgmjQDH7U","SAMEA115925721","Supported","Passed","v1","Klebsiella pneumoniae","573","2021-08-30","SN - Senegal",,"ERR13492070","SAMEA115925721","PRJEB78995"
"qSJ6YXKzWVB7Hh8TNTP9tA","SAMEA115925703","Supported","Passed","v1","Klebsiella pneumoniae","573","2018-08-30","SN - Senegal",,"ERR13492052","SAMEA115925703","PRJEB78995"
"87PJxck965L12Gh9N8vXp6","SAMEA5753727","Supported","Passed","N/A","Klebsiella pneumoniae","573","2016","SN - Senegal",,"ERR3416283","SAMEA5753727","PRJEB29143"
"3dikTEvbuQAXQaWLF6wGmM","SAMEA5753354","Supported","Passed","N/A","Klebsiella pneumoniae","573","2016","SN - Senegal",,"ERR3416326","SAMEA5753354","PRJEB29143"
"85vFfmMxAWjqo18pNuvhoz","SAMEA4785013","Supported","Passed","N/A","Klebsiella pneumoniae","573","2017","NG - Nigeria",,"ERR2695863","SAMEA4785013","PRJEB27707"
"ptHiVHjPXfRZKwpSphHw3n","SAMEA115925723","Supported","Failed","v1","Klebsiella pneumoniae","573","2021-08-30","SN - Senegal",,"ERR13492072","SAMEA115925723","PRJEB78995"
"8LLpFVCdS1PrSrLbyHVaST","SAMN41988735","Supported","Passed","v1","Klebsiella pneumoniae","573","2022","GH - Ghana",,"SRR29541161","SAMN41988735","PRJNA1126843"
"43FEb4GXdhp3cEAaSbWjBv","SAMEA7472411","Supported","Passed","N/A","Klebsiella pneumoniae","573","2016-05","NG - Nigeria","pmid:33782558","ERR4920504","SAMEA7472411","PRJEB33565"
"uUpNEneKmgYQtETf9ghiUv","SAMEA7472462","Supported","Passed","N/A","Klebsiella pneumoniae","573","2016-05","NG - Nigeria","pmid:33782558","ERR4920519","SAMEA7472462","PRJEB33565"
"c9h9kcdQiPzKhFFe3UtP9v","SAMEA6155838","Supported","Passed","N/A","Klebsiella pneumoniae","573","2018-01-21","NG - Nigeria","pmid:34850837","ERR4783356","SAMEA6155838","PRJEB29739"
"u1e4xLvcNu2xvy625KyC2N","SAMEA5753753","Supported","Passed","N/A","Klebsiella pneumoniae","573","2016","SN - Senegal",,"ERR3416313","SAMEA5753753","PRJEB29143"
"aKHZjRjNNmn3HymxZeqUxb","SAMEA5753792","Supported","Passed","N/A","Klebsiella pneumoniae","573","2016","SN - Senegal",,"ERR3416392","SAMEA5753792","PRJEB29143"
"cLPoF1A7AnHCaibQsPz2zV","SAMEA5753738","Supported","Passed","N/A","Klebsiella pneumoniae","573","2016","SN - Senegal",,"ERR3416295","SAMEA5753738","PRJEB29143"
"jKvEssiC3yAVNGhJtayyUD","SAMEA6654220","Supported","Passed","N/A","Klebsiella pneumoniae","573","2017-09-21","GH - Ghana",,"ERR4008020","SAMEA6654220","PRJEB37523"
"v14mp2i8gwWnMRM21sjxpA","SAMEA6155854","Supported","Passed","N/A","Klebsiella pneumoniae","573","2018-04-03","NG - Nigeria","pmid:34850837","ERR4783374","SAMEA6155854","PRJEB29739"
"m2GtyCCQgQRVk91EqqtwyE","SAMEA4785007","Supported","Passed","N/A","Klebsiella pneumoniae","573","2017","NG - Nigeria",,"ERR2695857","SAMEA4785007","PRJEB27707"
"hoocsxPfXfnsg2XLutMNAK","SAMEA7472365","Supported","Passed","N/A","Klebsiella pneumoniae","573","2016-05","NG - Nigeria","pmid:33782558","ERR4920493","SAMEA7472365","PRJEB33565"
"9z1oeZUBBJAF8C3UyBvx4E","SAMEA12311723","Supported","Passed","N/A","Klebsiella pneumoniae","573","2021-01-01","GH - Ghana",,"ERR8024960","SAMEA12311723","PRJEB46496"
"mjYYGyn7pj1GTEgBMVbm57","SAMEA6155872","Supported","Passed","N/A","Klebsiella pneumoniae","573","","NG - Nigeria","pmid:34850837","ERR4783070","SAMEA6155872","PRJEB29739"
"eb7Qrn3aAFtT9DavapU5Hy","SAMEA5753317","Supported","Passed","N/A","Klebsiella pneumoniae","573","2016","SN - Senegal",,"ERR3416336","SAMEA5753317","PRJEB29143"
"2mJG6aY8YTfLy2ghLcMvcU","SAMEA7472355","Supported","Passed","N/A","Klebsiella pneumoniae","573","2016-05","NG - Nigeria","pmid:33782558","ERR4920492","SAMEA7472355","PRJEB33565"
"udYSjTG1qwdx9E8AefFSHg","SAMEA5753356","Supported","Passed","N/A","Klebsiella pneumoniae","573","2016","SN - Senegal",,"ERR3416340","SAMEA5753356","PRJEB29143"
"gnwExAtn8aB3Sh7bHjWrkW","SAMEA6422780","Supported","Passed","N/A","Klebsiella pneumoniae","573","","NG - Nigeria","pmid:34850837","ERR4783579","SAMEA6422780","PRJEB29739"
"pkNR3coqAs41UDm1TjHtVx","SAMEA6155869","Supported","Passed","N/A","Klebsiella pneumoniae","573","2017-11-25","NG - Nigeria","pmid:34850837","ERR4783057","SAMEA6155869","PRJEB29739"
"wGwgZmQ8x9oZcrAjjxfoDy","SAMEA6654224","Supported","Passed","N/A","Klebsiella pneumoniae","573","2019-03-19","GH - Ghana",,"ERR4008024","SAMEA6654224","PRJEB37523"
"pcrXU5kynsB1PCESpWGNH4","SAMN31892426","Supported","Passed","v1","Klebsiella pneumoniae","573","2022","GH - Ghana",,"SRR37646312","SAMN31892426","PRJNA906096"
"bjsEga6MiZDiitdb3bdRiH","SAMN05960938","Supported","Passed","N/A","Klebsiella pneumoniae","573","2016-05-02","NG - Nigeria",,"SRR5513566","SAMN05960938","PRJNA351846"
"phs67xfBWNQemLZ4RhzKqc","SAMEA6155814","Supported","Passed","N/A","Klebsiella pneumoniae","573","2017-01-07","NG - Nigeria","pmid:34850837","ERR4783307","SAMEA6155814","PRJEB29739"
"wLmNuoXQx7aJEsUNtVkqeQ","SAMEA6422736","Supported","Passed","N/A","Klebsiella pneumoniae","573","","NG - Nigeria","pmid:34850837","ERR4783513","SAMEA6422736","PRJEB29739"
"3DKNa7b6peEvLjs1NJ8Yg9","SAMN05960963","Supported","Passed","N/A","Klebsiella pneumoniae","573","2015-09-28","NG - Nigeria",,"SRR5513578","SAMN05960963","PRJNA351846"
"9FMy9xUJMnFcAwdgXVsANU","SAMN05960962","Supported","Passed","N/A","Klebsiella pneumoniae","573","2015-07-09","NG - Nigeria",,"SRR5513619","SAMN05960962","PRJNA351846"
"ckAG3EVebxB4xi7aNYvhEA","SAMEA6155859","Supported","Passed","N/A","Klebsiella pneumoniae","573","","NG - Nigeria","pmid:34850837","ERR4783382","SAMEA6155859","PRJEB29739"
"83GFGNxEQ55fVsFYZGs5gK","SAMEA6155862","Supported","Passed","N/A","Klebsiella pneumoniae","573","2018-12-03","NG - Nigeria","pmid:34850837","ERR4783014","SAMEA6155862","PRJEB29739"
"tfFNVKNbmL8cWoRQhNWp59","SAMEA6422735","Supported","Passed","N/A","Klebsiella pneumoniae","573","2017","NG - Nigeria","pmid:34850837","ERR4783558","SAMEA6422735","PRJEB29739"
"vJYckjzrYprKU3MEzNj7Fp","SAMEA111503612","Supported","Passed","N/A","Klebsiella pneumoniae","573","2020","BJ - Benin",,"ERR10436276","SAMEA111503612","PRJEB56918"
"oahhcaMCteeYDPc2GHaFxi","SAMEA5753782","Supported","Passed","N/A","Klebsiella pneumoniae","573","2016","SN - Senegal",,"ERR3416357","SAMEA5753782","PRJEB29143"
"gHwCs7jfA2m26zJTwoQDE1","SAMN05960902","Supported","Passed","N/A","Klebsiella pneumoniae","573","2015-03-26","NG - Nigeria",,"SRR5513516","SAMN05960902","PRJNA351846"
"6GDQioRLuUjGgXBvzJ15SN","SAMEA6155875","Supported","Passed","N/A","Klebsiella pneumoniae","573","","NG - Nigeria","pmid:34850837","ERR4783074","SAMEA6155875","PRJEB29739"
"wSEshuFUNDgMEGBiHnLH9y","SAMEA5753801","Supported","Passed","N/A","Klebsiella pneumoniae","573","2016","SN - Senegal",,"ERR3416402","SAMEA5753801","PRJEB29143"
"5eG887v1RUpSkjdGw8sGgS","SAMN36884883","Supported","Passed","N/A","Klebsiella pneumoniae","573","2016-04-01","GH - Ghana",,"SRR25565299","SAMN36884883","PRJNA473419"
"97yZNNPPKmYM3JYMqwuMJk","SAMEA115925704","Supported","Passed","v1","Klebsiella pneumoniae","573","2018-08-30","SN - Senegal",,"ERR13492053","SAMEA115925704","PRJEB78995"
"6MHXM1WJLUdmMekDndtf9o","SAMEA115925715","Supported","Passed","v1","Klebsiella pneumoniae","573","2020-08-30","SN - Senegal",,"ERR13492064","SAMEA115925715","PRJEB78995"
"fvPMyr5PwYZ9hLw15vxCDJ","SAMEA111504604","Supported","Passed","N/A","Klebsiella pneumoniae","573","2020-03-09","GH - Ghana",,"ERR10438021","SAMEA111504604","PRJEB56918"
"jKtntykrHw7dbtizkJY58n","SAMEA6155883","Supported","Passed","N/A","Klebsiella pneumoniae","573","2018-02-26","NG - Nigeria","pmid:34850837","ERR4783011","SAMEA6155883","PRJEB29739"
"2zPTZkh76qfbRoz5iw4sY1","SAMEA111505128","Supported","Passed","N/A","Klebsiella pneumoniae","573","2020-10-30","NG - Nigeria",,"ERR10438933","SAMEA111505128","PRJEB56918"
"mxGK98nBQ8MpsZjV37SZ9z","SAMEA115925705","Supported","Passed","v1","Klebsiella pneumoniae","573","2018-08-30","SN - Senegal",,"ERR13492054","SAMEA115925705","PRJEB78995"
"94Pknj5Nyf3QQBDqPjr6it","SAMEA5753789","Supported","Passed","N/A","Klebsiella pneumoniae","573","2016","SN - Senegal",,"ERR3416364","SAMEA5753789","PRJEB29143"
"qXXvn6JkA1n3XnLWZL5pXq","SAMEA6654219","Supported","Passed","N/A","Klebsiella pneumoniae","573","2019-02-26","GH - Ghana",,"ERR4008019","SAMEA6654219","PRJEB37523"
"8Xgc52vtKZVkfHJUruR9Y2","SAMEA111504615","Supported","Passed","N/A","Klebsiella pneumoniae","573","2020-04-03","GH - Ghana",,"ERR10438034","SAMEA111504615","PRJEB56918"
"8ZSgD6stSFnVwrq7ktKyXW","SAMEA6422777","Supported","Passed","N/A","Klebsiella pneumoniae","573","","NG - Nigeria","pmid:34850837","ERR4783575","SAMEA6422777","PRJEB29739"
"r4AoMQg5rneJcvC4fvfkPH","SAMN45807625","Supported","Passed","v1","Klebsiella pneumoniae","573","2015-06-06","NG - Nigeria",,"SRR31698793","SAMN45807625","PRJNA800729"
"kgF7ju1JDHCHz9o4VMNQ91","SAMN05960882","Supported","Passed","N/A","Klebsiella pneumoniae","573","2010-02-12","NG - Nigeria",,"SRR5513621","SAMN05960882","PRJNA351846"
"2zmwVkNyF5VkwamG5Jafkv","SAMEA5753707","Supported","Passed","N/A","Klebsiella pneumoniae","573","2016","SN - Senegal",,"ERR3416261","SAMEA5753707","PRJEB29143"
"7p9Cky8RYKxpUFo3fVUd3B","SAMEA4785009","Supported","Passed","N/A","Klebsiella pneumoniae","573","2017","NG - Nigeria",,"ERR2695859","SAMEA4785009","PRJEB27707"
"p6tXQwFHWQ5v1iYXYbG3Nk","SAMEA7472390","Supported","Passed","N/A","Klebsiella pneumoniae","573","2016-05","NG - Nigeria","pmid:33782558","ERR4920499","SAMEA7472390","PRJEB33565"
"94KiySvHMunwJLkimJxpF9","SAMEA6155798","Supported","Passed","N/A","Klebsiella pneumoniae","573","2018-02-02","NG - Nigeria","pmid:34850837","ERR4783293","SAMEA6155798","PRJEB29739"
"sxBhCqe6JfCuhqcVxJ64TP","SAMN05960937","Supported","Passed","N/A","Klebsiella pneumoniae","573","2016-05-02","NG - Nigeria",,"SRR5513561","SAMN05960937","PRJNA351846"
"tnaMM8Jew5zJav2r6TgpGL","SAMN36884886","Supported","Passed","N/A","Klebsiella pneumoniae","573","2016-01-01","GH - Ghana",,"SRR25565296","SAMN36884886","PRJNA473419"
"jmUDKLwZX2hKEkNjdsmyB4","SAMEA6155909","Supported","Passed","N/A","Klebsiella pneumoniae","573","2017","NG - Nigeria","pmid:34850837","ERR4783132","SAMEA6155909","PRJEB29739"
"eHV5akLFSxPCw6DHExHqfW","SAMEA7472489","Supported","Passed","N/A","Klebsiella pneumoniae","573","2016-05","NG - Nigeria","pmid:33782558","ERR4920531","SAMEA7472489","PRJEB33565"
"7LgrgfhCCcAtm1zUX8QJRr","SAMEA6422746","Supported","Passed","N/A","Klebsiella pneumoniae","573","","NG - Nigeria","pmid:34850837","ERR4783565","SAMEA6422746","PRJEB29739"
"8jXG7iH86drY6gQMgCinc4","SAMEA6155928","Supported","Passed","N/A","Klebsiella pneumoniae","573","","NG - Nigeria","pmid:34850837","ERR4783438","SAMEA6155928","PRJEB29739"
"9LVQVQ8TSA1bP3abTZgCxt","SAMEA6155891","Supported","Passed","N/A","Klebsiella pneumoniae","573","2017-05-19","NG - Nigeria","pmid:34850837","ERR4783027","SAMEA6155891","PRJEB29739"
"4ohEiVid7BMPdopx1TBd9q","SAMEA5753793","Supported","Passed","N/A","Klebsiella pneumoniae","573","2016","SN - Senegal",,"ERR3416393","SAMEA5753793","PRJEB29143"
"35HdoqhevFZ7ogKPvWK6MG","SAMEA6654244","Supported","Passed","N/A","Klebsiella pneumoniae","573","2018-01-19","GH - Ghana",,"ERR4008044","SAMEA6654244","PRJEB37523"
"nfWUVQ7io1bTNgXQArzTgB","SAMEA6422783","Supported","Passed","N/A","Klebsiella pneumoniae","573","","NG - Nigeria","pmid:34850837","ERR4783578","SAMEA6422783","PRJEB29739"
"r8kPKmfLUtjTQHXvob6CDa","SAMEA8515138","Supported","Passed","N/A","Klebsiella pneumoniae","573","2016-05-01","NG - Nigeria",,"ERR5685309","SAMEA8515138","PRJEB39293"
"x18NQidq7sicRzihob2BFF","SAMN05960899","Supported","Passed","N/A","Klebsiella pneumoniae","573","2014-09-09","NG - Nigeria",,"SRR5513510","SAMN05960899","PRJNA351846"
"ahpcz4JJbo98b5GoYf9pUj","SAMEA6155793","Supported","Passed","N/A","Klebsiella pneumoniae","573","","NG - Nigeria","pmid:34850837","ERR4783283","SAMEA6155793","PRJEB29739"
"ey8XCQmUMpjkqHe1wfrKMu","SAMN36884887","Supported","Passed","N/A","Klebsiella pneumoniae","573","2016-01-01","GH - Ghana",,"SRR25565295","SAMN36884887","PRJNA473419"
"pGFpThALdSx9WadLPUCP27","SAMEA5753779","Supported","Passed","N/A","Klebsiella pneumoniae","573","2016","SN - Senegal",,"ERR3416354","SAMEA5753779","PRJEB29143"
"gHRiH5GELXDMrX85tVKZ28","SAMEA111504602","Supported","Passed","N/A","Klebsiella pneumoniae","573","2020-03-07","GH - Ghana",,"ERR10438018","SAMEA111504602","PRJEB56918"
"pBqSWqxGYCeRocDsfgh6iq","SAMEA5753796","Supported","Passed","N/A","Klebsiella pneumoniae","573","2016","SN - Senegal",,"ERR3416396","SAMEA5753796","PRJEB29143"
"qCbmDssgHLcBae438R5Dyc","SAMEA4785016","Supported","Passed","N/A","Klebsiella pneumoniae","573","2018","NG - Nigeria",,"ERR2695866","SAMEA4785016","PRJEB27707"
"iFAMgQEQ9r63a5vi8Ebd8V","SAMN05960916","Supported","Passed","N/A","Klebsiella pneumoniae","573","2013-04-18","NG - Nigeria",,"SRR5513532","SAMN05960916","PRJNA351846"
"jTiRmR53by543rfq4UbbmC","SAMEA6654210","Supported","Passed","N/A","Klebsiella pneumoniae","573","2019-03-14","GH - Ghana",,"ERR4008010","SAMEA6654210","PRJEB37523"
"mXmvUBJsJ3NCEFC9wtxG9K","SAMEA111505137","Supported","Passed","N/A","Klebsiella pneumoniae","573","2020-11-08","NG - Nigeria",,"ERR10438954","SAMEA111505137","PRJEB56918"
"btUoFbd8aqxcD1n6YhpvHc","SAMEA5753781","Supported","Passed","N/A","Klebsiella pneumoniae","573","2016","SN - Senegal",,"ERR3416356","SAMEA5753781","PRJEB29143"
"okt9qZNhhLcsFeCFnXKnuK","SAMN05960929","Supported","Passed","N/A","Klebsiella pneumoniae","573","2015-06-29","NG - Nigeria",,"SRR5513557","SAMN05960929","PRJNA351846"
"hbHdbHfoXrwNJcLBhzHvVm","SAMN05960924","Supported","Passed","N/A","Klebsiella pneumoniae","573","2014-01-27","NG - Nigeria",,"SRR5513538","SAMN05960924","PRJNA351846"
"kBALZdVn7VujpzkzPa26An","SAMEA7472437","Supported","Passed","N/A","Klebsiella pneumoniae","573","2016-05","NG - Nigeria","pmid:33782558","ERR4920511","SAMEA7472437","PRJEB33565"
"tTyCjY4Csbq3fyU8svwuo4","SAMEA111504600","Supported","Passed","N/A","Klebsiella pneumoniae","573","2020-03-04","GH - Ghana",,"ERR10438019","SAMEA111504600","PRJEB56918"
"hxXhLzorgrHxR6NnkSrdqN","SAMEA6155892","Supported","Passed","N/A","Klebsiella pneumoniae","573","2017-01-07","NG - Nigeria","pmid:34850837","ERR4783035","SAMEA6155892","PRJEB29739"
"eATSxGb5iiL8KhfjiQiVPf","SAMEA5753489","Supported","Passed","N/A","Klebsiella pneumoniae","573","2016","SN - Senegal",,"ERR3416328","SAMEA5753489","PRJEB29143"
"axVxmWyZzm8aS1bKjVkAnL","SAMEA6155808","Supported","Passed","N/A","Klebsiella pneumoniae","573","","NG - Nigeria","pmid:34850837","ERR4783290","SAMEA6155808","PRJEB29739"
"abi1Cozq38MftZu9GoWRo8","SAMEA115925714","Supported","Passed","v1","Klebsiella pneumoniae","573","2020-08-30","SN - Senegal",,"ERR13492063","SAMEA115925714","PRJEB78995"
"34caPkcrqQNC2rujeV82s2","SAMEA7472490","Supported","Passed","N/A","Klebsiella pneumoniae","573","2016-05","NG - Nigeria","pmid:33782558","ERR4920532","SAMEA7472490","PRJEB33565"
"eRdZQySuxPmv3FVXxLg8yD","SAMEA7472512","Supported","Passed","N/A","Klebsiella pneumoniae","573","2016-05","NG - Nigeria","pmid:33782558","ERR4920545","SAMEA7472512","PRJEB33565"
"csEo9XuSMWgYBzktbKmSSj","SAMEA6155787","Supported","Passed","N/A","Klebsiella pneumoniae","573","","NG - Nigeria","pmid:34850837","ERR4783255","SAMEA6155787","PRJEB29739"
"aeouxh2g1Te9sjQB2ycPTG","SAMEA4785014","Supported","Passed","N/A","Klebsiella pneumoniae","573","2018","NG - Nigeria",,"ERR2695864","SAMEA4785014","PRJEB27707"
"eFTqiVDFVeLz3FoRKmGuTg","SAMN05960903","Supported","Passed","N/A","Klebsiella pneumoniae","573","2015-09-30","NG - Nigeria",,"SRR5513514","SAMN05960903","PRJNA351846"
"uqbGSJGG4JqDCK8bRXzBVM","SAMEA6155813","Supported","Passed","N/A","Klebsiella pneumoniae","573","","NG - Nigeria","pmid:34850837","ERR4783306","SAMEA6155813","PRJEB29739"
"deESyp4UGZFrjXdyBnMYd4","SAMEA112281697","Supported","Passed","N/A","Klebsiella pneumoniae","573","2019","GH - Ghana",,"ERR10737601","SAMEA112281697","PRJEB58695"
"aaFzZcsBR9xtdcU9RYjc7z","SAMEA6156056","Supported","Passed","N/A","Klebsiella pneumoniae","573","","NG - Nigeria","pmid:34850837","ERR4783474","SAMEA6156056","PRJEB29739"
"2zMSRqAocfCJKkD9QNFy4h","SAMEA111505127","Supported","Passed","N/A","Klebsiella pneumoniae","573","2020-10-29","NG - Nigeria",,"ERR10438936","SAMEA111505127","PRJEB56918"
"8Btp9dTmkRESv5TD8E1XB6","SAMEA5753780","Supported","Passed","N/A","Klebsiella pneumoniae","573","2016","SN - Senegal",,"ERR3416355","SAMEA5753780","PRJEB29143"
"wRpqmEWMcumMfMrGJ1wxZQ","SAMEA5753765","Supported","Passed","N/A","Klebsiella pneumoniae","573","2016","SN - Senegal",,"ERR3416333","SAMEA5753765","PRJEB29143"
"hd8rgdPvTyBYYYUDZXhUKY","SAMEA5753758","Supported","Passed","N/A","Klebsiella pneumoniae","573","2016","SN - Senegal",,"ERR3416319","SAMEA5753758","PRJEB29143"
"sBY9yaGJ9Z3UehhpmLwApW","SAMN05960912","Supported","Passed","N/A","Klebsiella pneumoniae","573","2012-09-10","NG - Nigeria",,"SRR5513552","SAMN05960912","PRJNA351846"
"9Cg5tSRuj3WekAkohxtNF8","SAMEA6155831","Supported","Passed","N/A","Klebsiella pneumoniae","573","2016-12-13","NG - Nigeria","pmid:34850837","ERR4783279","SAMEA6155831","PRJEB29739"
"byKxLedN8hkeYPzGY9RN3e","SAMEA6156048","Supported","Passed","N/A","Klebsiella pneumoniae","573","","NG - Nigeria","pmid:34850837","ERR4783466","SAMEA6156048","PRJEB29739"
"emc2Y8aewkeLdrXP1ErTVq","SAMEA6422787","Supported","Passed","N/A","Klebsiella pneumoniae","573","2017","NG - Nigeria","pmid:34850837","ERR4783486","SAMEA6422787","PRJEB29739"
"5YcHZfCXXEbTw9xNzuwa1J","SAMEA111505136","Supported","Passed","N/A","Klebsiella pneumoniae","573","2020-11-07","NG - Nigeria",,"ERR10438952","SAMEA111505136","PRJEB56918"
"5fgTM9Ykzy6oP5gU2VX5NY","SAMEA4785015","Supported","Passed","N/A","Klebsiella pneumoniae","573","2017","NG - Nigeria",,"ERR2695865","SAMEA4785015","PRJEB27707"
"qnFhGhEkJsEpymtjuEuRg4","SAMN05960965","Supported","Passed","N/A","Klebsiella pneumoniae","573","2014-05-20","NG - Nigeria",,"SRR5513618","SAMN05960965","PRJNA351846"
"7ktPb5meWXzfQRweFnU2FQ","SAMN36884892","Supported","Passed","N/A","Klebsiella pneumoniae","573","2015-11-01","GH - Ghana",,"SRR25565289","SAMN36884892","PRJNA473419"
"mh8QsLVSKkkUpSJ2Gqsxz6","SAMEA7472453","Supported","Passed","N/A","Klebsiella pneumoniae","573","2016-05","NG - Nigeria","pmid:33782558","ERR4920516","SAMEA7472453","PRJEB33565"
"aCn3H8dceHdJsdtEZ3b3t4","SAMEA111505121","Supported","Passed","N/A","Klebsiella pneumoniae","573","2020-04-24","NG - Nigeria",,"ERR10438917","SAMEA111505121","PRJEB56918"
"uEJwJQyMJ2QWaL2CKEdcYW","SAMEA7472492","Supported","Passed","N/A","Klebsiella pneumoniae","573","2016-05","NG - Nigeria","pmid:33782558","ERR4920534","SAMEA7472492","PRJEB33565"
"tJvLJNL45xQFCnezmWwrq9","SAMEA6654228","Supported","Passed","N/A","Klebsiella pneumoniae","573","2019-02-06","GH - Ghana",,"ERR4008028","SAMEA6654228","PRJEB37523"
"6NgTy4avhPgFMyd7ew6qw3","SAMN05960920","Supported","Passed","N/A","Klebsiella pneumoniae","573","2013-08-30","NG - Nigeria",,"SRR5513535","SAMN05960920","PRJNA351846"
"k1Abhny5Aj34cCaarEoCXn","SAMN05960960","Supported","Passed","N/A","Klebsiella pneumoniae","573","2015-05-06","NG - Nigeria",,"SRR5513575","SAMN05960960","PRJNA351846"
"fFbaU85qpMEsGYwmCyq8Ut","SAMEA6155806","Supported","Passed","N/A","Klebsiella pneumoniae","573","2017-06-30","NG - Nigeria","pmid:34850837","ERR4783235","SAMEA6155806","PRJEB29739"
"eHwENZHnSn65mbjtkJquHt","SAMEA6155925","Supported","Passed","N/A","Klebsiella pneumoniae","573","","NG - Nigeria","pmid:34850837","ERR4783437","SAMEA6155925","PRJEB29739"
"1eAFffAm8xJ8pXbru3vQpd","SAMEA6654243","Supported","Passed","N/A","Klebsiella pneumoniae","573","2018-01-19","GH - Ghana",,"ERR4008043","SAMEA6654243","PRJEB37523"
"bZXch8WCLn5U1VZ58x88Hr","SAMEA111505119","Supported","Passed","N/A","Klebsiella pneumoniae","573","2020-04-22","NG - Nigeria",,"ERR10438915","SAMEA111505119","PRJEB56918"
"knFHbBqNXxxzUbaNPwArxH","SAMEA111505115","Supported","Passed","N/A","Klebsiella pneumoniae","573","2020-04-18","NG - Nigeria",,"ERR10438908","SAMEA111505115","PRJEB56918"
"8zoC2M3h7ckamKAjpBihyV","SAMN05960928","Supported","Passed","N/A","Klebsiella pneumoniae","573","2015-03-25","NG - Nigeria",,"SRR5513555","SAMN05960928","PRJNA351846"
"8gFkefqhqjn2zNeN7LKmRW","SAMEA6654211","Supported","Passed","N/A","Klebsiella pneumoniae","573","2017-11-27","GH - Ghana",,"ERR4008011","SAMEA6654211","PRJEB37523"
"hz5rMPrdhtpW96VDvP4ne8","SAMEA5753729","Supported","Passed","N/A","Klebsiella pneumoniae","573","2016","SN - Senegal",,"ERR3416285","SAMEA5753729","PRJEB29143"
"rZERGMB5Yp52Kp9vx2uP5D","SAMN45807623","Supported","Passed","v1","Klebsiella pneumoniae","573","2015-06-06","NG - Nigeria",,"SRR31698795","SAMN45807623","PRJNA800729"
"dZyyTnDodd4XHPZiAk8kQE","SAMEA5753768","Supported","Passed","N/A","Klebsiella pneumoniae","573","2016","SN - Senegal",,"ERR3416341","SAMEA5753768","PRJEB29143"
"wjtzE9JUA51SH7xKqraRjv","SAMEA6155819","Supported","Passed","N/A","Klebsiella pneumoniae","573","2017-06-30","NG - Nigeria","pmid:34850837","ERR4783321","SAMEA6155819","PRJEB29739"
"p8SgQFDtWxd81Tv3ftnaxK","SAMEA6422760","Supported","Passed","N/A","Klebsiella pneumoniae","573","2017","NG - Nigeria","pmid:34850837","ERR4783504","SAMEA6422760","PRJEB29739"
"3M69ozjtNhRxze64xdpMpL","SAMEA6155857","Supported","Passed","N/A","Klebsiella pneumoniae","573","2017-11-30","NG - Nigeria","pmid:34850837","ERR4783353","SAMEA6155857","PRJEB29739"
"edEEzeCWmw8eUUzUVioFCf","SAMN36884890","Supported","Passed","N/A","Klebsiella pneumoniae","573","2015-03-01","GH - Ghana",,"SRR25565292","SAMN36884890","PRJNA473419"
"s5urbXg1iSbtHC25WfJZks","SAMEA5753712","Supported","Passed","N/A","Klebsiella pneumoniae","573","2016","SN - Senegal",,"ERR3416267","SAMEA5753712","PRJEB29143"
"nyYYpR79VZtQcasBLdMfiW","SAMEA6422733","Supported","Passed","N/A","Klebsiella pneumoniae","573","","NG - Nigeria","pmid:34850837","ERR4783559","SAMEA6422733","PRJEB29739"
"b18mSByJ73Zc2ni9mtXKWN","SAMEA5753713","Supported","Passed","N/A","Klebsiella pneumoniae","573","2016","SN - Senegal",,"ERR3416268","SAMEA5753713","PRJEB29143"
"je24hCpvFs5pMLicnwhQV9","SAMEA111504614","Supported","Passed","N/A","Klebsiella pneumoniae","573","2020-04-02","GH - Ghana",,"ERR10438032","SAMEA111504614","PRJEB56918"
"pqK3qeL4G7ZPVdSy5CjHSj","SAMEA6155818","Supported","Passed","N/A","Klebsiella pneumoniae","573","2018-10-03","NG - Nigeria","pmid:34850837","ERR4783315","SAMEA6155818","PRJEB29739"
"etKUropWVWCEFKiwWV2BBG","SAMEA5753733","Supported","Passed","N/A","Klebsiella pneumoniae","573","2016","SN - Senegal",,"ERR3416289","SAMEA5753733","PRJEB29143"
"cGZBRpV9knuSfH1frNBE59","SAMEA6654235","Supported","Passed","N/A","Klebsiella pneumoniae","573","2017-09-21","GH - Ghana",,"ERR4008035","SAMEA6654235","PRJEB37523"
"nNQUHVVTb9zCiUFMKY1hwx","SAMEA5753715","Supported","Passed","N/A","Klebsiella pneumoniae","573","2016","SN - Senegal",,"ERR3416270","SAMEA5753715","PRJEB29143"
"jatWGqpAH5JvPSwEyou3qQ","SAMEA7472421","Supported","Passed","N/A","Klebsiella pneumoniae","573","2016-05","NG - Nigeria","pmid:33782558","ERR4920506","SAMEA7472421","PRJEB33565"
"6td5bCdGNsHhzxmY5DuJpm","SAMN05960948","Supported","Passed","N/A","Klebsiella pneumoniae","573","2014-01-31","NG - Nigeria",,"SRR5513502","SAMN05960948","PRJNA351846"
"7eksoQvSQJyk2soDV1M8cw","SAMN36884871","Supported","Passed","N/A","Klebsiella pneumoniae","573","2016-02-01","GH - Ghana",,"SRR25565303","SAMN36884871","PRJNA473419"
"kfwfeXJbtjiTtaFgYBYKfM","SAMN05960875","Supported","Passed","N/A","Klebsiella pneumoniae","573","2009-05-12","NG - Nigeria",,"SRR5514216","SAMN05960875","PRJNA351846"
"7W9Wh4jVNr3gqSKjaTTVrX","SAMEA5753764","Supported","Passed","N/A","Klebsiella pneumoniae","573","2016","SN - Senegal",,"ERR3416332","SAMEA5753764","PRJEB29143"
"fu2unBzGpQ9HD7HQwWeFbr","SAMEA5753706","Supported","Passed","N/A","Klebsiella pneumoniae","573","2016","SN - Senegal",,"ERR3416257","SAMEA5753706","PRJEB29143"
"hngZ5fvGRzhg2ho5dAJvLB","SAMEA6654229","Supported","Passed","N/A","Klebsiella pneumoniae","573","2017-09-21","GH - Ghana",,"ERR4008029","SAMEA6654229","PRJEB37523"
"hnZ1ZdE6LAQiPB2GCPXSqn","SAMEA115925706","Supported","Passed","v1","Klebsiella pneumoniae","573","2018-08-30","SN - Senegal",,"ERR13492055","SAMEA115925706","PRJEB78995"
"mDqJJTmFgkFCPtdJsmaa9f","SAMEA6156101","Supported","Passed","N/A","Klebsiella pneumoniae","573","","NG - Nigeria","pmid:34850837","ERR4783403","SAMEA6156101","PRJEB29739"
"fitubmJhtjdRfHPy7SK1BH","SAMEA6155722","Supported","Passed","N/A","Klebsiella pneumoniae","573","2017-10-28","NG - Nigeria","pmid:34850837","ERR4783127","SAMEA6155722","PRJEB29739"
"3MA526pMqPnbBirPCAfuqy","SAMN05960905","Supported","Passed","N/A","Klebsiella pneumoniae","573","2013-03-30","NG - Nigeria",,"SRR5513519","SAMN05960905","PRJNA351846"
"9cPaMjZBTZ8UuXxqxw8RB6","SAMEA6422782","Supported","Passed","N/A","Klebsiella pneumoniae","573","","NG - Nigeria","pmid:34850837","ERR4783520","SAMEA6422782","PRJEB29739"
"9UbPm98MQKPEXCjhgM6XyT","SAMN41988736","Supported","Passed","v1","Klebsiella pneumoniae","573","2022","GH - Ghana",,"SRR29541160","SAMN41988736","PRJNA1126843"
"bAvZYPTTZB28fNDnWSoNzb","SAMEA6654233","Supported","Passed","N/A","Klebsiella pneumoniae","573","2017-09-21","GH - Ghana",,"ERR4008033","SAMEA6654233","PRJEB37523"
"44GGVE1Y8qV6RnvZ2QmjzV","SAMEA7472474","Supported","Failed","N/A","Klebsiella pneumoniae","573","2016-05","NG - Nigeria","pmid:33782558","ERR4920526","SAMEA7472474","PRJEB33565"
"3FuWbd6iGPmGnVZZcGZyfs","SAMEA111504613","Supported","Passed","N/A","Klebsiella pneumoniae","573","2020-03-31","GH - Ghana",,"ERR10438031","SAMEA111504613","PRJEB56918"
"vHGvxrKSaFxeGXjF6BdbxC","SAMN05960872","Supported","Passed","N/A","Klebsiella pneumoniae","573","2010-04-08","NG - Nigeria",,"SRR5514214","SAMN05960872","PRJNA351846"
"7uKY2qaZYWVBwzpDeBiFfs","SAMEA4785004","Supported","Passed","N/A","Klebsiella pneumoniae","573","2016","NG - Nigeria",,"ERR2695853","SAMEA4785004","PRJEB27707"
"8VpgMT25T3vC3CQ4msverS","SAMEA6155812","Supported","Passed","N/A","Klebsiella pneumoniae","573","2017-11-25","NG - Nigeria","pmid:34850837","ERR4783299","SAMEA6155812","PRJEB29739"
"rXmjdxBcV3RiCYQcFLAVpe","SAMEA5753702","Supported","Passed","N/A","Klebsiella pneumoniae","573","2016","SN - Senegal",,"ERR3416253","SAMEA5753702","PRJEB29143"
"u5kvsKQqPhBxL934Cq9gcd","SAMEA6155867","Supported","Passed","N/A","Klebsiella pneumoniae","573","2018-12-03","NG - Nigeria","pmid:34850837","ERR4783054","SAMEA6155867","PRJEB29739"
"iZPKFzecZEFRQ8HmNDhgjo","SAMEA6155871","Supported","Passed","N/A","Klebsiella pneumoniae","573","","NG - Nigeria","pmid:34850837","ERR4783064","SAMEA6155871","PRJEB29739"
"mkvUGFdMkBi4RkyhgK68qy","SAMEA6155800","Supported","Passed","N/A","Klebsiella pneumoniae","573","","NG - Nigeria","pmid:34850837","ERR4783262","SAMEA6155800","PRJEB29739"
"9CCiQRuF1iiXJcym6A21J5","SAMEA5753767","Supported","Passed","N/A","Klebsiella pneumoniae","573","2016","SN - Senegal",,"ERR3416338","SAMEA5753767","PRJEB29143"
"7wDUQTqU6GG7ibv7DvsZXW","SAMEA6422769","Supported","Passed","N/A","Klebsiella pneumoniae","573","2017","NG - Nigeria","pmid:34850837","ERR4783510","SAMEA6422769","PRJEB29739"
"8akqHeZBUgH2nDjdmxK8yD","SAMN45807627","Supported","Passed","v1","Klebsiella pneumoniae","573","2015-06-06","NG - Nigeria",,"SRR31698791","SAMN45807627","PRJNA800729"
"3tmGB8ktxVeLWCRwUz9d8c","SAMN05960950","Supported","Passed","N/A","Klebsiella pneumoniae","573","2016-02-29","NG - Nigeria",,"SRR5513476","SAMN05960950","PRJNA351846"
"8PBMxwG1U2WaAyyVedcK11","SAMEA6863335","Supported","Passed","N/A","Klebsiella pneumoniae","573","2017-09-08","GH - Ghana",,"ERR4180935","SAMEA6863335","PRJEB38442"
"hfQYsRNWpdeZBK7B1g76BR","SAMEA7472393","Supported","Passed","N/A","Klebsiella pneumoniae","573","2016-05","NG - Nigeria","pmid:33782558","ERR4920500","SAMEA7472393","PRJEB33565"
"jj5m1fz4JbfRLGmD548WR6","SAMEA6654214","Supported","Passed","N/A","Klebsiella pneumoniae","573","2018-07-01","GH - Ghana",,"ERR4008014","SAMEA6654214","PRJEB37523"
"kYMbynLb8HU4zrcBkbYkH9","SAMN36884879","Supported","Passed","N/A","Klebsiella pneumoniae","573","2016-03-01","GH - Ghana",,"SRR25565280","SAMN36884879","PRJNA473419"
"sAw5HbYFaHi6GVG2gyUbGW","SAMEA6422744","Supported","Passed","N/A","Klebsiella pneumoniae","573","","NG - Nigeria","pmid:34850837","ERR4783566","SAMEA6422744","PRJEB29739"
"w5Ju2HjwAnSNu2zaZLcPe5","SAMEA5753488","Supported","Passed","N/A","Klebsiella pneumoniae","573","2016","SN - Senegal",,"ERR3416327","SAMEA5753488","PRJEB29143"
"o7ZNphmQDDp6U23oNmT1F6","SAMEA8515143","Supported","Passed","N/A","Klebsiella pneumoniae","573","2016-05-01","NG - Nigeria",,"ERR5685314","SAMEA8515143","PRJEB39293"
"dP2G69R9JYhdUHH1QF2v2w","SAMN05960915","Supported","Passed","N/A","Klebsiella pneumoniae","573","2013-02-25","NG - Nigeria",,"SRR5513572","SAMN05960915","PRJNA351846"
"iwi5npfx9osTxgTVKTk87T","SAMN05960887","Supported","Passed","N/A","Klebsiella pneumoniae","573","2010-05-14","NG - Nigeria",,"SRR5514083","SAMN05960887","PRJNA351846"
"oocPAdbbXbiWBWdWg7aYuk","SAMEA5753766","Supported","Passed","N/A","Klebsiella pneumoniae","573","2016","SN - Senegal",,"ERR3416334","SAMEA5753766","PRJEB29143"
"ce21hb7zojMnor7zg5sWZa","SAMEA6155863","Supported","Passed","N/A","Klebsiella pneumoniae","573","2018-01-21","NG - Nigeria","pmid:34850837","ERR4783386","SAMEA6155863","PRJEB29739"
"sjbJuWVDRiDDqNnEJyPAkY","SAMEA6654247","Supported","Passed","N/A","Klebsiella pneumoniae","573","2017-09-21","GH - Ghana",,"ERR4008047","SAMEA6654247","PRJEB37523"
"xdNsKsPiEWkzU1GEMC1i6m","SAMN05960884","Supported","Passed","N/A","Klebsiella pneumoniae","573","2010-03-20","NG - Nigeria",,"SRR5513623","SAMN05960884","PRJNA351846"
"jas4phQXkagxhCyPHioY9i","SAMN36884874","Supported","Passed","N/A","Klebsiella pneumoniae","573","2016-01-01","GH - Ghana",,"SRR25565285","SAMN36884874","PRJNA473419"
"mRcHS7TgKD2g46yZERJDdp","SAMEA7472503","Supported","Passed","N/A","Klebsiella pneumoniae","573","2016-05","NG - Nigeria","pmid:33782558","ERR4920538","SAMEA7472503","PRJEB33565"
"27Ru2zdMwBbPvcvNupdnRx","SAMEA7472473","Supported","Passed","N/A","Klebsiella pneumoniae","573","2016-05","NG - Nigeria","pmid:33782558","ERR4920525","SAMEA7472473","PRJEB33565"
"eR5kicJVi4tWZdTzoSQtoD","SAMEA6155828","Supported","Passed","N/A","Klebsiella pneumoniae","573","2018-02-13","NG - Nigeria","pmid:34850837","ERR4783332","SAMEA6155828","PRJEB29739"
"1FuNVd4tgXsAV9NYkp4824","SAMEA6155882","Supported","Passed","N/A","Klebsiella pneumoniae","573","2017-02-25","NG - Nigeria","pmid:34850837","ERR4783019","SAMEA6155882","PRJEB29739"
"c4GTL4K9vYXFBPKGyxKQ4X","SAMEA7472440","Supported","Passed","N/A","Klebsiella pneumoniae","573","2016-05","NG - Nigeria","pmid:33782558","ERR4920513","SAMEA7472440","PRJEB33565"
"u7J4WButML2okadV4zrfkY","SAMEA5753741","Supported","Passed","N/A","Klebsiella pneumoniae","573","2016","SN - Senegal",,"ERR3416298","SAMEA5753741","PRJEB29143"
"qFjC5wtsMs7Mx9esCZwse4","SAMN36884872","Supported","Passed","N/A","Klebsiella pneumoniae","573","2016-02-01","GH - Ghana",,"SRR25565302","SAMN36884872","PRJNA473419"
"kJNnXoD8vixEUPVE2DqeAz","SAMEA6155835","Supported","Passed","N/A","Klebsiella pneumoniae","573","","NG - Nigeria","pmid:34850837","ERR4783348","SAMEA6155835","PRJEB29739"
"7v9Nq4PcZg5wXgoxJUe8Yn","SAMN05960951","Supported","Passed","N/A","Klebsiella pneumoniae","573","2016-04-25","NG - Nigeria",,"SRR5513484","SAMN05960951","PRJNA351846"
"5D1JBtLHpQK42J1vJ8DXSP","SAMN05960923","Supported","Passed","N/A","Klebsiella pneumoniae","573","2014-03-21","NG - Nigeria",,"SRR5513553","SAMN05960923","PRJNA351846"
"kzMniy1Ghag8qUvFLaDQKa","SAMEA5753701","Supported","Passed","N/A","Klebsiella pneumoniae","573","2016","SN - Senegal",,"ERR3416252","SAMEA5753701","PRJEB29143"
"tz3KKQTzSeRctTL127zPKF","SAMEA6654223","Supported","Passed","N/A","Klebsiella pneumoniae","573","2018-01-05","GH - Ghana",,"ERR4008023","SAMEA6654223","PRJEB37523"
"82eR6GZey3tNBaqHGtxGzw","SAMEA6654238","Supported","Passed","N/A","Klebsiella pneumoniae","573","2017-09-21","GH - Ghana",,"ERR4008038","SAMEA6654238","PRJEB37523"
"8bSGN5wekQSzMu67jP73ZP","SAMEA111505114","Supported","Passed","N/A","Klebsiella pneumoniae","573","2020-04-16","NG - Nigeria",,"ERR10438909","SAMEA111505114","PRJEB56918"
"tG6acDHGobY51suiQSFBKX","SAMEA6654236","Supported","Passed","N/A","Klebsiella pneumoniae","573","2017-09-21","GH - Ghana",,"ERR4008036","SAMEA6654236","PRJEB37523"
"mZ82Nevx73s1WDbcNDRULC","SAMEA4785010","Supported","Passed","N/A","Klebsiella pneumoniae","573","2017","NG - Nigeria",,"ERR2695860","SAMEA4785010","PRJEB27707"
"k9JCAPMxurzSKXmtzZYL5T","SAMEA6654225","Supported","Passed","N/A","Klebsiella pneumoniae","573","2018-11-24","GH - Ghana",,"ERR4008025","SAMEA6654225","PRJEB37523"
"vGtJVDvJbXimrzWLDFZdXQ","SAMN36884885","Supported","Passed","N/A","Klebsiella pneumoniae","573","2016-02-01","GH - Ghana",,"SRR25565297","SAMN36884885","PRJNA473419"
"tRwz3rgZ949fz2WZhyGu7T","SAMEA111505140","Supported","Passed","N/A","Klebsiella pneumoniae","573","2021-02-03","NG - Nigeria",,"ERR10438955","SAMEA111505140","PRJEB56918"
"tCDM3F6zSTTBUgKunyb8sH","SAMEA6422765","Supported","Passed","N/A","Klebsiella pneumoniae","573","2017","NG - Nigeria","pmid:34850837","ERR4783509","SAMEA6422765","PRJEB29739"
"2Zgx7whbCctjN9tBdvUggB","SAMEA111505130","Supported","Passed","N/A","Klebsiella pneumoniae","573","2020-11-02","NG - Nigeria",,"ERR10438950","SAMEA111505130","PRJEB56918"
"d9CdBxjfAoMmmG61oZuuKN","SAMN05960946","Supported","Passed","N/A","Klebsiella pneumoniae","573","2016-08-04","NG - Nigeria",,"SRR5513573","SAMN05960946","PRJNA351846"
"xpuYKKN33xUwEFEHcYNxrv","SAMEA7472471","Supported","Passed","N/A","Klebsiella pneumoniae","573","2016-05","NG - Nigeria","pmid:33782558","ERR4920523","SAMEA7472471","PRJEB33565"
"gWctNQwWhVx3SHvoycbz5o","SAMEA6654241","Supported","Passed","N/A","Klebsiella pneumoniae","573","2017-09-21","GH - Ghana",,"ERR4008041","SAMEA6654241","PRJEB37523"
"mrbKzGk1dyjdEhyvwp9UH5","SAMEA111505142","Supported","Passed","N/A","Klebsiella pneumoniae","573","2021-03-22","NG - Nigeria",,"ERR10438958","SAMEA111505142","PRJEB56918"
"vPnNvNW6p1ALprg57MTF4k","SAMEA6654230","Supported","Passed","N/A","Klebsiella pneumoniae","573","2017-09-21","GH - Ghana",,"ERR4008030","SAMEA6654230","PRJEB37523"
"3A34G7y3D2ARzcjgdhtEqr","SAMEA5753802","Supported","Passed","N/A","Klebsiella pneumoniae","573","2016","SN - Senegal",,"ERR3416403","SAMEA5753802","PRJEB29143"
"ep4NAxRxYEM4xd8FEHYC6d","SAMEA6654239","Supported","Passed","N/A","Klebsiella pneumoniae","573","2017-09-21","GH - Ghana",,"ERR4008039","SAMEA6654239","PRJEB37523"
"2HLjQ9mr1jyR9L4XFAeF9E","SAMEA5753724","Supported","Passed","N/A","Klebsiella pneumoniae","573","2016","SN - Senegal",,"ERR3416280","SAMEA5753724","PRJEB29143"
"fstHdZDYbS5mHrCxcBxm1p","SAMN05960945","Supported","Passed","N/A","Klebsiella pneumoniae","573","2016-08-04","NG - Nigeria",,"SRR5513571","SAMN05960945","PRJNA351846"
"cn2BAN2ymgY9j4cHSULQco","SAMEA6422774","Supported","Passed","N/A","Klebsiella pneumoniae","573","","NG - Nigeria","pmid:34850837","ERR4783519","SAMEA6422774","PRJEB29739"
"65GXWu7971WMZfcK6f2yRL","SAMEA6654221","Supported","Passed","N/A","Klebsiella pneumoniae","573","2017-10-05","GH - Ghana",,"ERR4008021","SAMEA6654221","PRJEB37523"
"1X3RHR1R9T3bHHmdytUUzm","SAMEA4785006","Supported","Passed","N/A","Klebsiella pneumoniae","573","2017-01-01","NG - Nigeria",,"ERR2695856","SAMEA4785006","PRJEB27707"
"o27LtUbbnM7sAbWc5HMNwp","SAMEA5753798","Supported","Passed","N/A","Klebsiella pneumoniae","573","2016","SN - Senegal",,"ERR3416399","SAMEA5753798","PRJEB29143"
"3ETZnCVSXG1XhYMeJg44uh","SAMEA6422762","Supported","Passed","N/A","Klebsiella pneumoniae","573","2017","NG - Nigeria","pmid:34850837","ERR4783505","SAMEA6422762","PRJEB29739"
"96cksz4WjidZG4XXudpBGN","SAMN05960955","Supported","Passed","N/A","Klebsiella pneumoniae","573","2016-05-17","NG - Nigeria",,"SRR5513451","SAMN05960955","PRJNA351846"
"saQY2KcQvxx3dmBCmfJKbA","SAMEA6155911","Supported","Passed","N/A","Klebsiella pneumoniae","573","2016-12-13","NG - Nigeria","pmid:34850837","ERR4783022","SAMEA6155911","PRJEB29739"
"4CEinHPjbqftRKokEeVUgV","SAMEA115925720","Supported","Passed","v1","Klebsiella pneumoniae","573","2021-08-30","SN - Senegal",,"ERR13492069","SAMEA115925720","PRJEB78995"
"6mvRGZipdvWcmDtzSe6mMc","SAMEA4785018","Supported","Passed","N/A","Klebsiella pneumoniae","573","2018","NG - Nigeria",,"ERR2695868","SAMEA4785018","PRJEB27707"
"9LPpTDMF2gYTgpLoGeYXV2","SAMEA6155889","Supported","Passed","N/A","Klebsiella pneumoniae","573","2017-01-23","NG - Nigeria","pmid:34850837","ERR4783388","SAMEA6155889","PRJEB29739"
"vkdwdm7JH34D88Q6BcT7eq","SAMEA8515150","Supported","Passed","N/A","Klebsiella pneumoniae","573","2016-05-01","NG - Nigeria",,"ERR5685320","SAMEA8515150","PRJEB39293"
"1c7a62n9V8BQPaEkvjMDc4","SAMN05960942","Supported","Passed","N/A","Klebsiella pneumoniae","573","2016-07-25","NG - Nigeria",,"SRR5513568","SAMN05960942","PRJNA351846"
"vcDCfmYBJncwYdGQG2mpfR","SAMEA6155886","Supported","Passed","N/A","Klebsiella pneumoniae","573","2017-05-28","NG - Nigeria","pmid:34850837","ERR4783029","SAMEA6155886","PRJEB29739"
"iwr1hdHsuVcU4yvsihvFMj","SAMEA6155824","Supported","Passed","N/A","Klebsiella pneumoniae","573","","NG - Nigeria","pmid:34850837","ERR4783329","SAMEA6155824","PRJEB29739"
"jhNV3ZPRuaxd87WdMV1a1B","SAMEA6155790","Supported","Passed","N/A","Klebsiella pneumoniae","573","","NG - Nigeria","pmid:34850837","ERR4783268","SAMEA6155790","PRJEB29739"
"mhDuTKMYCV1V842nethQWY","SAMEA6155845","Supported","Passed","N/A","Klebsiella pneumoniae","573","","NG - Nigeria","pmid:34850837","ERR4783320","SAMEA6155845","PRJEB29739"
"5wTxRTqNZjtEuvGGj4Mx5Y","SAMN36884882","Supported","Passed","N/A","Klebsiella pneumoniae","573","2016-03-01","GH - Ghana",,"SRR25565300","SAMN36884882","PRJNA473419"
"p3uE7VsE14c6D5LHnqXS1M","SAMEA7472491","Supported","Passed","N/A","Klebsiella pneumoniae","573","2016-05","NG - Nigeria","pmid:33782558","ERR4920533","SAMEA7472491","PRJEB33565"
"fFWpeg8oUzsKkkvSLF3V9L","SAMEA111504608","Supported","Passed","N/A","Klebsiella pneumoniae","573","2020-03-17","GH - Ghana",,"ERR10438026","SAMEA111504608","PRJEB56918"
"uL3CKBQ4ihoSFt3qZssevL","SAMEA111505132","Supported","Passed","N/A","Klebsiella pneumoniae","573","2020-11-05","NG - Nigeria",,"ERR10438948","SAMEA111505132","PRJEB56918"
"4vecoti19U8QYh9yiWeTgo","SAMEA6654213","Supported","Passed","N/A","Klebsiella pneumoniae","573","2018-03-12","GH - Ghana",,"ERR4008013","SAMEA6654213","PRJEB37523"
"fqWJ9K2QRMJH8qE2eUujtf","SAMEA7472434","Supported","Passed","N/A","Klebsiella pneumoniae","573","2016-05","NG - Nigeria","pmid:33782558","ERR4920510","SAMEA7472434","PRJEB33565"
"oSeqP5cRrnXMcfoxkK8tBH","SAMEA6156052","Supported","Passed","N/A","Klebsiella pneumoniae","573","2017-04-11","NG - Nigeria","pmid:34850837","ERR4783470","SAMEA6156052","PRJEB29739"
"85P8Lz6iBLgADQsNbQj49m","SAMEA111505133","Supported","Passed","N/A","Klebsiella pneumoniae","573","2020-11-05","NG - Nigeria",,"ERR10438947","SAMEA111505133","PRJEB56918"
"sGGgYrWZsF3yCUZpU2GhEW","SAMN05960888","Supported","Passed","N/A","Klebsiella pneumoniae","573","2010-06-14","NG - Nigeria",,"SRR5514084","SAMN05960888","PRJNA351846"
"wCwAFpJj3FF7zouFf7cV13","SAMN05960893","Supported","Passed","N/A","Klebsiella pneumoniae","573","2011-11-20","NG - Nigeria",,"SRR5514209","SAMN05960893","PRJNA351846"
"ci5L8cj5N8sZma9eJaXag5","SAMEA5753787","Supported","Passed","N/A","Klebsiella pneumoniae","573","2016","SN - Senegal",,"ERR3416362","SAMEA5753787","PRJEB29143"
"gfuP6GHjDZQ8BgLZEcDuXt","SAMEA6654222","Supported","Passed","N/A","Klebsiella pneumoniae","573","2018-01-05","GH - Ghana",,"ERR4008022","SAMEA6654222","PRJEB37523"
"pbk2WX17WrWWJNqoAEyhm9","SAMEA4785005","Supported","Passed","N/A","Klebsiella pneumoniae","573","2017","NG - Nigeria",,"ERR2695854","SAMEA4785005","PRJEB27707"
"2NgpXYhueejuSuTAZyHPeh","SAMEA6155851","Supported","Passed","N/A","Klebsiella pneumoniae","573","2018-02-28","NG - Nigeria","pmid:34850837","ERR4782999","SAMEA6155851","PRJEB29739"
"dj8cNasQccRhPLsXQLMzjz","SAMEA7472438","Supported","Passed","N/A","Klebsiella pneumoniae","573","2016-05","NG - Nigeria","pmid:33782558","ERR4920512","SAMEA7472438","PRJEB33565"
"obEJj5XuFzXAkKQ79jF21X","SAMN36884895","Supported","Passed","N/A","Klebsiella pneumoniae","573","2015-04-01","GH - Ghana",,"SRR25565286","SAMN36884895","PRJNA473419"
"57nUkCKDPaeekz89J7aebq","SAMEA5753769","Supported","Passed","N/A","Klebsiella pneumoniae","573","2016","SN - Senegal",,"ERR3416343","SAMEA5753769","PRJEB29143"
"kQbFftPeNydrTFLKm1gTh7","SAMEA7472431","Supported","Passed","N/A","Klebsiella pneumoniae","573","2016-05","NG - Nigeria","pmid:33782558","ERR4920508","SAMEA7472431","PRJEB33565"
"fhgmyF2yUq7AWaDrvx7pma","SAMEA6155832","Supported","Passed","N/A","Klebsiella pneumoniae","573","","NG - Nigeria","pmid:34850837","ERR4783485","SAMEA6155832","PRJEB29739"
"7TqRpehZ2qcivjv7zqcvTp","SAMEA7472368","Supported","Passed","N/A","Klebsiella pneumoniae","573","2016-05","NG - Nigeria","pmid:33782558","ERR4920494","SAMEA7472368","PRJEB33565"
"vPwBSvhKtWDxodfhjCnXmP","SAMEA111505129","Supported","Passed","N/A","Klebsiella pneumoniae","573","2020-11-02","NG - Nigeria",,"ERR10438934","SAMEA111505129","PRJEB56918"
"jPBM7SVA1a7tG9wqKzPojF","SAMN05960894","Supported","Passed","N/A","Klebsiella pneumoniae","573","2012-02-06","NG - Nigeria",,"SRR5514210","SAMN05960894","PRJNA351846"
"ryJoVzNXJBEpGiXoCUBbzD","SAMEA5753347","Supported","Passed","N/A","Klebsiella pneumoniae","573","2016","SN - Senegal",,"ERR3416250","SAMEA5753347","PRJEB29143"
"1a2iUfdSziZ4bAcFoFiyba","SAMEA111505135","Supported","Passed","N/A","Klebsiella pneumoniae","573","2020-11-06","NG - Nigeria",,"ERR10438937","SAMEA111505135","PRJEB56918"
"56rtBCLAfwhp1Mc8VrFiSU","SAMEA6155794","Supported","Passed","N/A","Klebsiella pneumoniae","573","2018-01-17","NG - Nigeria","pmid:34850837","ERR4783281","SAMEA6155794","PRJEB29739"
"9aiHzthWfG36nY5FfEZgt5","SAMEA6654217","Supported","Passed","N/A","Klebsiella pneumoniae","573","2018-11-20","GH - Ghana",,"ERR4008017","SAMEA6654217","PRJEB37523"
"tTtLMUXkFaaF2sdixGjgda","SAMN05960885","Supported","Passed","N/A","Klebsiella pneumoniae","573","2010-04-01","NG - Nigeria",,"SRR5513624","SAMN05960885","PRJNA351846"
"bxRyRAsmc1ZnVJrXNYtSzs","SAMN05960930","Supported","Passed","N/A","Klebsiella pneumoniae","573","2015-11-17","NG - Nigeria",,"SRR5513559","SAMN05960930","PRJNA351846"
"dzY5QotexRbxt2v6A8kejo","SAMEA5753370","Supported","Passed","N/A","Klebsiella pneumoniae","573","2016","SN - Senegal",,"ERR3416324","SAMEA5753370","PRJEB29143"
"iby3wEYc9KeyTJd87zTnVv","SAMN31892434","Supported","Passed","v1","Klebsiella pneumoniae","573","2022","GH - Ghana",,"SRR37646311","SAMN31892434","PRJNA906096"
"wUVBBmrNkX5ZbJQDo53r4F","SAMEA6155840","Supported","Passed","N/A","Klebsiella pneumoniae","573","2017-10-28","NG - Nigeria","pmid:34850837","ERR4782981","SAMEA6155840","PRJEB29739"
"xnrt1fvSQyjy6gwiDTPA2u","SAMEA115925718","Supported","Passed","v1","Klebsiella pneumoniae","573","2020-08-30","SN - Senegal",,"ERR13492067","SAMEA115925718","PRJEB78995"
"wBsYnQ5pxWiCw9S5y5GFKb","SAMEA111505131","Supported","Passed","N/A","Klebsiella pneumoniae","573","2020-11-04","NG - Nigeria",,"ERR10438935","SAMEA111505131","PRJEB56918"
"iry46BEny3LZM3U4XPWx8a","SAMEA5753334","Supported","Passed","N/A","Klebsiella pneumoniae","573","2016","SN - Senegal",,"ERR3416350","SAMEA5753334","PRJEB29143"
"7j2nkQAgfkTrfc46osTtuW","SAMEA5753351","Supported","Passed","N/A","Klebsiella pneumoniae","573","2016","SN - Senegal",,"ERR3416303","SAMEA5753351","PRJEB29143"
"9ZPqEpyvM7PSSoLwHHc7rT","SAMN36884889","Supported","Passed","N/A","Klebsiella pneumoniae","573","2016-03-01","GH - Ghana",,"SRR25565293","SAMN36884889","PRJNA473419"
"eCM2uKJm1Rvj2HdoVyeWSW","SAMEA5753719","Supported","Passed","N/A","Klebsiella pneumoniae","573","2016","SN - Senegal",,"ERR3416274","SAMEA5753719","PRJEB29143"
"oPJnj2ekm9kUCNXgLdtzbP","SAMEA6155803","Supported","Passed","N/A","Klebsiella pneumoniae","573","","NG - Nigeria","pmid:34850837","ERR4783305","SAMEA6155803","PRJEB29739"
"tsvXV4uJf6PCRLXXJqesZr","SAMEA5753328","Supported","Passed","N/A","Klebsiella pneumoniae","573","2016","SN - Senegal",,"ERR3416342","SAMEA5753328","PRJEB29143"
"21ZLrXeeHyHuywWtJokdwu","SAMEA6155791","Supported","Passed","N/A","Klebsiella pneumoniae","573","2018-02-17","NG - Nigeria","pmid:34850837","ERR4783265","SAMEA6155791","PRJEB29739"
"wEaCTewaPHHud6H82H5S4P","SAMN36884893","Supported","Passed","N/A","Klebsiella pneumoniae","573","2015-04-01","GH - Ghana",,"SRR25565288","SAMN36884893","PRJNA473419"
"rq2cfjS6BAaV3WXFujUqVi","SAMEA4785008","Supported","Passed","N/A","Klebsiella pneumoniae","573","2017","NG - Nigeria",,"ERR2695858","SAMEA4785008","PRJEB27707"
"fvPvDLDTbv9MXXid3Zwz1i","SAMEA7472433","Supported","Failed","N/A","Klebsiella pneumoniae","573","2016-05","NG - Nigeria","pmid:33782558","ERR4920509","SAMEA7472433","PRJEB33565"
"aamPQGKaDvqCKgnosBKWZM","SAMN05960918","Supported","Passed","N/A","Klebsiella pneumoniae","573","2013-08-05","NG - Nigeria",,"SRR5513534","SAMN05960918","PRJNA351846"
"oKpzouhqV9EMw2cBQFoTea","SAMEA6155795","Supported","Passed","N/A","Klebsiella pneumoniae","573","2018-01-21","NG - Nigeria","pmid:34850837","ERR4783257","SAMEA6155795","PRJEB29739"
"6UmGxRCHX4KJH5mnLTkHCQ","SAMEA7472481","Supported","Passed","N/A","Klebsiella pneumoniae","573","2016-05","NG - Nigeria","pmid:33782558","ERR4920529","SAMEA7472481","PRJEB33565"
"4h4NT5tASN8UP1dyqRDtMQ","SAMEA5753728","Supported","Passed","N/A","Klebsiella pneumoniae","573","2016","SN - Senegal",,"ERR3416284","SAMEA5753728","PRJEB29143"
"pbakVCetQtCKuteTnFQt5f","SAMEA5753711","Supported","Passed","N/A","Klebsiella pneumoniae","573","2016","SN - Senegal",,"ERR3416266","SAMEA5753711","PRJEB29143"
"iMG8H4Co69RHQYk1sNSRfJ","SAMEA7472446","Supported","Passed","N/A","Klebsiella pneumoniae","573","2016-05","NG - Nigeria","pmid:33782558","ERR4920515","SAMEA7472446","PRJEB33565"
"kwFfuopSUkAHHfF5viRbLn","SAMEA5753784","Supported","Passed","N/A","Klebsiella pneumoniae","573","2016","SN - Senegal",,"ERR3416359","SAMEA5753784","PRJEB29143"
"nKztEJxaQRFH8q7CjZuMPR","SAMEA112281695","Supported","Passed","N/A","Klebsiella pneumoniae","573","2019","GH - Ghana",,"ERR10738444","SAMEA112281695","PRJEB58695"
"mqJ6wVvYaSXMY6adcBANCp","SAMEA112281698","Supported","Failed","N/A","Klebsiella pneumoniae","573","2019","GH - Ghana",,"ERR10741147","SAMEA112281698","PRJEB58695"
"pxzvtyf3M2fbPCQVXbFgtW","SAMEA5753750","Supported","Passed","N/A","Klebsiella pneumoniae","573","2016","SN - Senegal",,"ERR3416310","SAMEA5753750","PRJEB29143"
"bbHjmhHU6Pj3HNf8irc8vE","SAMEA112622403","Supported","Passed","N/A","Klebsiella pneumoniae","573","2020","CM - Cameroon",,"ERR10863349","SAMEA112622403","PRJEB58695"
"odMkneuyvBekXi3t5gd65n","SAMEA6654242","Supported","Passed","N/A","Klebsiella pneumoniae","573","2017-09-21","GH - Ghana",,"ERR4008042","SAMEA6654242","PRJEB37523"
"g8rdjWUAm2LL6rJJG5ZTf3","SAMN05960935","Supported","Passed","N/A","Klebsiella pneumoniae","573","2016-04-25","NG - Nigeria",,"SRR5513562","SAMN05960935","PRJNA351846"
"in1AN9CPk4tMGdvygfSXWw","SAMEA5753761","Supported","Passed","N/A","Klebsiella pneumoniae","573","2016","SN - Senegal",,"ERR3416325","SAMEA5753761","PRJEB29143"
"9pTFk2Q553efjZBE6rP2iq","SAMN41988742","Supported","Passed","v1","Klebsiella pneumoniae","573","2022","GH - Ghana",,"SRR29541094","SAMN41988742","PRJNA1126843"
"1giVL9n6jnoY6zzeySmeSr","SAMEA112281699","Supported","Passed","N/A","Klebsiella pneumoniae","573","2019","GH - Ghana",,"ERR10862826","SAMEA112281699","PRJEB58695"
"3Y7gynbx2o4aKcDkKys25x","SAMEA111505113","Supported","Passed","N/A","Klebsiella pneumoniae","573","2020-04-15","NG - Nigeria",,"ERR10438910","SAMEA111505113","PRJEB56918"
"rvmkKyu1SvuhNSPf1h2J5m","SAMN05960901","Supported","Passed","N/A","Klebsiella pneumoniae","573","2015-02-16","NG - Nigeria",,"SRR5513509","SAMN05960901","PRJNA351846"
"7WnDm43QrjNec8vtWHPf7M","SAMN05960913","Supported","Passed","N/A","Klebsiella pneumoniae","573","2013-02-25","NG - Nigeria",,"SRR5687278","SAMN05960913","PRJNA351846"
"4mp1yaqsPNm9uZkL9czRdK","SAMEA7472458","Supported","Passed","N/A","Klebsiella pneumoniae","573","2016-05","NG - Nigeria","pmid:33782558","ERR4920517","SAMEA7472458","PRJEB33565"
"oB4cB8RSV8ofjFjJBLLXVj","SAMEA6155827","Supported","Passed","N/A","Klebsiella pneumoniae","573","2018-02-22","NG - Nigeria","pmid:34850837","ERR4783342","SAMEA6155827","PRJEB29739"
"hdJoa1YA1B7mvkzuzMLcYi","SAMEA6155799","Supported","Passed","N/A","Klebsiella pneumoniae","573","","NG - Nigeria","pmid:34850837","ERR4783297","SAMEA6155799","PRJEB29739"
"henhQq47DRAjYrmkCVsKCV","SAMN05960970","Supported","Passed","N/A","Klebsiella pneumoniae","573","2013-05-01","NG - Nigeria",,"SRR5514226","SAMN05960970","PRJNA351846"
"uhxVFMVtnDEK915m5ssmj8","SAMEA5753800","Supported","Passed","N/A","Klebsiella pneumoniae","573","2016","SN - Senegal",,"ERR3416401","SAMEA5753800","PRJEB29143"
"iMLULs49BoiE2u7Tx6voK5","SAMEA5753795","Supported","Passed","N/A","Klebsiella pneumoniae","573","2016","SN - Senegal",,"ERR3416395","SAMEA5753795","PRJEB29143"
"mVQsapn1bgGpHbYNDGgQ2F","SAMN05960889","Supported","Passed","N/A","Klebsiella pneumoniae","573","2010-08-07","NG - Nigeria",,"SRR5514207","SAMN05960889","PRJNA351846"
"rQAC9uaqCQymXUxiu4nCbw","SAMEA5753737","Supported","Passed","N/A","Klebsiella pneumoniae","573","2016","SN - Senegal",,"ERR3416293","SAMEA5753737","PRJEB29143"
"7K7X7kT9JLVHLYBf49wCrZ","SAMN41988745","Supported","Passed","v1","Klebsiella pneumoniae","573","2022","GH - Ghana",,"SRR29541159","SAMN41988745","PRJNA1126843"
"gLNzBYyV8st6sWjPyPhU9a","SAMEA112281694","Supported","Passed","N/A","Klebsiella pneumoniae","573","2019","GH - Ghana",,"ERR10738238","SAMEA112281694","PRJEB58695"
"n88HMJpDkkCZSdT8jyMHPv","SAMEA6155881","Supported","Passed","N/A","Klebsiella pneumoniae","573","2017-04-03","NG - Nigeria","pmid:34850837","ERR4783404","SAMEA6155881","PRJEB29739"
"sqcCF27u2Jk2Ts9AhftTbT","SAMEA6422763","Supported","Passed","N/A","Klebsiella pneumoniae","573","2017","NG - Nigeria","pmid:34850837","ERR4783506","SAMEA6422763","PRJEB29739"
"aHCoEKTpfBd4z7hFqkjynA","SAMEA5753744","Supported","Passed","N/A","Klebsiella pneumoniae","573","2016","SN - Senegal",,"ERR3416301","SAMEA5753744","PRJEB29143"
"a3jRseYa9Hb5Bmt2GmFMww","SAMEA5753791","Supported","Passed","N/A","Klebsiella pneumoniae","573","2016","SN - Senegal",,"ERR3416366","SAMEA5753791","PRJEB29143"
"rD3YSY9RHtK82EVsqADyd3","SAMEA111505124","Supported","Passed","N/A","Klebsiella pneumoniae","573","2020-10-28","NG - Nigeria",,"ERR10438922","SAMEA111505124","PRJEB56918"
"vwqte6pbD3kh7mfEzLFxWh","SAMN05960964","Supported","Passed","N/A","Klebsiella pneumoniae","573","2016-05-17","NG - Nigeria",,"SRR5513576","SAMN05960964","PRJNA351846"
"vD7DP7MSiKLCFChzFi9k4d","SAMEA115925709","Supported","Passed","v1","Klebsiella pneumoniae","573","2018-08-30","SN - Senegal",,"ERR13492058","SAMEA115925709","PRJEB78995"
"rws57o7sLQkpt9evDWMvdv","SAMEA5753743","Supported","Passed","N/A","Klebsiella pneumoniae","573","2016","SN - Senegal",,"ERR3416300","SAMEA5753743","PRJEB29143"
"6osF4xvGWgnyHoxMuxoDon","SAMEA6654245","Supported","Passed","N/A","Klebsiella pneumoniae","573","2018-01-19","GH - Ghana",,"ERR4008045","SAMEA6654245","PRJEB37523"
"kmLw1MA31sJ5vV4LmNnd97","SAMEA111504610","Supported","Passed","N/A","Klebsiella pneumoniae","573","2020-03-17","GH - Ghana",,"ERR10438028","SAMEA111504610","PRJEB56918"
"kYpJkJhU9K19EBkXL3AknW","SAMEA7472472","Supported","Passed","N/A","Klebsiella pneumoniae","573","2016-05","NG - Nigeria","pmid:33782558","ERR4920524","SAMEA7472472","PRJEB33565"
"nanSgc31C6YiaJwjhG7znD","SAMEA6155802","Supported","Passed","N/A","Klebsiella pneumoniae","573","2018-03-15","NG - Nigeria","pmid:34850837","ERR4783270","SAMEA6155802","PRJEB29739"
"dWYEoHDKeqzX8wfTZUcQgU","SAMEA5753709","Supported","Passed","N/A","Klebsiella pneumoniae","573","2016","SN - Senegal",,"ERR3416264","SAMEA5753709","PRJEB29143"
"oDFqoJXXZ81zPqaoNhVE5T","SAMEA6654246","Supported","Passed","N/A","Klebsiella pneumoniae","573","2017-09-21","GH - Ghana",,"ERR4008046","SAMEA6654246","PRJEB37523"
"38EhiTUsV53CgpEmxhMfb3","SAMEA5753740","Supported","Passed","N/A","Klebsiella pneumoniae","573","2016","SN - Senegal",,"ERR3416297","SAMEA5753740","PRJEB29143"
"g81Vzmtwb5xGbWJGsihxa8","SAMEA5753427","Supported","Passed","N/A","Klebsiella pneumoniae","573","2016","SN - Senegal",,"ERR3416407","SAMEA5753427","PRJEB29143"
"wKyxRrzd6s8XXDwpq4f6Ue","SAMEA5753776","Supported","Passed","N/A","Klebsiella pneumoniae","573","2016","SN - Senegal",,"ERR3416351","SAMEA5753776","PRJEB29143"
"5HDYNgA78QsL5YqK9KNQfa","SAMEA6654234","Supported","Passed","N/A","Klebsiella pneumoniae","573","2017-09-21","GH - Ghana",,"ERR4008034","SAMEA6654234","PRJEB37523"
"wozRdyq36eTDcd11qo7qFd","SAMEA5753717","Supported","Passed","N/A","Klebsiella pneumoniae","573","2016","SN - Senegal",,"ERR3416272","SAMEA5753717","PRJEB29143"
"jTfSN5GgDbYyf6cCjXrfc9","SAMEA6155804","Supported","Passed","N/A","Klebsiella pneumoniae","573","","NG - Nigeria","pmid:34850837","ERR4783271","SAMEA6155804","PRJEB29739"
"vc96La2inKC8EGjWVdn1JA","SAMN05960953","Supported","Passed","N/A","Klebsiella pneumoniae","573","2016-03-08","NG - Nigeria",,"SRR5513477","SAMN05960953","PRJNA351846"
"gYuyXa9wDFdJ7wYo5JU7W7","SAMN46427850","Supported","Passed","v1","Klebsiella pneumoniae","573","2015-06-06","NG - Nigeria",,"SRR32137955","SAMN46427850","PRJNA800729"
"rH4HKQKMAjf9Xmi4wyu5E7","SAMEA5753745","Supported","Passed","N/A","Klebsiella pneumoniae","573","2016","SN - Senegal",,"ERR3416302","SAMEA5753745","PRJEB29143"
"hS3E85jgMkxLjxWH5aZooS","SAMEA6155861","Supported","Passed","N/A","Klebsiella pneumoniae","573","","NG - Nigeria","pmid:34850837","ERR4783384","SAMEA6155861","PRJEB29739"
"xjLQK2fYg9Ukdtozg4Sp7F","SAMEA5753316","Supported","Passed","N/A","Klebsiella pneumoniae","573","2016","SN - Senegal",,"ERR3416251","SAMEA5753316","PRJEB29143"
"3AYPL1eoPCAFhjikjJtcNG","SAMEA5753393","Supported","Passed","N/A","Klebsiella pneumoniae","573","2016","SN - Senegal",,"ERR3416321","SAMEA5753393","PRJEB29143"
"8ybhuB6zFo6L8KJnHV6bzJ","SAMEA7472487","Supported","Passed","N/A","Klebsiella pneumoniae","573","2016-05","NG - Nigeria","pmid:33782558","ERR4920530","SAMEA7472487","PRJEB33565"
"5DPLDNgVqAUYMxUBNnpX8d","SAMEA7472498","Supported","Passed","N/A","Klebsiella pneumoniae","573","2016-05","NG - Nigeria","pmid:33782558","ERR4920536","SAMEA7472498","PRJEB33565"
"dsDG3ZSWiJrxk62Cu9pfMV","SAMEA115925711","Supported","Passed","v1","Klebsiella pneumoniae","573","2020-08-30","SN - Senegal",,"ERR13492060","SAMEA115925711","PRJEB78995"
"9WgXfV9ohbX114RJ1XEZYn","SAMEA6156049","Supported","Passed","N/A","Klebsiella pneumoniae","573","2017-10-06","NG - Nigeria","pmid:34850837","ERR4783467","SAMEA6156049","PRJEB29739"
"mK9drvor3FCJz3m45cgZ9F","SAMEA111504599","Supported","Passed","N/A","Klebsiella pneumoniae","573","2020-03-03","GH - Ghana",,"ERR10438005","SAMEA111504599","PRJEB56918"
"1dD6dr1Xx318F5sMym8mPK","SAMEA6155841","Supported","Passed","N/A","Klebsiella pneumoniae","573","2017-01-07","NG - Nigeria","pmid:34850837","ERR4782987","SAMEA6155841","PRJEB29739"
"c7BPuXQTy5V3bPRc263poc","SAMEA6155775","Supported","Passed","N/A","Klebsiella pneumoniae","573","2017-06-15","NG - Nigeria","pmid:34850837","ERR4783241","SAMEA6155775","PRJEB29739"
"eMHFZzFv6jFJNsLQGdPAph","SAMEA6422742","Supported","Passed","N/A","Klebsiella pneumoniae","573","","NG - Nigeria","pmid:34850837","ERR4783516","SAMEA6422742","PRJEB29739"
"vMANRNokQGFTwxTbb1sDjg","SAMEA6155848","Supported","Passed","N/A","Klebsiella pneumoniae","573","2017-01-07","NG - Nigeria","pmid:34850837","ERR4783364","SAMEA6155848","PRJEB29739"
"tKWU41iH2r9hDFNqMo9xbA","SAMEA7472416","Supported","Passed","N/A","Klebsiella pneumoniae","573","2016-05","NG - Nigeria","pmid:33782558","ERR4920505","SAMEA7472416","PRJEB33565"
"2y22DkeAoh6baAXP63VZ73","SAMEA6654215","Supported","Passed","N/A","Klebsiella pneumoniae","573","2018-07-13","GH - Ghana",,"ERR4008015","SAMEA6654215","PRJEB37523"
"a6jMNgedDsnr896tvEX8rG","SAMEA6155884","Supported","Passed","N/A","Klebsiella pneumoniae","573","2018-12-03","NG - Nigeria","pmid:34850837","ERR4783050","SAMEA6155884","PRJEB29739"
"js2XkEcLLtJFqcTM647gMS","SAMN05960910","Supported","Passed","N/A","Klebsiella pneumoniae","573","2012-08-08","NG - Nigeria",,"SRR5513536","SAMN05960910","PRJNA351846"
"dY98fxa1J8N6hj2A3dZSW1","SAMEA6155849","Supported","Passed","N/A","Klebsiella pneumoniae","573","2017-01-19","NG - Nigeria","pmid:34850837","ERR4783366","SAMEA6155849","PRJEB29739"
"i9Zyqzf9zeWVTVeChLW2gK","SAMEA6155846","Supported","Passed","N/A","Klebsiella pneumoniae","573","2017-03-05","NG - Nigeria","pmid:34850837","ERR4783484","SAMEA6155846","PRJEB29739"
"r3dEtv2UKyaUSEhVKQAE3a","SAMN05960969","Supported","Passed","N/A","Klebsiella pneumoniae","573","2013-04-01","NG - Nigeria",,"SRR5514223","SAMN05960969","PRJNA351846"
"avsR3aoHWpKrxHtbuQJNE3","SAMN31892432","Supported","Passed","v1","Klebsiella pneumoniae","573","2022","GH - Ghana",,"SRR37646309","SAMN31892432","PRJNA906096"
"fkfw6v8V5L9fpaVQcDcdgq","SAMN05960911","Supported","Passed","N/A","Klebsiella pneumoniae","573","2012-08-22","NG - Nigeria",,"SRR5513537","SAMN05960911","PRJNA351846"
"nBu5iKHZw6KcKiVff7Mo42","SAMEA111505138","Supported","Passed","N/A","Klebsiella pneumoniae","573","2020-11-09","NG - Nigeria",,"ERR10438953","SAMEA111505138","PRJEB56918"
"pUYpyHTa6mLcXXTvmu17cj","SAMEA111504605","Supported","Passed","N/A","Klebsiella pneumoniae","573","2020-03-10","GH - Ghana",,"ERR10438023","SAMEA111504605","PRJEB56918"
"3u2M4bP8E8FEtts9NL8zwh","SAMN05960876","Supported","Passed","N/A","Klebsiella pneumoniae","573","2009-05-14","NG - Nigeria",,"SRR5514215","SAMN05960876","PRJNA351846"
"1iGatNMGEwozrc3CjTqTTQ","SAMEA6155774","Supported","Passed","N/A","Klebsiella pneumoniae","573","2018-02-13","NG - Nigeria","pmid:34850837","ERR4783227","SAMEA6155774","PRJEB29739"
"8FYWd8LThvZ9Y6Zyieybuu","SAMEA111504601","Supported","Passed","N/A","Klebsiella pneumoniae","573","2020-03-04","GH - Ghana",,"ERR10438017","SAMEA111504601","PRJEB56918"
"bBHa1P5WFEGbN4QvntczMf","SAMN45807626","Supported","Passed","v1","Klebsiella pneumoniae","573","2015-06-06","NG - Nigeria",,"SRR31698792","SAMN45807626","PRJNA800729"
"8vAtrMRq8rShG8498C3APo","SAMEA6155868","Supported","Passed","N/A","Klebsiella pneumoniae","573","2017-02-25","NG - Nigeria","pmid:34850837","ERR4783392","SAMEA6155868","PRJEB29739"
"rw2FnQ9Nw47SuVPECecaxS","SAMEA7472493","Supported","Passed","N/A","Klebsiella pneumoniae","573","2016-05","NG - Nigeria","pmid:33782558","ERR4920535","SAMEA7472493","PRJEB33565"
"bDNoj7CmbDi3YdUm9rnnHv","SAMEA6654226","Supported","Passed","N/A","Klebsiella pneumoniae","573","2018-12-29","GH - Ghana",,"ERR4008026","SAMEA6654226","PRJEB37523"
"gQ4RZhU2Fq2NHHHt1X3xxs","SAMEA7472506","Supported","Passed","N/A","Klebsiella pneumoniae","573","2016-05","NG - Nigeria","pmid:33782558","ERR4920540","SAMEA7472506","PRJEB33565"
"tSegnv1aExMCpKgLcipTWc","SAMEA6155873","Supported","Passed","N/A","Klebsiella pneumoniae","573","","NG - Nigeria","pmid:34850837","ERR4783395","SAMEA6155873","PRJEB29739"
"cZL9YucYxMRgRYSKqHAkf9","SAMN05960900","Supported","Passed","N/A","Klebsiella pneumoniae","573","2014-10-21","NG - Nigeria",,"SRR5513512","SAMN05960900","PRJNA351846"
"oHcLQJA47C4uM2MstCcNZs","SAMN36884873","Supported","Passed","N/A","Klebsiella pneumoniae","573","2016-03-01","GH - Ghana",,"SRR25565291","SAMN36884873","PRJNA473419"
"p1V1vBbEzcSCkdctSoxGvv","SAMN31892431","Supported","Passed","v1","Klebsiella pneumoniae","573","2022","GH - Ghana",,"SRR37646308","SAMN31892431","PRJNA906096"
"7a1ykxskJv1qapxJNywMed","SAMN05960891","Supported","Passed","N/A","Klebsiella pneumoniae","573","2011-04-05","NG - Nigeria",,"SRR5514205","SAMN05960891","PRJNA351846"
"mEG2yitB17xAx7RyB2TzFe","SAMEA5753785","Supported","Passed","N/A","Klebsiella pneumoniae","573","2016","SN - Senegal",,"ERR3416360","SAMEA5753785","PRJEB29143"
"n2CUoGTd9tVyrfiBT4ETed","SAMEA112281696","Supported","Passed","N/A","Klebsiella pneumoniae","573","2019","GH - Ghana",,"ERR10738248","SAMEA112281696","PRJEB58695"
"6aL7vq4KJdTV79PSuj1GVz","SAMEA5753751","Supported","Passed","N/A","Klebsiella pneumoniae","573","2016","SN - Senegal",,"ERR3416311","SAMEA5753751","PRJEB29143"
"rxVfJKht4cLS5bLKSJDCKR","SAMEA6654237","Supported","Passed","N/A","Klebsiella pneumoniae","573","2017-09-21","GH - Ghana",,"ERR4008037","SAMEA6654237","PRJEB37523"
"jvQjgseJhm24Wn9LABXPvi","SAMN05960880","Supported","Passed","N/A","Klebsiella pneumoniae","573","2013-03-21","NG - Nigeria",,"SRR5514222","SAMN05960880","PRJNA351846"
"ddfGdB7UXRCGALkKxmFaLN","SAMEA6155864","Supported","Passed","N/A","Klebsiella pneumoniae","573","2017-10-26","NG - Nigeria","pmid:34850837","ERR4783042","SAMEA6155864","PRJEB29739"
"hcU92hFmNNiurjLw162jVV","SAMEA5753742","Supported","Passed","N/A","Klebsiella pneumoniae","573","2016","SN - Senegal",,"ERR3416299","SAMEA5753742","PRJEB29143"
"9JRe5HbixsAja9CCPWngkQ","SAMN05960926","Supported","Passed","N/A","Klebsiella pneumoniae","573","2014-10-28","NG - Nigeria",,"SRR5513554","SAMN05960926","PRJNA351846"
"tezudZ1n1Gw9XUJ9TSWAi3","SAMN36884880","Supported","Passed","N/A","Klebsiella pneumoniae","573","2016-04-01","GH - Ghana",,"SRR25565279","SAMN36884880","PRJNA473419"
"fBGYQSGSRgUXkxAfUzEgjM","SAMN05960922","Supported","Passed","N/A","Klebsiella pneumoniae","573","2014-03-17","NG - Nigeria",,"SRR5513550","SAMN05960922","PRJNA351846"
"nM1MnsiU3sBdJUL3nWp3ka","SAMEA115925725","Supported","Passed","v1","Klebsiella pneumoniae","573","2021-08-30","SN - Senegal",,"ERR13492074","SAMEA115925725","PRJEB78995"
"2BhSj3cMz4594YSASwtxkL","SAMN05960890","Supported","Passed","N/A","Klebsiella pneumoniae","573","2010-08-30","NG - Nigeria",,"SRR5514206","SAMN05960890","PRJNA351846"
"faypdcoEdQ83fxa2afSAzK","SAMEA5753788","Supported","Passed","N/A","Klebsiella pneumoniae","573","2016","SN - Senegal",,"ERR3416363","SAMEA5753788","PRJEB29143"
"ejSuDDKNELtXastMKdP4Gn","SAMN36943785","Supported","Passed","N/A","Klebsiella pneumoniae","573","2022-06-06","NG - Nigeria",,"SRR25609399","SAMN36943785","PRJNA800729"
"e5mdCN625ogAAYe5GmcRV7","SAMEA6155820","Supported","Passed","N/A","Klebsiella pneumoniae","573","2017-10-14","NG - Nigeria","pmid:34850837","ERR4783326","SAMEA6155820","PRJEB29739"
"pgkxyugKU2zuw5sikZPgng","SAMEA5753438","Supported","Passed","N/A","Klebsiella pneumoniae","573","2016","SN - Senegal",,"ERR3416258","SAMEA5753438","PRJEB29143"
"xgpU71frMpZk9hN4NX7dRs","SAMEA6155823","Supported","Passed","N/A","Klebsiella pneumoniae","573","2018-04-03","NG - Nigeria","pmid:34850837","ERR4783334","SAMEA6155823","PRJEB29739"
"jHHRPhXLii1thENvb2beLw","SAMEA6155815","Supported","Passed","N/A","Klebsiella pneumoniae","573","2017-01-29","NG - Nigeria","pmid:34850837","ERR4783318","SAMEA6155815","PRJEB29739"
"eg8oUWgBXJvf811JNgE1hX","SAMEA5753414","Supported","Passed","N/A","Klebsiella pneumoniae","573","2016","SN - Senegal",,"ERR3416260","SAMEA5753414","PRJEB29143"
"sEcKy31N8HPrfyASy8cmMa","SAMEA6654248","Supported","Passed","N/A","Klebsiella pneumoniae","573","2017-09-21","GH - Ghana",,"ERR4008048","SAMEA6654248","PRJEB37523"
"9Uhc2FSEo32fmMFRJYhcUU","SAMEA7472465","Supported","Passed","N/A","Klebsiella pneumoniae","573","2016-05","NG - Nigeria","pmid:33782558","ERR4920520","SAMEA7472465","PRJEB33565"
"tnDHfYfwy9D5yExRP7cXYM","SAMEA6155776","Supported","Passed","N/A","Klebsiella pneumoniae","573","","NG - Nigeria","pmid:34850837","ERR4783234","SAMEA6155776","PRJEB29739"
"hW2fuA7K2os5f23Tb3Me4V","SAMEA6155810","Supported","Passed","N/A","Klebsiella pneumoniae","573","","NG - Nigeria","pmid:34850837","ERR4783298","SAMEA6155810","PRJEB29739"
"8NV8QKADQ1BfixSmgJy7Uc","SAMN05960944","Supported","Passed","N/A","Klebsiella pneumoniae","573","2016-08-01","NG - Nigeria",,"SRR5513569","SAMN05960944","PRJNA351846"
"jBWJnZFCPoUasGYswoHSLE","SAMEA6155879","Supported","Passed","N/A","Klebsiella pneumoniae","573","2017-04-03","NG - Nigeria","pmid:34850837","ERR4783402","SAMEA6155879","PRJEB29739"
"46UxQkGvaUxFbWw1rB64GG","SAMEA8515152","Supported","Passed","N/A","Klebsiella pneumoniae","573","2016-05-01","NG - Nigeria",,"ERR5685447","SAMEA8515152","PRJEB39293"
"uvEkq8mRRQPLumxuH3dDwK","SAMEA7472478","Supported","Passed","N/A","Klebsiella pneumoniae","573","2016-05","NG - Nigeria","pmid:33782558","ERR4920528","SAMEA7472478","PRJEB33565"
"58aMnX4kKX9ABNVDDPNY9Z","SAMEA5753415","Supported","Passed","N/A","Klebsiella pneumoniae","573","2016","SN - Senegal",,"ERR3416331","SAMEA5753415","PRJEB29143"
"wWnFWWZgQSRdZXLHG7jxP7","SAMN05960892","Supported","Passed","N/A","Klebsiella pneumoniae","573","2011-05-18","NG - Nigeria",,"SRR5514208","SAMN05960892","PRJNA351846"
"bquu8zBfyYvHZZL78qD6tj","SAMN05960941","Supported","Passed","N/A","Klebsiella pneumoniae","573","2016-07-25","NG - Nigeria",,"SRR5513563","SAMN05960941","PRJNA351846"
"8VXzR8XaRRP1JhFB24qeEc","SAMEA111505120","Supported","Passed","N/A","Klebsiella pneumoniae","573","2020-04-24","NG - Nigeria",,"ERR10438918","SAMEA111505120","PRJEB56918"
"kqeLJxAzwr882v6QkeP2k1","SAMN05960878","Supported","Passed","N/A","Klebsiella pneumoniae","573","2009-06-25","NG - Nigeria",,"SRR5514219","SAMN05960878","PRJNA351846"
"w5D7sGqDTbHY3uzAgdVS9g","SAMEA6155850","Supported","Passed","N/A","Klebsiella pneumoniae","573","2017-10-14","NG - Nigeria","pmid:34850837","ERR4783368","SAMEA6155850","PRJEB29739"
"dsMn34yULN54GxBEgXT361","SAMEA6155856","Supported","Passed","N/A","Klebsiella pneumoniae","573","2018-01-23","NG - Nigeria","pmid:34850837","ERR4783001","SAMEA6155856","PRJEB29739"
"aHQ3Jixe7VnXW3ieupEnPf","SAMEA7472398","Supported","Passed","N/A","Klebsiella pneumoniae","573","2016-05","NG - Nigeria","pmid:33782558","ERR4920501","SAMEA7472398","PRJEB33565"
"x3LoLQefs6Bsf7wC8SHqPC","SAMEA6422781","Supported","Passed","N/A","Klebsiella pneumoniae","573","","NG - Nigeria","pmid:34850837","ERR4783580","SAMEA6422781","PRJEB29739"
"uE5yuLRjxRh8HEaZzJ8qyu","SAMEA115925724","Supported","Passed","v1","Klebsiella pneumoniae","573","2021-08-30","SN - Senegal",,"ERR13492073","SAMEA115925724","PRJEB78995"
"spa5BonHmewtQxFfRGzo3Z","SAMEA7472502","Supported","Passed","N/A","Klebsiella pneumoniae","573","2016-05","NG - Nigeria","pmid:33782558","ERR4920537","SAMEA7472502","PRJEB33565"
"9sE5qy5xqsGY2xaodzMopi","SAMEA6155839","Supported","Passed","N/A","Klebsiella pneumoniae","573","2017-11-30","NG - Nigeria","pmid:34850837","ERR4782979","SAMEA6155839","PRJEB29739"
"3AJK3c5jFBmgxDy2gChsW6","SAMEA111505141","Supported","Passed","N/A","Klebsiella pneumoniae","573","2021-02-19","NG - Nigeria",,"ERR10438956","SAMEA111505141","PRJEB56918"
"bzCc3Xerf8PwGcW2vKZFtx","SAMEA6155797","Supported","Passed","N/A","Klebsiella pneumoniae","573","2018-02-20","NG - Nigeria","pmid:34850837","ERR4783288","SAMEA6155797","PRJEB29739"
"pDiV8Gt7SwFFgreytfi7Hs","SAMN05960927","Supported","Passed","N/A","Klebsiella pneumoniae","573","2014-11-12","NG - Nigeria",,"SRR5513556","SAMN05960927","PRJNA351846"
"azq911uyDWwcXBStdjpCVW","SAMEA6155880","Supported","Passed","N/A","Klebsiella pneumoniae","573","2018-01-21","NG - Nigeria","pmid:34850837","ERR4783376","SAMEA6155880","PRJEB29739"
"xguuWbXG7xoxRmrunrFe1U","SAMN05960871","Supported","Passed","N/A","Klebsiella pneumoniae","573","2009-03-18","NG - Nigeria",,"SRR5514212","SAMN05960871","PRJNA351846"
"xaMyne9sa6U6DnZNNRE8F6","SAMEA6654227","Supported","Passed","N/A","Klebsiella pneumoniae","573","2019-01-20","GH - Ghana",,"ERR4008027","SAMEA6654227","PRJEB37523"
"d7R2MQLB35hj2Ej9upd6M1","SAMEA112622402","Supported","Failed","N/A","Klebsiella pneumoniae","573","2020","CM - Cameroon",,"ERR10863348","SAMEA112622402","PRJEB58695"
"i3xxvB6hAz3pnsd5StVfSj","SAMEA5753760","Supported","Passed","N/A","Klebsiella pneumoniae","573","2016","SN - Senegal",,"ERR3416322","SAMEA5753760","PRJEB29143"
"dJStMMFAC2bmA8Scq4nvtK","SAMEA5753329","Supported","Passed","N/A","Klebsiella pneumoniae","573","2016","SN - Senegal",,"ERR3416398","SAMEA5753329","PRJEB29143"
"wT6WCsfjiMQNCCZwBv3VpS","SAMEA5753749","Supported","Passed","N/A","Klebsiella pneumoniae","573","2016","SN - Senegal",,"ERR3416309","SAMEA5753749","PRJEB29143"
"7aR3p2hMP7yySU3AEsfjTf","SAMEA6155801","Supported","Passed","N/A","Klebsiella pneumoniae","573","","NG - Nigeria","pmid:34850837","ERR4783302","SAMEA6155801","PRJEB29739"
"6oNoQHjmb7nLnwfFmS5698","SAMEA5753799","Supported","Passed","N/A","Klebsiella pneumoniae","573","2016","SN - Senegal",,"ERR3416400","SAMEA5753799","PRJEB29143"
"j65sj7HHAym69X7cTXkdAB","SAMEA5753705","Supported","Passed","N/A","Klebsiella pneumoniae","573","2016","SN - Senegal",,"ERR3416256","SAMEA5753705","PRJEB29143"
"e2FN2dMA7TPmZQ8fRP7V1j","SAMN05960919","Supported","Passed","N/A","Klebsiella pneumoniae","573","2013-08-13","NG - Nigeria",,"SRR5513533","SAMN05960919","PRJNA351846"
"iNE6FvQH4fXR8XwrPTUzfh","SAMEA7472429","Supported","Passed","N/A","Klebsiella pneumoniae","573","2016-05","NG - Nigeria","pmid:33782558","ERR4920507","SAMEA7472429","PRJEB33565"
